ISO-10303-21;
HEADER;
/* Generated by software containing ST-Developer
 * from STEP Tools, Inc. (www.steptools.com) 
 */

FILE_DESCRIPTION(
/* description */ (''),
/* implementation_level */ '2;1');

FILE_NAME(
/* name */ 'top.step',
/* time_stamp */ '2026-05-17T00:34:03+03:00',
/* author */ (''),
/* organization */ (''),
/* preprocessor_version */ 'ST-DEVELOPER v20.1',
/* originating_system */ 'Autodesk Translation Framework v15.8.0.0',
/* authorisation */ '');

FILE_SCHEMA (('AUTOMOTIVE_DESIGN { 1 0 10303 214 3 1 1 }'));
ENDSEC;

DATA;
#10=MECHANICAL_DESIGN_GEOMETRIC_PRESENTATION_REPRESENTATION('',(#17),#9828);
#11=ITEM_DEFINED_TRANSFORMATION($,$,#5942,#6451);
#12=(
REPRESENTATION_RELATIONSHIP($,$,#9839,#9838)
REPRESENTATION_RELATIONSHIP_WITH_TRANSFORMATION(#11)
SHAPE_REPRESENTATION_RELATIONSHIP()
);
#13=CONTEXT_DEPENDENT_SHAPE_REPRESENTATION(#12,#9837);
#14=NEXT_ASSEMBLY_USAGE_OCCURRENCE(
'Open CASCADE STEP translator 7.8 2:1',
'Open CASCADE STEP translator 7.8 2:1',
'Open CASCADE STEP translator 7.8 2:1',#9841,#9842,
'Open CASCADE STEP translator 7.8 2:1');
#15=SHAPE_REPRESENTATION_RELATIONSHIP('SRR','None',#9839,#16);
#16=ADVANCED_BREP_SHAPE_REPRESENTATION('',(#18),#9827);
#17=STYLED_ITEM('',(#9853),#18);
#18=MANIFOLD_SOLID_BREP('Body1',#5928);
#19=FACE_BOUND('',#486,.T.);
#20=FACE_BOUND('',#487,.T.);
#21=FACE_BOUND('',#488,.T.);
#22=FACE_BOUND('',#489,.T.);
#23=FACE_BOUND('',#490,.T.);
#24=FACE_BOUND('',#491,.T.);
#25=FACE_BOUND('',#492,.T.);
#26=FACE_BOUND('',#493,.T.);
#27=FACE_BOUND('',#494,.T.);
#28=FACE_BOUND('',#495,.T.);
#29=FACE_BOUND('',#496,.T.);
#30=FACE_BOUND('',#497,.T.);
#31=FACE_BOUND('',#498,.T.);
#32=FACE_BOUND('',#499,.T.);
#33=FACE_BOUND('',#500,.T.);
#34=FACE_BOUND('',#501,.T.);
#35=FACE_BOUND('',#502,.T.);
#36=FACE_BOUND('',#512,.T.);
#37=FACE_BOUND('',#513,.T.);
#38=FACE_BOUND('',#514,.T.);
#39=FACE_BOUND('',#515,.T.);
#40=FACE_BOUND('',#516,.T.);
#41=FACE_BOUND('',#517,.T.);
#42=FACE_BOUND('',#518,.T.);
#43=FACE_BOUND('',#519,.T.);
#44=FACE_BOUND('',#520,.T.);
#45=FACE_BOUND('',#521,.T.);
#46=FACE_BOUND('',#524,.T.);
#47=FACE_BOUND('',#525,.T.);
#48=FACE_BOUND('',#526,.T.);
#49=FACE_BOUND('',#532,.T.);
#50=FACE_BOUND('',#533,.T.);
#51=FACE_BOUND('',#534,.T.);
#52=FACE_BOUND('',#535,.T.);
#53=FACE_BOUND('',#536,.T.);
#54=FACE_BOUND('',#538,.T.);
#55=FACE_BOUND('',#564,.T.);
#56=FACE_BOUND('',#565,.T.);
#57=FACE_BOUND('',#631,.T.);
#58=FACE_BOUND('',#632,.T.);
#59=FACE_BOUND('',#633,.T.);
#60=FACE_BOUND('',#634,.T.);
#61=FACE_BOUND('',#635,.T.);
#62=FACE_BOUND('',#650,.T.);
#63=FACE_BOUND('',#651,.T.);
#64=FACE_BOUND('',#652,.T.);
#65=FACE_BOUND('',#653,.T.);
#66=FACE_BOUND('',#654,.T.);
#67=FACE_BOUND('',#780,.T.);
#68=FACE_BOUND('',#781,.T.);
#69=FACE_BOUND('',#782,.T.);
#70=FACE_BOUND('',#783,.T.);
#71=FACE_BOUND('',#784,.T.);
#72=FACE_BOUND('',#785,.T.);
#73=FACE_BOUND('',#786,.T.);
#74=FACE_BOUND('',#787,.T.);
#75=FACE_BOUND('',#788,.T.);
#76=FACE_BOUND('',#789,.T.);
#77=FACE_BOUND('',#792,.T.);
#78=FACE_BOUND('',#793,.T.);
#79=FACE_BOUND('',#828,.T.);
#80=CYLINDRICAL_SURFACE('',#5949,1.);
#81=CYLINDRICAL_SURFACE('',#5952,1.);
#82=CYLINDRICAL_SURFACE('',#5980,1.);
#83=CYLINDRICAL_SURFACE('',#5982,1.);
#84=CYLINDRICAL_SURFACE('',#5986,2.);
#85=CYLINDRICAL_SURFACE('',#5990,2.);
#86=CYLINDRICAL_SURFACE('',#6014,2.);
#87=CYLINDRICAL_SURFACE('',#6022,2.);
#88=CYLINDRICAL_SURFACE('',#6058,2.);
#89=CYLINDRICAL_SURFACE('',#6060,2.);
#90=CYLINDRICAL_SURFACE('',#6063,2.);
#91=CYLINDRICAL_SURFACE('',#6066,2.);
#92=CYLINDRICAL_SURFACE('',#6073,2.);
#93=CYLINDRICAL_SURFACE('',#6075,2.);
#94=CYLINDRICAL_SURFACE('',#6078,2.);
#95=CYLINDRICAL_SURFACE('',#6085,2.);
#96=CYLINDRICAL_SURFACE('',#6091,2.);
#97=CYLINDRICAL_SURFACE('',#6095,2.);
#98=CYLINDRICAL_SURFACE('',#6102,2.);
#99=CYLINDRICAL_SURFACE('',#6104,2.);
#100=CYLINDRICAL_SURFACE('',#6105,2.);
#101=CYLINDRICAL_SURFACE('',#6106,2.);
#102=CYLINDRICAL_SURFACE('',#6109,2.);
#103=CYLINDRICAL_SURFACE('',#6111,2.);
#104=CYLINDRICAL_SURFACE('',#6115,1.);
#105=CYLINDRICAL_SURFACE('',#6118,1.);
#106=CYLINDRICAL_SURFACE('',#6122,1.);
#107=CYLINDRICAL_SURFACE('',#6157,1.1);
#108=CYLINDRICAL_SURFACE('',#6159,1.);
#109=CYLINDRICAL_SURFACE('',#6162,1.);
#110=CYLINDRICAL_SURFACE('',#6165,1.);
#111=CYLINDRICAL_SURFACE('',#6168,1.);
#112=CYLINDRICAL_SURFACE('',#6171,1.);
#113=CYLINDRICAL_SURFACE('',#6174,1.);
#114=CYLINDRICAL_SURFACE('',#6177,1.1);
#115=CYLINDRICAL_SURFACE('',#6179,1.1);
#116=CYLINDRICAL_SURFACE('',#6181,1.);
#117=CYLINDRICAL_SURFACE('',#6184,1.);
#118=CYLINDRICAL_SURFACE('',#6187,1.);
#119=CYLINDRICAL_SURFACE('',#6190,1.);
#120=CYLINDRICAL_SURFACE('',#6193,1.);
#121=CYLINDRICAL_SURFACE('',#6196,1.);
#122=CYLINDRICAL_SURFACE('',#6199,1.1);
#123=CYLINDRICAL_SURFACE('',#6202,1.);
#124=CYLINDRICAL_SURFACE('',#6204,1.);
#125=CYLINDRICAL_SURFACE('',#6206,1.);
#126=CYLINDRICAL_SURFACE('',#6208,1.);
#127=CYLINDRICAL_SURFACE('',#6240,3.175);
#128=CYLINDRICAL_SURFACE('',#6242,3.175);
#129=CYLINDRICAL_SURFACE('',#6244,3.175);
#130=CYLINDRICAL_SURFACE('',#6246,3.175);
#131=CYLINDRICAL_SURFACE('',#6248,3.175);
#132=CYLINDRICAL_SURFACE('',#6250,3.175);
#133=CYLINDRICAL_SURFACE('',#6252,3.175);
#134=CYLINDRICAL_SURFACE('',#6254,3.175);
#135=CYLINDRICAL_SURFACE('',#6256,3.175);
#136=CYLINDRICAL_SURFACE('',#6258,3.175);
#137=CYLINDRICAL_SURFACE('',#6267,1.);
#138=CYLINDRICAL_SURFACE('',#6271,1.);
#139=CYLINDRICAL_SURFACE('',#6277,1.);
#140=CYLINDRICAL_SURFACE('',#6281,1.);
#141=CYLINDRICAL_SURFACE('',#6285,1.);
#142=CYLINDRICAL_SURFACE('',#6291,1.);
#143=CYLINDRICAL_SURFACE('',#6294,1.65);
#144=CYLINDRICAL_SURFACE('',#6298,1.65);
#145=CYLINDRICAL_SURFACE('',#6352,1.);
#146=CYLINDRICAL_SURFACE('',#6356,1.);
#147=CYLINDRICAL_SURFACE('',#6362,1.);
#148=CYLINDRICAL_SURFACE('',#6366,1.);
#149=CYLINDRICAL_SURFACE('',#6370,1.);
#150=CYLINDRICAL_SURFACE('',#6376,1.);
#151=CYLINDRICAL_SURFACE('',#6386,1.);
#152=CYLINDRICAL_SURFACE('',#6388,1.);
#153=CYLINDRICAL_SURFACE('',#6390,1.);
#154=CYLINDRICAL_SURFACE('',#6392,1.);
#155=CYLINDRICAL_SURFACE('',#6394,1.);
#156=CYLINDRICAL_SURFACE('',#6412,3.175);
#157=CYLINDRICAL_SURFACE('',#6413,3.175);
#158=CYLINDRICAL_SURFACE('',#6414,1.);
#159=CYLINDRICAL_SURFACE('',#6423,1.);
#160=CYLINDRICAL_SURFACE('',#6426,1.);
#161=CYLINDRICAL_SURFACE('',#6432,1.);
#162=CYLINDRICAL_SURFACE('',#6436,1.);
#163=CYLINDRICAL_SURFACE('',#6437,1.);
#164=CYLINDRICAL_SURFACE('',#6438,1.);
#165=CYLINDRICAL_SURFACE('',#6440,1.65);
#166=CYLINDRICAL_SURFACE('',#6441,1.65);
#167=CYLINDRICAL_SURFACE('',#6442,1.65);
#168=CYLINDRICAL_SURFACE('',#6443,1.65);
#169=CYLINDRICAL_SURFACE('',#6444,1.);
#170=CYLINDRICAL_SURFACE('',#6445,1.);
#171=CYLINDRICAL_SURFACE('',#6447,1.);
#172=CYLINDRICAL_SURFACE('',#6448,1.);
#173=FACE_OUTER_BOUND('',#479,.T.);
#174=FACE_OUTER_BOUND('',#480,.T.);
#175=FACE_OUTER_BOUND('',#481,.T.);
#176=FACE_OUTER_BOUND('',#482,.T.);
#177=FACE_OUTER_BOUND('',#483,.T.);
#178=FACE_OUTER_BOUND('',#484,.T.);
#179=FACE_OUTER_BOUND('',#485,.T.);
#180=FACE_OUTER_BOUND('',#503,.T.);
#181=FACE_OUTER_BOUND('',#504,.T.);
#182=FACE_OUTER_BOUND('',#505,.T.);
#183=FACE_OUTER_BOUND('',#506,.T.);
#184=FACE_OUTER_BOUND('',#507,.T.);
#185=FACE_OUTER_BOUND('',#508,.T.);
#186=FACE_OUTER_BOUND('',#509,.T.);
#187=FACE_OUTER_BOUND('',#510,.T.);
#188=FACE_OUTER_BOUND('',#511,.T.);
#189=FACE_OUTER_BOUND('',#522,.T.);
#190=FACE_OUTER_BOUND('',#523,.T.);
#191=FACE_OUTER_BOUND('',#527,.T.);
#192=FACE_OUTER_BOUND('',#528,.T.);
#193=FACE_OUTER_BOUND('',#529,.T.);
#194=FACE_OUTER_BOUND('',#530,.T.);
#195=FACE_OUTER_BOUND('',#531,.T.);
#196=FACE_OUTER_BOUND('',#537,.T.);
#197=FACE_OUTER_BOUND('',#539,.T.);
#198=FACE_OUTER_BOUND('',#540,.T.);
#199=FACE_OUTER_BOUND('',#541,.T.);
#200=FACE_OUTER_BOUND('',#542,.T.);
#201=FACE_OUTER_BOUND('',#543,.T.);
#202=FACE_OUTER_BOUND('',#544,.T.);
#203=FACE_OUTER_BOUND('',#545,.T.);
#204=FACE_OUTER_BOUND('',#546,.T.);
#205=FACE_OUTER_BOUND('',#547,.T.);
#206=FACE_OUTER_BOUND('',#548,.T.);
#207=FACE_OUTER_BOUND('',#549,.T.);
#208=FACE_OUTER_BOUND('',#550,.T.);
#209=FACE_OUTER_BOUND('',#551,.T.);
#210=FACE_OUTER_BOUND('',#552,.T.);
#211=FACE_OUTER_BOUND('',#553,.T.);
#212=FACE_OUTER_BOUND('',#554,.T.);
#213=FACE_OUTER_BOUND('',#555,.T.);
#214=FACE_OUTER_BOUND('',#556,.T.);
#215=FACE_OUTER_BOUND('',#557,.T.);
#216=FACE_OUTER_BOUND('',#558,.T.);
#217=FACE_OUTER_BOUND('',#559,.T.);
#218=FACE_OUTER_BOUND('',#560,.T.);
#219=FACE_OUTER_BOUND('',#561,.T.);
#220=FACE_OUTER_BOUND('',#562,.T.);
#221=FACE_OUTER_BOUND('',#563,.T.);
#222=FACE_OUTER_BOUND('',#566,.T.);
#223=FACE_OUTER_BOUND('',#567,.T.);
#224=FACE_OUTER_BOUND('',#568,.T.);
#225=FACE_OUTER_BOUND('',#569,.T.);
#226=FACE_OUTER_BOUND('',#570,.T.);
#227=FACE_OUTER_BOUND('',#571,.T.);
#228=FACE_OUTER_BOUND('',#572,.T.);
#229=FACE_OUTER_BOUND('',#573,.T.);
#230=FACE_OUTER_BOUND('',#574,.T.);
#231=FACE_OUTER_BOUND('',#575,.T.);
#232=FACE_OUTER_BOUND('',#576,.T.);
#233=FACE_OUTER_BOUND('',#577,.T.);
#234=FACE_OUTER_BOUND('',#578,.T.);
#235=FACE_OUTER_BOUND('',#579,.T.);
#236=FACE_OUTER_BOUND('',#580,.T.);
#237=FACE_OUTER_BOUND('',#581,.T.);
#238=FACE_OUTER_BOUND('',#582,.T.);
#239=FACE_OUTER_BOUND('',#583,.T.);
#240=FACE_OUTER_BOUND('',#584,.T.);
#241=FACE_OUTER_BOUND('',#585,.T.);
#242=FACE_OUTER_BOUND('',#586,.T.);
#243=FACE_OUTER_BOUND('',#587,.T.);
#244=FACE_OUTER_BOUND('',#588,.T.);
#245=FACE_OUTER_BOUND('',#589,.T.);
#246=FACE_OUTER_BOUND('',#590,.T.);
#247=FACE_OUTER_BOUND('',#591,.T.);
#248=FACE_OUTER_BOUND('',#592,.T.);
#249=FACE_OUTER_BOUND('',#593,.T.);
#250=FACE_OUTER_BOUND('',#594,.T.);
#251=FACE_OUTER_BOUND('',#595,.T.);
#252=FACE_OUTER_BOUND('',#596,.T.);
#253=FACE_OUTER_BOUND('',#597,.T.);
#254=FACE_OUTER_BOUND('',#598,.T.);
#255=FACE_OUTER_BOUND('',#599,.T.);
#256=FACE_OUTER_BOUND('',#600,.T.);
#257=FACE_OUTER_BOUND('',#601,.T.);
#258=FACE_OUTER_BOUND('',#602,.T.);
#259=FACE_OUTER_BOUND('',#603,.T.);
#260=FACE_OUTER_BOUND('',#604,.T.);
#261=FACE_OUTER_BOUND('',#605,.T.);
#262=FACE_OUTER_BOUND('',#606,.T.);
#263=FACE_OUTER_BOUND('',#607,.T.);
#264=FACE_OUTER_BOUND('',#608,.T.);
#265=FACE_OUTER_BOUND('',#609,.T.);
#266=FACE_OUTER_BOUND('',#610,.T.);
#267=FACE_OUTER_BOUND('',#611,.T.);
#268=FACE_OUTER_BOUND('',#612,.T.);
#269=FACE_OUTER_BOUND('',#613,.T.);
#270=FACE_OUTER_BOUND('',#614,.T.);
#271=FACE_OUTER_BOUND('',#615,.T.);
#272=FACE_OUTER_BOUND('',#616,.T.);
#273=FACE_OUTER_BOUND('',#617,.T.);
#274=FACE_OUTER_BOUND('',#618,.T.);
#275=FACE_OUTER_BOUND('',#619,.T.);
#276=FACE_OUTER_BOUND('',#620,.T.);
#277=FACE_OUTER_BOUND('',#621,.T.);
#278=FACE_OUTER_BOUND('',#622,.T.);
#279=FACE_OUTER_BOUND('',#623,.T.);
#280=FACE_OUTER_BOUND('',#624,.T.);
#281=FACE_OUTER_BOUND('',#625,.T.);
#282=FACE_OUTER_BOUND('',#626,.T.);
#283=FACE_OUTER_BOUND('',#627,.T.);
#284=FACE_OUTER_BOUND('',#628,.T.);
#285=FACE_OUTER_BOUND('',#629,.T.);
#286=FACE_OUTER_BOUND('',#630,.T.);
#287=FACE_OUTER_BOUND('',#636,.T.);
#288=FACE_OUTER_BOUND('',#637,.T.);
#289=FACE_OUTER_BOUND('',#638,.T.);
#290=FACE_OUTER_BOUND('',#639,.T.);
#291=FACE_OUTER_BOUND('',#640,.T.);
#292=FACE_OUTER_BOUND('',#641,.T.);
#293=FACE_OUTER_BOUND('',#642,.T.);
#294=FACE_OUTER_BOUND('',#643,.T.);
#295=FACE_OUTER_BOUND('',#644,.T.);
#296=FACE_OUTER_BOUND('',#645,.T.);
#297=FACE_OUTER_BOUND('',#646,.T.);
#298=FACE_OUTER_BOUND('',#647,.T.);
#299=FACE_OUTER_BOUND('',#648,.T.);
#300=FACE_OUTER_BOUND('',#649,.T.);
#301=FACE_OUTER_BOUND('',#655,.T.);
#302=FACE_OUTER_BOUND('',#656,.T.);
#303=FACE_OUTER_BOUND('',#657,.T.);
#304=FACE_OUTER_BOUND('',#658,.T.);
#305=FACE_OUTER_BOUND('',#659,.T.);
#306=FACE_OUTER_BOUND('',#660,.T.);
#307=FACE_OUTER_BOUND('',#661,.T.);
#308=FACE_OUTER_BOUND('',#662,.T.);
#309=FACE_OUTER_BOUND('',#663,.T.);
#310=FACE_OUTER_BOUND('',#664,.T.);
#311=FACE_OUTER_BOUND('',#665,.T.);
#312=FACE_OUTER_BOUND('',#666,.T.);
#313=FACE_OUTER_BOUND('',#667,.T.);
#314=FACE_OUTER_BOUND('',#668,.T.);
#315=FACE_OUTER_BOUND('',#669,.T.);
#316=FACE_OUTER_BOUND('',#670,.T.);
#317=FACE_OUTER_BOUND('',#671,.T.);
#318=FACE_OUTER_BOUND('',#672,.T.);
#319=FACE_OUTER_BOUND('',#673,.T.);
#320=FACE_OUTER_BOUND('',#674,.T.);
#321=FACE_OUTER_BOUND('',#675,.T.);
#322=FACE_OUTER_BOUND('',#676,.T.);
#323=FACE_OUTER_BOUND('',#677,.T.);
#324=FACE_OUTER_BOUND('',#678,.T.);
#325=FACE_OUTER_BOUND('',#679,.T.);
#326=FACE_OUTER_BOUND('',#680,.T.);
#327=FACE_OUTER_BOUND('',#681,.T.);
#328=FACE_OUTER_BOUND('',#682,.T.);
#329=FACE_OUTER_BOUND('',#683,.T.);
#330=FACE_OUTER_BOUND('',#684,.T.);
#331=FACE_OUTER_BOUND('',#685,.T.);
#332=FACE_OUTER_BOUND('',#686,.T.);
#333=FACE_OUTER_BOUND('',#687,.T.);
#334=FACE_OUTER_BOUND('',#688,.T.);
#335=FACE_OUTER_BOUND('',#689,.T.);
#336=FACE_OUTER_BOUND('',#690,.T.);
#337=FACE_OUTER_BOUND('',#691,.T.);
#338=FACE_OUTER_BOUND('',#692,.T.);
#339=FACE_OUTER_BOUND('',#693,.T.);
#340=FACE_OUTER_BOUND('',#694,.T.);
#341=FACE_OUTER_BOUND('',#695,.T.);
#342=FACE_OUTER_BOUND('',#696,.T.);
#343=FACE_OUTER_BOUND('',#697,.T.);
#344=FACE_OUTER_BOUND('',#698,.T.);
#345=FACE_OUTER_BOUND('',#699,.T.);
#346=FACE_OUTER_BOUND('',#700,.T.);
#347=FACE_OUTER_BOUND('',#701,.T.);
#348=FACE_OUTER_BOUND('',#702,.T.);
#349=FACE_OUTER_BOUND('',#703,.T.);
#350=FACE_OUTER_BOUND('',#704,.T.);
#351=FACE_OUTER_BOUND('',#705,.T.);
#352=FACE_OUTER_BOUND('',#706,.T.);
#353=FACE_OUTER_BOUND('',#707,.T.);
#354=FACE_OUTER_BOUND('',#708,.T.);
#355=FACE_OUTER_BOUND('',#709,.T.);
#356=FACE_OUTER_BOUND('',#710,.T.);
#357=FACE_OUTER_BOUND('',#711,.T.);
#358=FACE_OUTER_BOUND('',#712,.T.);
#359=FACE_OUTER_BOUND('',#713,.T.);
#360=FACE_OUTER_BOUND('',#714,.T.);
#361=FACE_OUTER_BOUND('',#715,.T.);
#362=FACE_OUTER_BOUND('',#716,.T.);
#363=FACE_OUTER_BOUND('',#717,.T.);
#364=FACE_OUTER_BOUND('',#718,.T.);
#365=FACE_OUTER_BOUND('',#719,.T.);
#366=FACE_OUTER_BOUND('',#720,.T.);
#367=FACE_OUTER_BOUND('',#721,.T.);
#368=FACE_OUTER_BOUND('',#722,.T.);
#369=FACE_OUTER_BOUND('',#723,.T.);
#370=FACE_OUTER_BOUND('',#724,.T.);
#371=FACE_OUTER_BOUND('',#725,.T.);
#372=FACE_OUTER_BOUND('',#726,.T.);
#373=FACE_OUTER_BOUND('',#727,.T.);
#374=FACE_OUTER_BOUND('',#728,.T.);
#375=FACE_OUTER_BOUND('',#729,.T.);
#376=FACE_OUTER_BOUND('',#730,.T.);
#377=FACE_OUTER_BOUND('',#731,.T.);
#378=FACE_OUTER_BOUND('',#732,.T.);
#379=FACE_OUTER_BOUND('',#733,.T.);
#380=FACE_OUTER_BOUND('',#734,.T.);
#381=FACE_OUTER_BOUND('',#735,.T.);
#382=FACE_OUTER_BOUND('',#736,.T.);
#383=FACE_OUTER_BOUND('',#737,.T.);
#384=FACE_OUTER_BOUND('',#738,.T.);
#385=FACE_OUTER_BOUND('',#739,.T.);
#386=FACE_OUTER_BOUND('',#740,.T.);
#387=FACE_OUTER_BOUND('',#741,.T.);
#388=FACE_OUTER_BOUND('',#742,.T.);
#389=FACE_OUTER_BOUND('',#743,.T.);
#390=FACE_OUTER_BOUND('',#744,.T.);
#391=FACE_OUTER_BOUND('',#745,.T.);
#392=FACE_OUTER_BOUND('',#746,.T.);
#393=FACE_OUTER_BOUND('',#747,.T.);
#394=FACE_OUTER_BOUND('',#748,.T.);
#395=FACE_OUTER_BOUND('',#749,.T.);
#396=FACE_OUTER_BOUND('',#750,.T.);
#397=FACE_OUTER_BOUND('',#751,.T.);
#398=FACE_OUTER_BOUND('',#752,.T.);
#399=FACE_OUTER_BOUND('',#753,.T.);
#400=FACE_OUTER_BOUND('',#754,.T.);
#401=FACE_OUTER_BOUND('',#755,.T.);
#402=FACE_OUTER_BOUND('',#756,.T.);
#403=FACE_OUTER_BOUND('',#757,.T.);
#404=FACE_OUTER_BOUND('',#758,.T.);
#405=FACE_OUTER_BOUND('',#759,.T.);
#406=FACE_OUTER_BOUND('',#760,.T.);
#407=FACE_OUTER_BOUND('',#761,.T.);
#408=FACE_OUTER_BOUND('',#762,.T.);
#409=FACE_OUTER_BOUND('',#763,.T.);
#410=FACE_OUTER_BOUND('',#764,.T.);
#411=FACE_OUTER_BOUND('',#765,.T.);
#412=FACE_OUTER_BOUND('',#766,.T.);
#413=FACE_OUTER_BOUND('',#767,.T.);
#414=FACE_OUTER_BOUND('',#768,.T.);
#415=FACE_OUTER_BOUND('',#769,.T.);
#416=FACE_OUTER_BOUND('',#770,.T.);
#417=FACE_OUTER_BOUND('',#771,.T.);
#418=FACE_OUTER_BOUND('',#772,.T.);
#419=FACE_OUTER_BOUND('',#773,.T.);
#420=FACE_OUTER_BOUND('',#774,.T.);
#421=FACE_OUTER_BOUND('',#775,.T.);
#422=FACE_OUTER_BOUND('',#776,.T.);
#423=FACE_OUTER_BOUND('',#777,.T.);
#424=FACE_OUTER_BOUND('',#778,.T.);
#425=FACE_OUTER_BOUND('',#779,.T.);
#426=FACE_OUTER_BOUND('',#790,.T.);
#427=FACE_OUTER_BOUND('',#791,.T.);
#428=FACE_OUTER_BOUND('',#794,.T.);
#429=FACE_OUTER_BOUND('',#795,.T.);
#430=FACE_OUTER_BOUND('',#796,.T.);
#431=FACE_OUTER_BOUND('',#797,.T.);
#432=FACE_OUTER_BOUND('',#798,.T.);
#433=FACE_OUTER_BOUND('',#799,.T.);
#434=FACE_OUTER_BOUND('',#800,.T.);
#435=FACE_OUTER_BOUND('',#801,.T.);
#436=FACE_OUTER_BOUND('',#802,.T.);
#437=FACE_OUTER_BOUND('',#803,.T.);
#438=FACE_OUTER_BOUND('',#804,.T.);
#439=FACE_OUTER_BOUND('',#805,.T.);
#440=FACE_OUTER_BOUND('',#806,.T.);
#441=FACE_OUTER_BOUND('',#807,.T.);
#442=FACE_OUTER_BOUND('',#808,.T.);
#443=FACE_OUTER_BOUND('',#809,.T.);
#444=FACE_OUTER_BOUND('',#810,.T.);
#445=FACE_OUTER_BOUND('',#811,.T.);
#446=FACE_OUTER_BOUND('',#812,.T.);
#447=FACE_OUTER_BOUND('',#813,.T.);
#448=FACE_OUTER_BOUND('',#814,.T.);
#449=FACE_OUTER_BOUND('',#815,.T.);
#450=FACE_OUTER_BOUND('',#816,.T.);
#451=FACE_OUTER_BOUND('',#817,.T.);
#452=FACE_OUTER_BOUND('',#818,.T.);
#453=FACE_OUTER_BOUND('',#819,.T.);
#454=FACE_OUTER_BOUND('',#820,.T.);
#455=FACE_OUTER_BOUND('',#821,.T.);
#456=FACE_OUTER_BOUND('',#822,.T.);
#457=FACE_OUTER_BOUND('',#823,.T.);
#458=FACE_OUTER_BOUND('',#824,.T.);
#459=FACE_OUTER_BOUND('',#825,.T.);
#460=FACE_OUTER_BOUND('',#826,.T.);
#461=FACE_OUTER_BOUND('',#827,.T.);
#462=FACE_OUTER_BOUND('',#829,.T.);
#463=FACE_OUTER_BOUND('',#830,.T.);
#464=FACE_OUTER_BOUND('',#831,.T.);
#465=FACE_OUTER_BOUND('',#832,.T.);
#466=FACE_OUTER_BOUND('',#833,.T.);
#467=FACE_OUTER_BOUND('',#834,.T.);
#468=FACE_OUTER_BOUND('',#835,.T.);
#469=FACE_OUTER_BOUND('',#836,.T.);
#470=FACE_OUTER_BOUND('',#837,.T.);
#471=FACE_OUTER_BOUND('',#838,.T.);
#472=FACE_OUTER_BOUND('',#839,.T.);
#473=FACE_OUTER_BOUND('',#840,.T.);
#474=FACE_OUTER_BOUND('',#841,.T.);
#475=FACE_OUTER_BOUND('',#842,.T.);
#476=FACE_OUTER_BOUND('',#843,.T.);
#477=FACE_OUTER_BOUND('',#844,.T.);
#478=FACE_OUTER_BOUND('',#845,.T.);
#479=EDGE_LOOP('',(#3727,#3728,#3729,#3730));
#480=EDGE_LOOP('',(#3731,#3732,#3733,#3734,#3735));
#481=EDGE_LOOP('',(#3736,#3737,#3738,#3739,#3740));
#482=EDGE_LOOP('',(#3741,#3742,#3743,#3744));
#483=EDGE_LOOP('',(#3745,#3746,#3747,#3748,#3749));
#484=EDGE_LOOP('',(#3750,#3751,#3752,#3753));
#485=EDGE_LOOP('',(#3754,#3755,#3756,#3757));
#486=EDGE_LOOP('',(#3758,#3759,#3760,#3761,#3762,#3763,#3764,#3765,#3766,
#3767,#3768,#3769,#3770,#3771));
#487=EDGE_LOOP('',(#3772,#3773,#3774,#3775,#3776,#3777,#3778,#3779,#3780,
#3781,#3782,#3783,#3784,#3785,#3786,#3787,#3788,#3789,#3790,#3791,#3792,
#3793,#3794,#3795,#3796,#3797,#3798,#3799));
#488=EDGE_LOOP('',(#3800,#3801,#3802,#3803,#3804,#3805,#3806,#3807));
#489=EDGE_LOOP('',(#3808,#3809,#3810,#3811));
#490=EDGE_LOOP('',(#3812,#3813,#3814,#3815));
#491=EDGE_LOOP('',(#3816,#3817,#3818,#3819));
#492=EDGE_LOOP('',(#3820,#3821,#3822,#3823));
#493=EDGE_LOOP('',(#3824,#3825,#3826,#3827));
#494=EDGE_LOOP('',(#3828,#3829,#3830,#3831));
#495=EDGE_LOOP('',(#3832,#3833,#3834,#3835));
#496=EDGE_LOOP('',(#3836,#3837,#3838,#3839));
#497=EDGE_LOOP('',(#3840,#3841,#3842,#3843));
#498=EDGE_LOOP('',(#3844,#3845,#3846,#3847));
#499=EDGE_LOOP('',(#3848,#3849,#3850,#3851));
#500=EDGE_LOOP('',(#3852,#3853,#3854,#3855,#3856,#3857));
#501=EDGE_LOOP('',(#3858,#3859,#3860,#3861,#3862,#3863,#3864,#3865,#3866,
#3867,#3868,#3869,#3870,#3871,#3872,#3873,#3874,#3875,#3876,#3877,#3878,
#3879,#3880,#3881,#3882,#3883,#3884,#3885));
#502=EDGE_LOOP('',(#3886,#3887,#3888,#3889));
#503=EDGE_LOOP('',(#3890,#3891,#3892,#3893,#3894,#3895,#3896,#3897));
#504=EDGE_LOOP('',(#3898,#3899,#3900,#3901));
#505=EDGE_LOOP('',(#3902,#3903,#3904,#3905));
#506=EDGE_LOOP('',(#3906,#3907,#3908,#3909));
#507=EDGE_LOOP('',(#3910,#3911,#3912,#3913));
#508=EDGE_LOOP('',(#3914,#3915,#3916,#3917));
#509=EDGE_LOOP('',(#3918,#3919,#3920,#3921,#3922,#3923,#3924,#3925));
#510=EDGE_LOOP('',(#3926,#3927,#3928,#3929));
#511=EDGE_LOOP('',(#3930,#3931,#3932,#3933));
#512=EDGE_LOOP('',(#3934));
#513=EDGE_LOOP('',(#3935));
#514=EDGE_LOOP('',(#3936));
#515=EDGE_LOOP('',(#3937));
#516=EDGE_LOOP('',(#3938));
#517=EDGE_LOOP('',(#3939));
#518=EDGE_LOOP('',(#3940));
#519=EDGE_LOOP('',(#3941));
#520=EDGE_LOOP('',(#3942));
#521=EDGE_LOOP('',(#3943));
#522=EDGE_LOOP('',(#3944,#3945,#3946,#3947,#3948,#3949,#3950,#3951));
#523=EDGE_LOOP('',(#3952,#3953,#3954,#3955,#3956,#3957,#3958,#3959));
#524=EDGE_LOOP('',(#3960));
#525=EDGE_LOOP('',(#3961));
#526=EDGE_LOOP('',(#3962,#3963,#3964,#3965,#3966,#3967,#3968,#3969));
#527=EDGE_LOOP('',(#3970,#3971,#3972,#3973));
#528=EDGE_LOOP('',(#3974,#3975,#3976,#3977,#3978,#3979,#3980,#3981));
#529=EDGE_LOOP('',(#3982,#3983,#3984,#3985,#3986,#3987,#3988,#3989));
#530=EDGE_LOOP('',(#3990,#3991,#3992,#3993));
#531=EDGE_LOOP('',(#3994,#3995,#3996,#3997,#3998,#3999,#4000,#4001,#4002,
#4003,#4004,#4005,#4006,#4007,#4008,#4009,#4010,#4011,#4012,#4013,#4014,
#4015,#4016,#4017));
#532=EDGE_LOOP('',(#4018,#4019,#4020,#4021,#4022,#4023,#4024,#4025));
#533=EDGE_LOOP('',(#4026));
#534=EDGE_LOOP('',(#4027));
#535=EDGE_LOOP('',(#4028));
#536=EDGE_LOOP('',(#4029));
#537=EDGE_LOOP('',(#4030,#4031,#4032,#4033,#4034,#4035,#4036,#4037,#4038,
#4039,#4040,#4041,#4042,#4043,#4044,#4045,#4046,#4047,#4048,#4049,#4050,
#4051,#4052,#4053,#4054,#4055,#4056,#4057));
#538=EDGE_LOOP('',(#4058,#4059,#4060,#4061,#4062,#4063,#4064,#4065));
#539=EDGE_LOOP('',(#4066,#4067,#4068,#4069));
#540=EDGE_LOOP('',(#4070,#4071,#4072,#4073,#4074,#4075));
#541=EDGE_LOOP('',(#4076,#4077,#4078,#4079));
#542=EDGE_LOOP('',(#4080,#4081,#4082,#4083,#4084,#4085,#4086,#4087));
#543=EDGE_LOOP('',(#4088,#4089,#4090,#4091,#4092,#4093));
#544=EDGE_LOOP('',(#4094,#4095,#4096,#4097));
#545=EDGE_LOOP('',(#4098,#4099,#4100,#4101,#4102,#4103,#4104,#4105));
#546=EDGE_LOOP('',(#4106,#4107,#4108,#4109));
#547=EDGE_LOOP('',(#4110,#4111,#4112,#4113));
#548=EDGE_LOOP('',(#4114,#4115,#4116,#4117,#4118,#4119));
#549=EDGE_LOOP('',(#4120,#4121,#4122,#4123,#4124,#4125,#4126,#4127));
#550=EDGE_LOOP('',(#4128,#4129,#4130,#4131));
#551=EDGE_LOOP('',(#4132,#4133,#4134,#4135));
#552=EDGE_LOOP('',(#4136,#4137,#4138,#4139));
#553=EDGE_LOOP('',(#4140,#4141,#4142,#4143,#4144,#4145));
#554=EDGE_LOOP('',(#4146,#4147,#4148,#4149));
#555=EDGE_LOOP('',(#4150,#4151,#4152,#4153,#4154,#4155,#4156,#4157));
#556=EDGE_LOOP('',(#4158,#4159,#4160,#4161));
#557=EDGE_LOOP('',(#4162,#4163,#4164,#4165,#4166,#4167,#4168,#4169));
#558=EDGE_LOOP('',(#4170,#4171,#4172,#4173));
#559=EDGE_LOOP('',(#4174,#4175,#4176,#4177));
#560=EDGE_LOOP('',(#4178,#4179,#4180,#4181));
#561=EDGE_LOOP('',(#4182,#4183,#4184,#4185));
#562=EDGE_LOOP('',(#4186,#4187,#4188,#4189));
#563=EDGE_LOOP('',(#4190,#4191,#4192,#4193,#4194,#4195,#4196,#4197,#4198,
#4199,#4200,#4201,#4202,#4203,#4204,#4205));
#564=EDGE_LOOP('',(#4206));
#565=EDGE_LOOP('',(#4207));
#566=EDGE_LOOP('',(#4208,#4209,#4210,#4211));
#567=EDGE_LOOP('',(#4212,#4213,#4214,#4215));
#568=EDGE_LOOP('',(#4216,#4217,#4218,#4219));
#569=EDGE_LOOP('',(#4220,#4221,#4222,#4223));
#570=EDGE_LOOP('',(#4224,#4225,#4226,#4227,#4228,#4229));
#571=EDGE_LOOP('',(#4230,#4231,#4232,#4233));
#572=EDGE_LOOP('',(#4234,#4235,#4236,#4237));
#573=EDGE_LOOP('',(#4238,#4239,#4240,#4241,#4242));
#574=EDGE_LOOP('',(#4243,#4244,#4245,#4246));
#575=EDGE_LOOP('',(#4247,#4248,#4249,#4250));
#576=EDGE_LOOP('',(#4251,#4252,#4253,#4254));
#577=EDGE_LOOP('',(#4255,#4256,#4257,#4258));
#578=EDGE_LOOP('',(#4259,#4260,#4261,#4262));
#579=EDGE_LOOP('',(#4263,#4264,#4265,#4266,#4267,#4268));
#580=EDGE_LOOP('',(#4269,#4270,#4271,#4272));
#581=EDGE_LOOP('',(#4273,#4274,#4275,#4276));
#582=EDGE_LOOP('',(#4277,#4278,#4279,#4280));
#583=EDGE_LOOP('',(#4281));
#584=EDGE_LOOP('',(#4282,#4283,#4284,#4285));
#585=EDGE_LOOP('',(#4286,#4287,#4288,#4289));
#586=EDGE_LOOP('',(#4290,#4291,#4292,#4293));
#587=EDGE_LOOP('',(#4294));
#588=EDGE_LOOP('',(#4295));
#589=EDGE_LOOP('',(#4296,#4297,#4298,#4299));
#590=EDGE_LOOP('',(#4300,#4301,#4302,#4303));
#591=EDGE_LOOP('',(#4304,#4305,#4306,#4307));
#592=EDGE_LOOP('',(#4308));
#593=EDGE_LOOP('',(#4309,#4310,#4311,#4312,#4313,#4314,#4315,#4316));
#594=EDGE_LOOP('',(#4317,#4318,#4319,#4320));
#595=EDGE_LOOP('',(#4321,#4322,#4323,#4324));
#596=EDGE_LOOP('',(#4325,#4326,#4327,#4328));
#597=EDGE_LOOP('',(#4329,#4330,#4331,#4332));
#598=EDGE_LOOP('',(#4333,#4334,#4335,#4336));
#599=EDGE_LOOP('',(#4337,#4338,#4339,#4340));
#600=EDGE_LOOP('',(#4341,#4342,#4343,#4344));
#601=EDGE_LOOP('',(#4345,#4346,#4347,#4348));
#602=EDGE_LOOP('',(#4349,#4350,#4351,#4352));
#603=EDGE_LOOP('',(#4353,#4354,#4355,#4356));
#604=EDGE_LOOP('',(#4357,#4358,#4359,#4360));
#605=EDGE_LOOP('',(#4361,#4362,#4363,#4364));
#606=EDGE_LOOP('',(#4365,#4366,#4367,#4368));
#607=EDGE_LOOP('',(#4369,#4370,#4371,#4372));
#608=EDGE_LOOP('',(#4373,#4374,#4375,#4376));
#609=EDGE_LOOP('',(#4377,#4378,#4379,#4380));
#610=EDGE_LOOP('',(#4381,#4382,#4383,#4384));
#611=EDGE_LOOP('',(#4385,#4386,#4387,#4388));
#612=EDGE_LOOP('',(#4389,#4390,#4391,#4392));
#613=EDGE_LOOP('',(#4393,#4394,#4395,#4396));
#614=EDGE_LOOP('',(#4397,#4398,#4399,#4400));
#615=EDGE_LOOP('',(#4401,#4402,#4403,#4404));
#616=EDGE_LOOP('',(#4405,#4406,#4407,#4408));
#617=EDGE_LOOP('',(#4409,#4410,#4411,#4412));
#618=EDGE_LOOP('',(#4413,#4414,#4415,#4416));
#619=EDGE_LOOP('',(#4417,#4418,#4419,#4420));
#620=EDGE_LOOP('',(#4421,#4422,#4423,#4424));
#621=EDGE_LOOP('',(#4425,#4426,#4427,#4428));
#622=EDGE_LOOP('',(#4429,#4430,#4431,#4432));
#623=EDGE_LOOP('',(#4433,#4434,#4435,#4436));
#624=EDGE_LOOP('',(#4437,#4438,#4439,#4440));
#625=EDGE_LOOP('',(#4441,#4442,#4443,#4444));
#626=EDGE_LOOP('',(#4445,#4446,#4447,#4448));
#627=EDGE_LOOP('',(#4449,#4450,#4451,#4452));
#628=EDGE_LOOP('',(#4453,#4454,#4455,#4456));
#629=EDGE_LOOP('',(#4457,#4458,#4459,#4460));
#630=EDGE_LOOP('',(#4461,#4462,#4463,#4464,#4465,#4466,#4467,#4468,#4469,
#4470,#4471,#4472,#4473,#4474,#4475,#4476,#4477,#4478,#4479,#4480,#4481,
#4482,#4483,#4484,#4485,#4486,#4487,#4488));
#631=EDGE_LOOP('',(#4489));
#632=EDGE_LOOP('',(#4490,#4491,#4492,#4493));
#633=EDGE_LOOP('',(#4494,#4495,#4496,#4497));
#634=EDGE_LOOP('',(#4498,#4499,#4500,#4501));
#635=EDGE_LOOP('',(#4502));
#636=EDGE_LOOP('',(#4503,#4504,#4505,#4506,#4507,#4508,#4509,#4510));
#637=EDGE_LOOP('',(#4511,#4512,#4513,#4514));
#638=EDGE_LOOP('',(#4515,#4516,#4517,#4518));
#639=EDGE_LOOP('',(#4519,#4520,#4521,#4522));
#640=EDGE_LOOP('',(#4523,#4524,#4525,#4526));
#641=EDGE_LOOP('',(#4527,#4528,#4529,#4530));
#642=EDGE_LOOP('',(#4531,#4532,#4533,#4534));
#643=EDGE_LOOP('',(#4535,#4536,#4537,#4538));
#644=EDGE_LOOP('',(#4539,#4540,#4541,#4542));
#645=EDGE_LOOP('',(#4543,#4544,#4545,#4546));
#646=EDGE_LOOP('',(#4547,#4548,#4549,#4550));
#647=EDGE_LOOP('',(#4551,#4552,#4553,#4554));
#648=EDGE_LOOP('',(#4555,#4556,#4557,#4558));
#649=EDGE_LOOP('',(#4559,#4560,#4561,#4562,#4563,#4564,#4565,#4566,#4567,
#4568,#4569,#4570,#4571,#4572,#4573,#4574,#4575,#4576,#4577,#4578,#4579,
#4580,#4581,#4582,#4583,#4584,#4585,#4586));
#650=EDGE_LOOP('',(#4587));
#651=EDGE_LOOP('',(#4588,#4589,#4590,#4591));
#652=EDGE_LOOP('',(#4592,#4593,#4594,#4595));
#653=EDGE_LOOP('',(#4596,#4597,#4598,#4599));
#654=EDGE_LOOP('',(#4600));
#655=EDGE_LOOP('',(#4601,#4602,#4603,#4604));
#656=EDGE_LOOP('',(#4605,#4606,#4607,#4608));
#657=EDGE_LOOP('',(#4609,#4610,#4611,#4612));
#658=EDGE_LOOP('',(#4613,#4614,#4615,#4616));
#659=EDGE_LOOP('',(#4617,#4618,#4619,#4620));
#660=EDGE_LOOP('',(#4621,#4622,#4623,#4624));
#661=EDGE_LOOP('',(#4625,#4626,#4627,#4628));
#662=EDGE_LOOP('',(#4629,#4630,#4631,#4632));
#663=EDGE_LOOP('',(#4633,#4634,#4635,#4636));
#664=EDGE_LOOP('',(#4637,#4638,#4639,#4640));
#665=EDGE_LOOP('',(#4641,#4642,#4643,#4644,#4645,#4646,#4647,#4648));
#666=EDGE_LOOP('',(#4649,#4650,#4651,#4652));
#667=EDGE_LOOP('',(#4653,#4654,#4655,#4656));
#668=EDGE_LOOP('',(#4657,#4658,#4659,#4660));
#669=EDGE_LOOP('',(#4661,#4662,#4663,#4664));
#670=EDGE_LOOP('',(#4665,#4666,#4667,#4668));
#671=EDGE_LOOP('',(#4669,#4670,#4671,#4672));
#672=EDGE_LOOP('',(#4673,#4674,#4675,#4676));
#673=EDGE_LOOP('',(#4677,#4678,#4679,#4680));
#674=EDGE_LOOP('',(#4681,#4682,#4683,#4684));
#675=EDGE_LOOP('',(#4685,#4686,#4687,#4688));
#676=EDGE_LOOP('',(#4689,#4690,#4691,#4692));
#677=EDGE_LOOP('',(#4693,#4694,#4695,#4696));
#678=EDGE_LOOP('',(#4697,#4698,#4699,#4700));
#679=EDGE_LOOP('',(#4701,#4702,#4703,#4704));
#680=EDGE_LOOP('',(#4705,#4706,#4707,#4708));
#681=EDGE_LOOP('',(#4709,#4710,#4711,#4712));
#682=EDGE_LOOP('',(#4713,#4714,#4715,#4716));
#683=EDGE_LOOP('',(#4717,#4718,#4719,#4720));
#684=EDGE_LOOP('',(#4721,#4722,#4723,#4724));
#685=EDGE_LOOP('',(#4725,#4726,#4727,#4728));
#686=EDGE_LOOP('',(#4729,#4730,#4731,#4732));
#687=EDGE_LOOP('',(#4733,#4734,#4735,#4736));
#688=EDGE_LOOP('',(#4737,#4738,#4739,#4740));
#689=EDGE_LOOP('',(#4741,#4742,#4743,#4744));
#690=EDGE_LOOP('',(#4745,#4746,#4747,#4748));
#691=EDGE_LOOP('',(#4749,#4750,#4751,#4752));
#692=EDGE_LOOP('',(#4753,#4754,#4755,#4756));
#693=EDGE_LOOP('',(#4757,#4758,#4759,#4760));
#694=EDGE_LOOP('',(#4761,#4762,#4763,#4764));
#695=EDGE_LOOP('',(#4765,#4766,#4767,#4768,#4769,#4770,#4771,#4772));
#696=EDGE_LOOP('',(#4773,#4774,#4775,#4776));
#697=EDGE_LOOP('',(#4777,#4778,#4779,#4780));
#698=EDGE_LOOP('',(#4781,#4782,#4783,#4784));
#699=EDGE_LOOP('',(#4785,#4786,#4787,#4788,#4789,#4790,#4791,#4792));
#700=EDGE_LOOP('',(#4793,#4794,#4795,#4796));
#701=EDGE_LOOP('',(#4797,#4798,#4799,#4800));
#702=EDGE_LOOP('',(#4801,#4802,#4803,#4804));
#703=EDGE_LOOP('',(#4805,#4806,#4807,#4808));
#704=EDGE_LOOP('',(#4809,#4810,#4811,#4812));
#705=EDGE_LOOP('',(#4813,#4814,#4815,#4816));
#706=EDGE_LOOP('',(#4817,#4818,#4819,#4820));
#707=EDGE_LOOP('',(#4821,#4822,#4823,#4824));
#708=EDGE_LOOP('',(#4825,#4826,#4827,#4828));
#709=EDGE_LOOP('',(#4829,#4830,#4831,#4832));
#710=EDGE_LOOP('',(#4833,#4834,#4835,#4836));
#711=EDGE_LOOP('',(#4837,#4838,#4839,#4840));
#712=EDGE_LOOP('',(#4841,#4842,#4843,#4844));
#713=EDGE_LOOP('',(#4845,#4846,#4847,#4848));
#714=EDGE_LOOP('',(#4849,#4850,#4851,#4852));
#715=EDGE_LOOP('',(#4853,#4854,#4855,#4856));
#716=EDGE_LOOP('',(#4857,#4858,#4859,#4860));
#717=EDGE_LOOP('',(#4861,#4862,#4863,#4864));
#718=EDGE_LOOP('',(#4865,#4866,#4867,#4868));
#719=EDGE_LOOP('',(#4869,#4870,#4871,#4872));
#720=EDGE_LOOP('',(#4873,#4874,#4875,#4876));
#721=EDGE_LOOP('',(#4877,#4878,#4879,#4880));
#722=EDGE_LOOP('',(#4881,#4882,#4883,#4884));
#723=EDGE_LOOP('',(#4885,#4886,#4887,#4888));
#724=EDGE_LOOP('',(#4889,#4890,#4891,#4892));
#725=EDGE_LOOP('',(#4893,#4894,#4895,#4896));
#726=EDGE_LOOP('',(#4897,#4898,#4899,#4900));
#727=EDGE_LOOP('',(#4901,#4902,#4903,#4904));
#728=EDGE_LOOP('',(#4905,#4906,#4907,#4908));
#729=EDGE_LOOP('',(#4909,#4910,#4911,#4912));
#730=EDGE_LOOP('',(#4913,#4914,#4915,#4916));
#731=EDGE_LOOP('',(#4917,#4918,#4919,#4920));
#732=EDGE_LOOP('',(#4921,#4922,#4923,#4924));
#733=EDGE_LOOP('',(#4925,#4926,#4927,#4928));
#734=EDGE_LOOP('',(#4929,#4930,#4931,#4932));
#735=EDGE_LOOP('',(#4933,#4934,#4935,#4936));
#736=EDGE_LOOP('',(#4937,#4938,#4939,#4940));
#737=EDGE_LOOP('',(#4941,#4942,#4943,#4944));
#738=EDGE_LOOP('',(#4945,#4946,#4947,#4948));
#739=EDGE_LOOP('',(#4949,#4950,#4951,#4952));
#740=EDGE_LOOP('',(#4953,#4954,#4955,#4956));
#741=EDGE_LOOP('',(#4957,#4958,#4959,#4960));
#742=EDGE_LOOP('',(#4961,#4962,#4963,#4964));
#743=EDGE_LOOP('',(#4965,#4966,#4967,#4968));
#744=EDGE_LOOP('',(#4969,#4970,#4971,#4972));
#745=EDGE_LOOP('',(#4973,#4974,#4975,#4976));
#746=EDGE_LOOP('',(#4977,#4978,#4979,#4980));
#747=EDGE_LOOP('',(#4981,#4982,#4983,#4984));
#748=EDGE_LOOP('',(#4985,#4986,#4987,#4988));
#749=EDGE_LOOP('',(#4989,#4990,#4991,#4992));
#750=EDGE_LOOP('',(#4993,#4994,#4995,#4996));
#751=EDGE_LOOP('',(#4997,#4998,#4999,#5000));
#752=EDGE_LOOP('',(#5001,#5002,#5003,#5004));
#753=EDGE_LOOP('',(#5005,#5006,#5007,#5008));
#754=EDGE_LOOP('',(#5009,#5010,#5011,#5012));
#755=EDGE_LOOP('',(#5013,#5014,#5015,#5016));
#756=EDGE_LOOP('',(#5017,#5018,#5019,#5020));
#757=EDGE_LOOP('',(#5021,#5022,#5023,#5024));
#758=EDGE_LOOP('',(#5025,#5026,#5027,#5028));
#759=EDGE_LOOP('',(#5029,#5030,#5031,#5032));
#760=EDGE_LOOP('',(#5033,#5034,#5035,#5036));
#761=EDGE_LOOP('',(#5037,#5038,#5039,#5040));
#762=EDGE_LOOP('',(#5041,#5042,#5043,#5044));
#763=EDGE_LOOP('',(#5045,#5046,#5047,#5048));
#764=EDGE_LOOP('',(#5049,#5050,#5051,#5052));
#765=EDGE_LOOP('',(#5053,#5054,#5055,#5056));
#766=EDGE_LOOP('',(#5057,#5058,#5059,#5060));
#767=EDGE_LOOP('',(#5061,#5062,#5063,#5064));
#768=EDGE_LOOP('',(#5065,#5066,#5067,#5068));
#769=EDGE_LOOP('',(#5069,#5070,#5071,#5072));
#770=EDGE_LOOP('',(#5073,#5074,#5075,#5076));
#771=EDGE_LOOP('',(#5077,#5078,#5079,#5080));
#772=EDGE_LOOP('',(#5081,#5082,#5083,#5084));
#773=EDGE_LOOP('',(#5085,#5086,#5087,#5088));
#774=EDGE_LOOP('',(#5089,#5090,#5091,#5092));
#775=EDGE_LOOP('',(#5093,#5094,#5095,#5096));
#776=EDGE_LOOP('',(#5097,#5098,#5099,#5100));
#777=EDGE_LOOP('',(#5101,#5102,#5103,#5104));
#778=EDGE_LOOP('',(#5105,#5106,#5107,#5108));
#779=EDGE_LOOP('',(#5109,#5110,#5111,#5112));
#780=EDGE_LOOP('',(#5113));
#781=EDGE_LOOP('',(#5114));
#782=EDGE_LOOP('',(#5115));
#783=EDGE_LOOP('',(#5116));
#784=EDGE_LOOP('',(#5117));
#785=EDGE_LOOP('',(#5118));
#786=EDGE_LOOP('',(#5119));
#787=EDGE_LOOP('',(#5120));
#788=EDGE_LOOP('',(#5121));
#789=EDGE_LOOP('',(#5122));
#790=EDGE_LOOP('',(#5123,#5124,#5125,#5126));
#791=EDGE_LOOP('',(#5127,#5128,#5129,#5130,#5131,#5132,#5133,#5134,#5135,
#5136,#5137,#5138,#5139,#5140,#5141,#5142));
#792=EDGE_LOOP('',(#5143));
#793=EDGE_LOOP('',(#5144));
#794=EDGE_LOOP('',(#5145,#5146,#5147,#5148));
#795=EDGE_LOOP('',(#5149,#5150,#5151,#5152));
#796=EDGE_LOOP('',(#5153,#5154,#5155,#5156));
#797=EDGE_LOOP('',(#5157,#5158,#5159,#5160));
#798=EDGE_LOOP('',(#5161,#5162,#5163,#5164));
#799=EDGE_LOOP('',(#5165,#5166,#5167,#5168));
#800=EDGE_LOOP('',(#5169,#5170,#5171,#5172));
#801=EDGE_LOOP('',(#5173,#5174,#5175,#5176));
#802=EDGE_LOOP('',(#5177,#5178,#5179,#5180));
#803=EDGE_LOOP('',(#5181,#5182,#5183,#5184));
#804=EDGE_LOOP('',(#5185,#5186,#5187,#5188));
#805=EDGE_LOOP('',(#5189,#5190,#5191,#5192));
#806=EDGE_LOOP('',(#5193,#5194,#5195,#5196));
#807=EDGE_LOOP('',(#5197,#5198,#5199,#5200));
#808=EDGE_LOOP('',(#5201,#5202,#5203,#5204));
#809=EDGE_LOOP('',(#5205,#5206,#5207,#5208));
#810=EDGE_LOOP('',(#5209,#5210,#5211,#5212,#5213,#5214));
#811=EDGE_LOOP('',(#5215,#5216,#5217,#5218,#5219,#5220));
#812=EDGE_LOOP('',(#5221,#5222,#5223,#5224,#5225,#5226,#5227,#5228));
#813=EDGE_LOOP('',(#5229,#5230,#5231,#5232));
#814=EDGE_LOOP('',(#5233,#5234,#5235,#5236));
#815=EDGE_LOOP('',(#5237,#5238,#5239,#5240));
#816=EDGE_LOOP('',(#5241,#5242,#5243,#5244));
#817=EDGE_LOOP('',(#5245,#5246,#5247,#5248));
#818=EDGE_LOOP('',(#5249,#5250,#5251,#5252));
#819=EDGE_LOOP('',(#5253,#5254,#5255,#5256));
#820=EDGE_LOOP('',(#5257,#5258,#5259,#5260));
#821=EDGE_LOOP('',(#5261,#5262,#5263,#5264));
#822=EDGE_LOOP('',(#5265,#5266,#5267,#5268));
#823=EDGE_LOOP('',(#5269,#5270,#5271,#5272));
#824=EDGE_LOOP('',(#5273,#5274,#5275,#5276));
#825=EDGE_LOOP('',(#5277,#5278,#5279,#5280));
#826=EDGE_LOOP('',(#5281,#5282,#5283,#5284));
#827=EDGE_LOOP('',(#5285,#5286,#5287,#5288,#5289,#5290,#5291,#5292,#5293,
#5294,#5295,#5296,#5297,#5298,#5299,#5300));
#828=EDGE_LOOP('',(#5301,#5302,#5303,#5304,#5305,#5306,#5307,#5308));
#829=EDGE_LOOP('',(#5309,#5310,#5311,#5312));
#830=EDGE_LOOP('',(#5313,#5314,#5315,#5316,#5317,#5318,#5319,#5320));
#831=EDGE_LOOP('',(#5321,#5322,#5323,#5324));
#832=EDGE_LOOP('',(#5325,#5326,#5327,#5328,#5329,#5330,#5331,#5332));
#833=EDGE_LOOP('',(#5333,#5334,#5335,#5336));
#834=EDGE_LOOP('',(#5337,#5338,#5339,#5340));
#835=EDGE_LOOP('',(#5341,#5342,#5343,#5344));
#836=EDGE_LOOP('',(#5345,#5346,#5347,#5348,#5349,#5350,#5351,#5352));
#837=EDGE_LOOP('',(#5353,#5354,#5355,#5356,#5357,#5358,#5359,#5360,#5361,
#5362,#5363,#5364));
#838=EDGE_LOOP('',(#5365,#5366,#5367,#5368,#5369,#5370,#5371,#5372));
#839=EDGE_LOOP('',(#5373,#5374,#5375,#5376,#5377,#5378,#5379,#5380));
#840=EDGE_LOOP('',(#5381,#5382,#5383,#5384));
#841=EDGE_LOOP('',(#5385,#5386,#5387,#5388));
#842=EDGE_LOOP('',(#5389,#5390,#5391,#5392));
#843=EDGE_LOOP('',(#5393,#5394,#5395,#5396));
#844=EDGE_LOOP('',(#5397,#5398,#5399,#5400));
#845=EDGE_LOOP('',(#5401,#5402,#5403,#5404,#5405,#5406,#5407,#5408));
#846=LINE('',#8120,#1485);
#847=LINE('',#8123,#1486);
#848=LINE('',#8128,#1487);
#849=LINE('',#8132,#1488);
#850=LINE('',#8133,#1489);
#851=LINE('',#8138,#1490);
#852=LINE('',#8139,#1491);
#853=LINE('',#8142,#1492);
#854=LINE('',#8143,#1493);
#855=LINE('',#8148,#1494);
#856=LINE('',#8152,#1495);
#857=LINE('',#8154,#1496);
#858=LINE('',#8155,#1497);
#859=LINE('',#8159,#1498);
#860=LINE('',#8161,#1499);
#861=LINE('',#8163,#1500);
#862=LINE('',#8164,#1501);
#863=LINE('',#8166,#1502);
#864=LINE('',#8170,#1503);
#865=LINE('',#8174,#1504);
#866=LINE('',#8176,#1505);
#867=LINE('',#8178,#1506);
#868=LINE('',#8182,#1507);
#869=LINE('',#8184,#1508);
#870=LINE('',#8186,#1509);
#871=LINE('',#8190,#1510);
#872=LINE('',#8194,#1511);
#873=LINE('',#8196,#1512);
#874=LINE('',#8198,#1513);
#875=LINE('',#8200,#1514);
#876=LINE('',#8202,#1515);
#877=LINE('',#8206,#1516);
#878=LINE('',#8208,#1517);
#879=LINE('',#8210,#1518);
#880=LINE('',#8214,#1519);
#881=LINE('',#8216,#1520);
#882=LINE('',#8218,#1521);
#883=LINE('',#8222,#1522);
#884=LINE('',#8224,#1523);
#885=LINE('',#8226,#1524);
#886=LINE('',#8228,#1525);
#887=LINE('',#8230,#1526);
#888=LINE('',#8234,#1527);
#889=LINE('',#8236,#1528);
#890=LINE('',#8238,#1529);
#891=LINE('',#8242,#1530);
#892=LINE('',#8243,#1531);
#893=LINE('',#8246,#1532);
#894=LINE('',#8252,#1533);
#895=LINE('',#8258,#1534);
#896=LINE('',#8259,#1535);
#897=LINE('',#8262,#1536);
#898=LINE('',#8264,#1537);
#899=LINE('',#8266,#1538);
#900=LINE('',#8267,#1539);
#901=LINE('',#8270,#1540);
#902=LINE('',#8272,#1541);
#903=LINE('',#8274,#1542);
#904=LINE('',#8275,#1543);
#905=LINE('',#8278,#1544);
#906=LINE('',#8280,#1545);
#907=LINE('',#8282,#1546);
#908=LINE('',#8283,#1547);
#909=LINE('',#8286,#1548);
#910=LINE('',#8288,#1549);
#911=LINE('',#8290,#1550);
#912=LINE('',#8291,#1551);
#913=LINE('',#8294,#1552);
#914=LINE('',#8296,#1553);
#915=LINE('',#8298,#1554);
#916=LINE('',#8299,#1555);
#917=LINE('',#8302,#1556);
#918=LINE('',#8304,#1557);
#919=LINE('',#8306,#1558);
#920=LINE('',#8307,#1559);
#921=LINE('',#8310,#1560);
#922=LINE('',#8312,#1561);
#923=LINE('',#8314,#1562);
#924=LINE('',#8315,#1563);
#925=LINE('',#8318,#1564);
#926=LINE('',#8320,#1565);
#927=LINE('',#8322,#1566);
#928=LINE('',#8323,#1567);
#929=LINE('',#8326,#1568);
#930=LINE('',#8328,#1569);
#931=LINE('',#8330,#1570);
#932=LINE('',#8331,#1571);
#933=LINE('',#8334,#1572);
#934=LINE('',#8336,#1573);
#935=LINE('',#8338,#1574);
#936=LINE('',#8339,#1575);
#937=LINE('',#8342,#1576);
#938=LINE('',#8344,#1577);
#939=LINE('',#8346,#1578);
#940=LINE('',#8347,#1579);
#941=LINE('',#8350,#1580);
#942=LINE('',#8352,#1581);
#943=LINE('',#8356,#1582);
#944=LINE('',#8359,#1583);
#945=LINE('',#8362,#1584);
#946=LINE('',#8364,#1585);
#947=LINE('',#8368,#1586);
#948=LINE('',#8370,#1587);
#949=LINE('',#8372,#1588);
#950=LINE('',#8374,#1589);
#951=LINE('',#8376,#1590);
#952=LINE('',#8380,#1591);
#953=LINE('',#8382,#1592);
#954=LINE('',#8384,#1593);
#955=LINE('',#8388,#1594);
#956=LINE('',#8390,#1595);
#957=LINE('',#8392,#1596);
#958=LINE('',#8396,#1597);
#959=LINE('',#8398,#1598);
#960=LINE('',#8400,#1599);
#961=LINE('',#8402,#1600);
#962=LINE('',#8404,#1601);
#963=LINE('',#8408,#1602);
#964=LINE('',#8410,#1603);
#965=LINE('',#8412,#1604);
#966=LINE('',#8415,#1605);
#967=LINE('',#8418,#1606);
#968=LINE('',#8420,#1607);
#969=LINE('',#8422,#1608);
#970=LINE('',#8423,#1609);
#971=LINE('',#8426,#1610);
#972=LINE('',#8428,#1611);
#973=LINE('',#8429,#1612);
#974=LINE('',#8431,#1613);
#975=LINE('',#8432,#1614);
#976=LINE('',#8436,#1615);
#977=LINE('',#8439,#1616);
#978=LINE('',#8442,#1617);
#979=LINE('',#8445,#1618);
#980=LINE('',#8446,#1619);
#981=LINE('',#8452,#1620);
#982=LINE('',#8455,#1621);
#983=LINE('',#8458,#1622);
#984=LINE('',#8460,#1623);
#985=LINE('',#8462,#1624);
#986=LINE('',#8464,#1625);
#987=LINE('',#8466,#1626);
#988=LINE('',#8468,#1627);
#989=LINE('',#8469,#1628);
#990=LINE('',#8475,#1629);
#991=LINE('',#8478,#1630);
#992=LINE('',#8480,#1631);
#993=LINE('',#8481,#1632);
#994=LINE('',#8504,#1633);
#995=LINE('',#8506,#1634);
#996=LINE('',#8508,#1635);
#997=LINE('',#8510,#1636);
#998=LINE('',#8512,#1637);
#999=LINE('',#8514,#1638);
#1000=LINE('',#8515,#1639);
#1001=LINE('',#8520,#1640);
#1002=LINE('',#8530,#1641);
#1003=LINE('',#8534,#1642);
#1004=LINE('',#8538,#1643);
#1005=LINE('',#8541,#1644);
#1006=LINE('',#8547,#1645);
#1007=LINE('',#8550,#1646);
#1008=LINE('',#8553,#1647);
#1009=LINE('',#8557,#1648);
#1010=LINE('',#8561,#1649);
#1011=LINE('',#8564,#1650);
#1012=LINE('',#8568,#1651);
#1013=LINE('',#8569,#1652);
#1014=LINE('',#8571,#1653);
#1015=LINE('',#8573,#1654);
#1016=LINE('',#8575,#1655);
#1017=LINE('',#8576,#1656);
#1018=LINE('',#8580,#1657);
#1019=LINE('',#8585,#1658);
#1020=LINE('',#8589,#1659);
#1021=LINE('',#8593,#1660);
#1022=LINE('',#8597,#1661);
#1023=LINE('',#8601,#1662);
#1024=LINE('',#8605,#1663);
#1025=LINE('',#8609,#1664);
#1026=LINE('',#8613,#1665);
#1027=LINE('',#8617,#1666);
#1028=LINE('',#8621,#1667);
#1029=LINE('',#8624,#1668);
#1030=LINE('',#8635,#1669);
#1031=LINE('',#8639,#1670);
#1032=LINE('',#8643,#1671);
#1033=LINE('',#8647,#1672);
#1034=LINE('',#8651,#1673);
#1035=LINE('',#8655,#1674);
#1036=LINE('',#8659,#1675);
#1037=LINE('',#8663,#1676);
#1038=LINE('',#8667,#1677);
#1039=LINE('',#8671,#1678);
#1040=LINE('',#8675,#1679);
#1041=LINE('',#8679,#1680);
#1042=LINE('',#8683,#1681);
#1043=LINE('',#8689,#1682);
#1044=LINE('',#8693,#1683);
#1045=LINE('',#8697,#1684);
#1046=LINE('',#8700,#1685);
#1047=LINE('',#8702,#1686);
#1048=LINE('',#8703,#1687);
#1049=LINE('',#8706,#1688);
#1050=LINE('',#8708,#1689);
#1051=LINE('',#8709,#1690);
#1052=LINE('',#8711,#1691);
#1053=LINE('',#8712,#1692);
#1054=LINE('',#8715,#1693);
#1055=LINE('',#8717,#1694);
#1056=LINE('',#8718,#1695);
#1057=LINE('',#8719,#1696);
#1058=LINE('',#8722,#1697);
#1059=LINE('',#8724,#1698);
#1060=LINE('',#8725,#1699);
#1061=LINE('',#8730,#1700);
#1062=LINE('',#8731,#1701);
#1063=LINE('',#8734,#1702);
#1064=LINE('',#8736,#1703);
#1065=LINE('',#8738,#1704);
#1066=LINE('',#8739,#1705);
#1067=LINE('',#8742,#1706);
#1068=LINE('',#8745,#1707);
#1069=LINE('',#8748,#1708);
#1070=LINE('',#8749,#1709);
#1071=LINE('',#8751,#1710);
#1072=LINE('',#8752,#1711);
#1073=LINE('',#8757,#1712);
#1074=LINE('',#8761,#1713);
#1075=LINE('',#8764,#1714);
#1076=LINE('',#8765,#1715);
#1077=LINE('',#8769,#1716);
#1078=LINE('',#8770,#1717);
#1079=LINE('',#8775,#1718);
#1080=LINE('',#8781,#1719);
#1081=LINE('',#8785,#1720);
#1082=LINE('',#8789,#1721);
#1083=LINE('',#8794,#1722);
#1084=LINE('',#8798,#1723);
#1085=LINE('',#8800,#1724);
#1086=LINE('',#8802,#1725);
#1087=LINE('',#8804,#1726);
#1088=LINE('',#8807,#1727);
#1089=LINE('',#8808,#1728);
#1090=LINE('',#8811,#1729);
#1091=LINE('',#8815,#1730);
#1092=LINE('',#8817,#1731);
#1093=LINE('',#8819,#1732);
#1094=LINE('',#8821,#1733);
#1095=LINE('',#8823,#1734);
#1096=LINE('',#8825,#1735);
#1097=LINE('',#8827,#1736);
#1098=LINE('',#8829,#1737);
#1099=LINE('',#8831,#1738);
#1100=LINE('',#8833,#1739);
#1101=LINE('',#8837,#1740);
#1102=LINE('',#8840,#1741);
#1103=LINE('',#8851,#1742);
#1104=LINE('',#8854,#1743);
#1105=LINE('',#8856,#1744);
#1106=LINE('',#8857,#1745);
#1107=LINE('',#8865,#1746);
#1108=LINE('',#8866,#1747);
#1109=LINE('',#8868,#1748);
#1110=LINE('',#8871,#1749);
#1111=LINE('',#8875,#1750);
#1112=LINE('',#8876,#1751);
#1113=LINE('',#8879,#1752);
#1114=LINE('',#8883,#1753);
#1115=LINE('',#8884,#1754);
#1116=LINE('',#8887,#1755);
#1117=LINE('',#8889,#1756);
#1118=LINE('',#8890,#1757);
#1119=LINE('',#8893,#1758);
#1120=LINE('',#8897,#1759);
#1121=LINE('',#8898,#1760);
#1122=LINE('',#8901,#1761);
#1123=LINE('',#8903,#1762);
#1124=LINE('',#8904,#1763);
#1125=LINE('',#8913,#1764);
#1126=LINE('',#8916,#1765);
#1127=LINE('',#8922,#1766);
#1128=LINE('',#8925,#1767);
#1129=LINE('',#8931,#1768);
#1130=LINE('',#8934,#1769);
#1131=LINE('',#8946,#1770);
#1132=LINE('',#8949,#1771);
#1133=LINE('',#8955,#1772);
#1134=LINE('',#8958,#1773);
#1135=LINE('',#8964,#1774);
#1136=LINE('',#8967,#1775);
#1137=LINE('',#8974,#1776);
#1138=LINE('',#8978,#1777);
#1139=LINE('',#8982,#1778);
#1140=LINE('',#8986,#1779);
#1141=LINE('',#8990,#1780);
#1142=LINE('',#8994,#1781);
#1143=LINE('',#8997,#1782);
#1144=LINE('',#9000,#1783);
#1145=LINE('',#9001,#1784);
#1146=LINE('',#9005,#1785);
#1147=LINE('',#9007,#1786);
#1148=LINE('',#9010,#1787);
#1149=LINE('',#9013,#1788);
#1150=LINE('',#9016,#1789);
#1151=LINE('',#9017,#1790);
#1152=LINE('',#9021,#1791);
#1153=LINE('',#9023,#1792);
#1154=LINE('',#9026,#1793);
#1155=LINE('',#9029,#1794);
#1156=LINE('',#9032,#1795);
#1157=LINE('',#9033,#1796);
#1158=LINE('',#9037,#1797);
#1159=LINE('',#9039,#1798);
#1160=LINE('',#9042,#1799);
#1161=LINE('',#9046,#1800);
#1162=LINE('',#9050,#1801);
#1163=LINE('',#9053,#1802);
#1164=LINE('',#9056,#1803);
#1165=LINE('',#9057,#1804);
#1166=LINE('',#9061,#1805);
#1167=LINE('',#9063,#1806);
#1168=LINE('',#9066,#1807);
#1169=LINE('',#9069,#1808);
#1170=LINE('',#9072,#1809);
#1171=LINE('',#9073,#1810);
#1172=LINE('',#9077,#1811);
#1173=LINE('',#9079,#1812);
#1174=LINE('',#9082,#1813);
#1175=LINE('',#9085,#1814);
#1176=LINE('',#9088,#1815);
#1177=LINE('',#9089,#1816);
#1178=LINE('',#9093,#1817);
#1179=LINE('',#9095,#1818);
#1180=LINE('',#9098,#1819);
#1181=LINE('',#9101,#1820);
#1182=LINE('',#9102,#1821);
#1183=LINE('',#9104,#1822);
#1184=LINE('',#9106,#1823);
#1185=LINE('',#9108,#1824);
#1186=LINE('',#9110,#1825);
#1187=LINE('',#9112,#1826);
#1188=LINE('',#9114,#1827);
#1189=LINE('',#9119,#1828);
#1190=LINE('',#9121,#1829);
#1191=LINE('',#9123,#1830);
#1192=LINE('',#9125,#1831);
#1193=LINE('',#9127,#1832);
#1194=LINE('',#9131,#1833);
#1195=LINE('',#9133,#1834);
#1196=LINE('',#9135,#1835);
#1197=LINE('',#9139,#1836);
#1198=LINE('',#9141,#1837);
#1199=LINE('',#9143,#1838);
#1200=LINE('',#9147,#1839);
#1201=LINE('',#9149,#1840);
#1202=LINE('',#9151,#1841);
#1203=LINE('',#9153,#1842);
#1204=LINE('',#9155,#1843);
#1205=LINE('',#9159,#1844);
#1206=LINE('',#9161,#1845);
#1207=LINE('',#9163,#1846);
#1208=LINE('',#9167,#1847);
#1209=LINE('',#9169,#1848);
#1210=LINE('',#9171,#1849);
#1211=LINE('',#9178,#1850);
#1212=LINE('',#9184,#1851);
#1213=LINE('',#9186,#1852);
#1214=LINE('',#9188,#1853);
#1215=LINE('',#9193,#1854);
#1216=LINE('',#9195,#1855);
#1217=LINE('',#9197,#1856);
#1218=LINE('',#9198,#1857);
#1219=LINE('',#9202,#1858);
#1220=LINE('',#9204,#1859);
#1221=LINE('',#9206,#1860);
#1222=LINE('',#9207,#1861);
#1223=LINE('',#9211,#1862);
#1224=LINE('',#9213,#1863);
#1225=LINE('',#9215,#1864);
#1226=LINE('',#9216,#1865);
#1227=LINE('',#9220,#1866);
#1228=LINE('',#9222,#1867);
#1229=LINE('',#9224,#1868);
#1230=LINE('',#9225,#1869);
#1231=LINE('',#9229,#1870);
#1232=LINE('',#9231,#1871);
#1233=LINE('',#9233,#1872);
#1234=LINE('',#9234,#1873);
#1235=LINE('',#9238,#1874);
#1236=LINE('',#9240,#1875);
#1237=LINE('',#9242,#1876);
#1238=LINE('',#9243,#1877);
#1239=LINE('',#9247,#1878);
#1240=LINE('',#9249,#1879);
#1241=LINE('',#9251,#1880);
#1242=LINE('',#9252,#1881);
#1243=LINE('',#9256,#1882);
#1244=LINE('',#9258,#1883);
#1245=LINE('',#9260,#1884);
#1246=LINE('',#9261,#1885);
#1247=LINE('',#9265,#1886);
#1248=LINE('',#9267,#1887);
#1249=LINE('',#9269,#1888);
#1250=LINE('',#9270,#1889);
#1251=LINE('',#9274,#1890);
#1252=LINE('',#9276,#1891);
#1253=LINE('',#9278,#1892);
#1254=LINE('',#9279,#1893);
#1255=LINE('',#9283,#1894);
#1256=LINE('',#9285,#1895);
#1257=LINE('',#9287,#1896);
#1258=LINE('',#9288,#1897);
#1259=LINE('',#9292,#1898);
#1260=LINE('',#9294,#1899);
#1261=LINE('',#9296,#1900);
#1262=LINE('',#9297,#1901);
#1263=LINE('',#9301,#1902);
#1264=LINE('',#9303,#1903);
#1265=LINE('',#9305,#1904);
#1266=LINE('',#9309,#1905);
#1267=LINE('',#9311,#1906);
#1268=LINE('',#9313,#1907);
#1269=LINE('',#9317,#1908);
#1270=LINE('',#9319,#1909);
#1271=LINE('',#9321,#1910);
#1272=LINE('',#9323,#1911);
#1273=LINE('',#9325,#1912);
#1274=LINE('',#9329,#1913);
#1275=LINE('',#9331,#1914);
#1276=LINE('',#9333,#1915);
#1277=LINE('',#9337,#1916);
#1278=LINE('',#9339,#1917);
#1279=LINE('',#9341,#1918);
#1280=LINE('',#9345,#1919);
#1281=LINE('',#9347,#1920);
#1282=LINE('',#9349,#1921);
#1283=LINE('',#9351,#1922);
#1284=LINE('',#9353,#1923);
#1285=LINE('',#9357,#1924);
#1286=LINE('',#9361,#1925);
#1287=LINE('',#9365,#1926);
#1288=LINE('',#9369,#1927);
#1289=LINE('',#9373,#1928);
#1290=LINE('',#9377,#1929);
#1291=LINE('',#9381,#1930);
#1292=LINE('',#9385,#1931);
#1293=LINE('',#9389,#1932);
#1294=LINE('',#9393,#1933);
#1295=LINE('',#9400,#1934);
#1296=LINE('',#9404,#1935);
#1297=LINE('',#9408,#1936);
#1298=LINE('',#9411,#1937);
#1299=LINE('',#9413,#1938);
#1300=LINE('',#9414,#1939);
#1301=LINE('',#9416,#1940);
#1302=LINE('',#9418,#1941);
#1303=LINE('',#9420,#1942);
#1304=LINE('',#9422,#1943);
#1305=LINE('',#9424,#1944);
#1306=LINE('',#9426,#1945);
#1307=LINE('',#9428,#1946);
#1308=LINE('',#9430,#1947);
#1309=LINE('',#9432,#1948);
#1310=LINE('',#9434,#1949);
#1311=LINE('',#9436,#1950);
#1312=LINE('',#9438,#1951);
#1313=LINE('',#9440,#1952);
#1314=LINE('',#9442,#1953);
#1315=LINE('',#9444,#1954);
#1316=LINE('',#9446,#1955);
#1317=LINE('',#9448,#1956);
#1318=LINE('',#9450,#1957);
#1319=LINE('',#9452,#1958);
#1320=LINE('',#9454,#1959);
#1321=LINE('',#9456,#1960);
#1322=LINE('',#9458,#1961);
#1323=LINE('',#9460,#1962);
#1324=LINE('',#9462,#1963);
#1325=LINE('',#9464,#1964);
#1326=LINE('',#9466,#1965);
#1327=LINE('',#9469,#1966);
#1328=LINE('',#9470,#1967);
#1329=LINE('',#9472,#1968);
#1330=LINE('',#9473,#1969);
#1331=LINE('',#9475,#1970);
#1332=LINE('',#9477,#1971);
#1333=LINE('',#9479,#1972);
#1334=LINE('',#9481,#1973);
#1335=LINE('',#9483,#1974);
#1336=LINE('',#9484,#1975);
#1337=LINE('',#9486,#1976);
#1338=LINE('',#9488,#1977);
#1339=LINE('',#9491,#1978);
#1340=LINE('',#9492,#1979);
#1341=LINE('',#9494,#1980);
#1342=LINE('',#9496,#1981);
#1343=LINE('',#9499,#1982);
#1344=LINE('',#9500,#1983);
#1345=LINE('',#9502,#1984);
#1346=LINE('',#9504,#1985);
#1347=LINE('',#9507,#1986);
#1348=LINE('',#9508,#1987);
#1349=LINE('',#9510,#1988);
#1350=LINE('',#9512,#1989);
#1351=LINE('',#9515,#1990);
#1352=LINE('',#9516,#1991);
#1353=LINE('',#9518,#1992);
#1354=LINE('',#9520,#1993);
#1355=LINE('',#9523,#1994);
#1356=LINE('',#9524,#1995);
#1357=LINE('',#9526,#1996);
#1358=LINE('',#9528,#1997);
#1359=LINE('',#9532,#1998);
#1360=LINE('',#9534,#1999);
#1361=LINE('',#9535,#2000);
#1362=LINE('',#9537,#2001);
#1363=LINE('',#9538,#2002);
#1364=LINE('',#9540,#2003);
#1365=LINE('',#9542,#2004);
#1366=LINE('',#9545,#2005);
#1367=LINE('',#9546,#2006);
#1368=LINE('',#9548,#2007);
#1369=LINE('',#9550,#2008);
#1370=LINE('',#9553,#2009);
#1371=LINE('',#9554,#2010);
#1372=LINE('',#9556,#2011);
#1373=LINE('',#9558,#2012);
#1374=LINE('',#9561,#2013);
#1375=LINE('',#9562,#2014);
#1376=LINE('',#9564,#2015);
#1377=LINE('',#9566,#2016);
#1378=LINE('',#9569,#2017);
#1379=LINE('',#9570,#2018);
#1380=LINE('',#9572,#2019);
#1381=LINE('',#9574,#2020);
#1382=LINE('',#9577,#2021);
#1383=LINE('',#9578,#2022);
#1384=LINE('',#9580,#2023);
#1385=LINE('',#9582,#2024);
#1386=LINE('',#9586,#2025);
#1387=LINE('',#9588,#2026);
#1388=LINE('',#9589,#2027);
#1389=LINE('',#9591,#2028);
#1390=LINE('',#9592,#2029);
#1391=LINE('',#9594,#2030);
#1392=LINE('',#9596,#2031);
#1393=LINE('',#9598,#2032);
#1394=LINE('',#9600,#2033);
#1395=LINE('',#9602,#2034);
#1396=LINE('',#9604,#2035);
#1397=LINE('',#9606,#2036);
#1398=LINE('',#9608,#2037);
#1399=LINE('',#9610,#2038);
#1400=LINE('',#9612,#2039);
#1401=LINE('',#9614,#2040);
#1402=LINE('',#9616,#2041);
#1403=LINE('',#9618,#2042);
#1404=LINE('',#9620,#2043);
#1405=LINE('',#9622,#2044);
#1406=LINE('',#9624,#2045);
#1407=LINE('',#9626,#2046);
#1408=LINE('',#9628,#2047);
#1409=LINE('',#9630,#2048);
#1410=LINE('',#9632,#2049);
#1411=LINE('',#9634,#2050);
#1412=LINE('',#9636,#2051);
#1413=LINE('',#9638,#2052);
#1414=LINE('',#9640,#2053);
#1415=LINE('',#9642,#2054);
#1416=LINE('',#9644,#2055);
#1417=LINE('',#9649,#2056);
#1418=LINE('',#9650,#2057);
#1419=LINE('',#9651,#2058);
#1420=LINE('',#9654,#2059);
#1421=LINE('',#9655,#2060);
#1422=LINE('',#9658,#2061);
#1423=LINE('',#9659,#2062);
#1424=LINE('',#9665,#2063);
#1425=LINE('',#9669,#2064);
#1426=LINE('',#9671,#2065);
#1427=LINE('',#9673,#2066);
#1428=LINE('',#9675,#2067);
#1429=LINE('',#9677,#2068);
#1430=LINE('',#9679,#2069);
#1431=LINE('',#9681,#2070);
#1432=LINE('',#9683,#2071);
#1433=LINE('',#9684,#2072);
#1434=LINE('',#9685,#2073);
#1435=LINE('',#9691,#2074);
#1436=LINE('',#9692,#2075);
#1437=LINE('',#9694,#2076);
#1438=LINE('',#9696,#2077);
#1439=LINE('',#9698,#2078);
#1440=LINE('',#9700,#2079);
#1441=LINE('',#9702,#2080);
#1442=LINE('',#9704,#2081);
#1443=LINE('',#9708,#2082);
#1444=LINE('',#9710,#2083);
#1445=LINE('',#9711,#2084);
#1446=LINE('',#9715,#2085);
#1447=LINE('',#9718,#2086);
#1448=LINE('',#9719,#2087);
#1449=LINE('',#9722,#2088);
#1450=LINE('',#9723,#2089);
#1451=LINE('',#9726,#2090);
#1452=LINE('',#9727,#2091);
#1453=LINE('',#9729,#2092);
#1454=LINE('',#9732,#2093);
#1455=LINE('',#9734,#2094);
#1456=LINE('',#9735,#2095);
#1457=LINE('',#9738,#2096);
#1458=LINE('',#9739,#2097);
#1459=LINE('',#9746,#2098);
#1460=LINE('',#9747,#2099);
#1461=LINE('',#9748,#2100);
#1462=LINE('',#9757,#2101);
#1463=LINE('',#9759,#2102);
#1464=LINE('',#9761,#2103);
#1465=LINE('',#9763,#2104);
#1466=LINE('',#9765,#2105);
#1467=LINE('',#9766,#2106);
#1468=LINE('',#9768,#2107);
#1469=LINE('',#9770,#2108);
#1470=LINE('',#9772,#2109);
#1471=LINE('',#9774,#2110);
#1472=LINE('',#9776,#2111);
#1473=LINE('',#9778,#2112);
#1474=LINE('',#9780,#2113);
#1475=LINE('',#9782,#2114);
#1476=LINE('',#9784,#2115);
#1477=LINE('',#9785,#2116);
#1478=LINE('',#9793,#2117);
#1479=LINE('',#9806,#2118);
#1480=LINE('',#9808,#2119);
#1481=LINE('',#9810,#2120);
#1482=LINE('',#9812,#2121);
#1483=LINE('',#9815,#2122);
#1484=LINE('',#9817,#2123);
#1485=VECTOR('',#6460,1.);
#1486=VECTOR('',#6463,10.);
#1487=VECTOR('',#6468,1.);
#1488=VECTOR('',#6471,1.);
#1489=VECTOR('',#6472,10.);
#1490=VECTOR('',#6477,10.);
#1491=VECTOR('',#6478,10.);
#1492=VECTOR('',#6481,10.);
#1493=VECTOR('',#6482,10.);
#1494=VECTOR('',#6487,10.);
#1495=VECTOR('',#6492,10.);
#1496=VECTOR('',#6493,10.);
#1497=VECTOR('',#6494,10.);
#1498=VECTOR('',#6497,1.);
#1499=VECTOR('',#6498,10.);
#1500=VECTOR('',#6499,1.);
#1501=VECTOR('',#6500,1.);
#1502=VECTOR('',#6501,1.);
#1503=VECTOR('',#6504,10.);
#1504=VECTOR('',#6507,10.);
#1505=VECTOR('',#6508,1.);
#1506=VECTOR('',#6509,1.);
#1507=VECTOR('',#6512,1.);
#1508=VECTOR('',#6513,1.);
#1509=VECTOR('',#6514,1.);
#1510=VECTOR('',#6517,1.);
#1511=VECTOR('',#6520,1.);
#1512=VECTOR('',#6521,1.);
#1513=VECTOR('',#6522,1.);
#1514=VECTOR('',#6523,1.);
#1515=VECTOR('',#6524,1.);
#1516=VECTOR('',#6527,1.);
#1517=VECTOR('',#6528,1.);
#1518=VECTOR('',#6529,1.);
#1519=VECTOR('',#6532,1.);
#1520=VECTOR('',#6533,1.);
#1521=VECTOR('',#6534,1.);
#1522=VECTOR('',#6537,1.);
#1523=VECTOR('',#6538,1.);
#1524=VECTOR('',#6539,1.);
#1525=VECTOR('',#6540,1.);
#1526=VECTOR('',#6541,1.);
#1527=VECTOR('',#6544,1.);
#1528=VECTOR('',#6545,1.);
#1529=VECTOR('',#6546,1.);
#1530=VECTOR('',#6549,1.);
#1531=VECTOR('',#6550,1.);
#1532=VECTOR('',#6551,1.);
#1533=VECTOR('',#6556,1.);
#1534=VECTOR('',#6561,1.);
#1535=VECTOR('',#6562,1.);
#1536=VECTOR('',#6563,1.);
#1537=VECTOR('',#6564,1.);
#1538=VECTOR('',#6565,1.);
#1539=VECTOR('',#6566,1.);
#1540=VECTOR('',#6567,1.);
#1541=VECTOR('',#6568,1.);
#1542=VECTOR('',#6569,1.);
#1543=VECTOR('',#6570,1.);
#1544=VECTOR('',#6571,1.);
#1545=VECTOR('',#6572,1.);
#1546=VECTOR('',#6573,1.);
#1547=VECTOR('',#6574,1.);
#1548=VECTOR('',#6575,1.);
#1549=VECTOR('',#6576,1.);
#1550=VECTOR('',#6577,1.);
#1551=VECTOR('',#6578,1.);
#1552=VECTOR('',#6579,1.);
#1553=VECTOR('',#6580,1.);
#1554=VECTOR('',#6581,1.);
#1555=VECTOR('',#6582,1.);
#1556=VECTOR('',#6583,1.);
#1557=VECTOR('',#6584,1.);
#1558=VECTOR('',#6585,1.);
#1559=VECTOR('',#6586,1.);
#1560=VECTOR('',#6587,1.);
#1561=VECTOR('',#6588,1.);
#1562=VECTOR('',#6589,1.);
#1563=VECTOR('',#6590,1.);
#1564=VECTOR('',#6591,1.);
#1565=VECTOR('',#6592,1.);
#1566=VECTOR('',#6593,1.);
#1567=VECTOR('',#6594,1.);
#1568=VECTOR('',#6595,1.);
#1569=VECTOR('',#6596,1.);
#1570=VECTOR('',#6597,1.);
#1571=VECTOR('',#6598,1.);
#1572=VECTOR('',#6599,1.);
#1573=VECTOR('',#6600,1.);
#1574=VECTOR('',#6601,1.);
#1575=VECTOR('',#6602,1.);
#1576=VECTOR('',#6603,1.);
#1577=VECTOR('',#6604,1.);
#1578=VECTOR('',#6605,1.);
#1579=VECTOR('',#6606,1.);
#1580=VECTOR('',#6607,1.);
#1581=VECTOR('',#6608,1.);
#1582=VECTOR('',#6611,1.);
#1583=VECTOR('',#6614,1.);
#1584=VECTOR('',#6615,1.);
#1585=VECTOR('',#6616,1.);
#1586=VECTOR('',#6619,1.);
#1587=VECTOR('',#6620,1.);
#1588=VECTOR('',#6621,1.);
#1589=VECTOR('',#6622,1.);
#1590=VECTOR('',#6623,1.);
#1591=VECTOR('',#6626,1.);
#1592=VECTOR('',#6627,1.);
#1593=VECTOR('',#6628,1.);
#1594=VECTOR('',#6631,1.);
#1595=VECTOR('',#6632,1.);
#1596=VECTOR('',#6633,1.);
#1597=VECTOR('',#6636,1.);
#1598=VECTOR('',#6637,1.);
#1599=VECTOR('',#6638,1.);
#1600=VECTOR('',#6639,1.);
#1601=VECTOR('',#6640,1.);
#1602=VECTOR('',#6643,1.);
#1603=VECTOR('',#6644,1.);
#1604=VECTOR('',#6645,1.);
#1605=VECTOR('',#6648,1.);
#1606=VECTOR('',#6649,10.);
#1607=VECTOR('',#6650,1.);
#1608=VECTOR('',#6651,1.);
#1609=VECTOR('',#6652,1.);
#1610=VECTOR('',#6655,10.);
#1611=VECTOR('',#6656,10.);
#1612=VECTOR('',#6657,10.);
#1613=VECTOR('',#6658,10.);
#1614=VECTOR('',#6659,10.);
#1615=VECTOR('',#6664,10.);
#1616=VECTOR('',#6667,10.);
#1617=VECTOR('',#6672,10.);
#1618=VECTOR('',#6675,10.);
#1619=VECTOR('',#6676,10.);
#1620=VECTOR('',#6681,10.);
#1621=VECTOR('',#6684,10.);
#1622=VECTOR('',#6687,10.);
#1623=VECTOR('',#6688,10.);
#1624=VECTOR('',#6689,10.);
#1625=VECTOR('',#6690,10.);
#1626=VECTOR('',#6691,10.);
#1627=VECTOR('',#6692,10.);
#1628=VECTOR('',#6693,1.);
#1629=VECTOR('',#6698,10.);
#1630=VECTOR('',#6701,10.);
#1631=VECTOR('',#6704,10.);
#1632=VECTOR('',#6705,10.);
#1633=VECTOR('',#6728,1.);
#1634=VECTOR('',#6729,10.);
#1635=VECTOR('',#6730,10.);
#1636=VECTOR('',#6731,10.);
#1637=VECTOR('',#6732,10.);
#1638=VECTOR('',#6733,10.);
#1639=VECTOR('',#6734,10.);
#1640=VECTOR('',#6739,10.);
#1641=VECTOR('',#6748,1.);
#1642=VECTOR('',#6751,1.);
#1643=VECTOR('',#6754,1.);
#1644=VECTOR('',#6757,1.);
#1645=VECTOR('',#6762,10.);
#1646=VECTOR('',#6765,10.);
#1647=VECTOR('',#6768,10.);
#1648=VECTOR('',#6771,10.);
#1649=VECTOR('',#6774,10.);
#1650=VECTOR('',#6777,10.);
#1651=VECTOR('',#6780,10.);
#1652=VECTOR('',#6781,10.);
#1653=VECTOR('',#6782,10.);
#1654=VECTOR('',#6783,10.);
#1655=VECTOR('',#6784,10.);
#1656=VECTOR('',#6785,10.);
#1657=VECTOR('',#6790,10.);
#1658=VECTOR('',#6795,10.);
#1659=VECTOR('',#6798,10.);
#1660=VECTOR('',#6801,10.);
#1661=VECTOR('',#6804,10.);
#1662=VECTOR('',#6807,10.);
#1663=VECTOR('',#6810,10.);
#1664=VECTOR('',#6813,10.);
#1665=VECTOR('',#6816,10.);
#1666=VECTOR('',#6819,10.);
#1667=VECTOR('',#6822,10.);
#1668=VECTOR('',#6825,10.);
#1669=VECTOR('',#6836,10.);
#1670=VECTOR('',#6839,10.);
#1671=VECTOR('',#6842,10.);
#1672=VECTOR('',#6845,10.);
#1673=VECTOR('',#6848,10.);
#1674=VECTOR('',#6851,10.);
#1675=VECTOR('',#6854,10.);
#1676=VECTOR('',#6857,10.);
#1677=VECTOR('',#6860,10.);
#1678=VECTOR('',#6863,10.);
#1679=VECTOR('',#6866,10.);
#1680=VECTOR('',#6869,10.);
#1681=VECTOR('',#6872,10.);
#1682=VECTOR('',#6877,10.);
#1683=VECTOR('',#6880,10.);
#1684=VECTOR('',#6883,10.);
#1685=VECTOR('',#6886,10.);
#1686=VECTOR('',#6889,10.);
#1687=VECTOR('',#6890,10.);
#1688=VECTOR('',#6893,1.);
#1689=VECTOR('',#6894,10.);
#1690=VECTOR('',#6895,1.);
#1691=VECTOR('',#6898,10.);
#1692=VECTOR('',#6899,10.);
#1693=VECTOR('',#6902,10.);
#1694=VECTOR('',#6903,10.);
#1695=VECTOR('',#6904,10.);
#1696=VECTOR('',#6905,10.);
#1697=VECTOR('',#6908,1.);
#1698=VECTOR('',#6909,10.);
#1699=VECTOR('',#6910,1.);
#1700=VECTOR('',#6915,10.);
#1701=VECTOR('',#6916,10.);
#1702=VECTOR('',#6919,10.);
#1703=VECTOR('',#6920,10.);
#1704=VECTOR('',#6921,10.);
#1705=VECTOR('',#6922,10.);
#1706=VECTOR('',#6925,10.);
#1707=VECTOR('',#6928,10.);
#1708=VECTOR('',#6931,10.);
#1709=VECTOR('',#6932,10.);
#1710=VECTOR('',#6935,10.);
#1711=VECTOR('',#6936,10.);
#1712=VECTOR('',#6941,10.);
#1713=VECTOR('',#6946,10.);
#1714=VECTOR('',#6951,10.);
#1715=VECTOR('',#6952,10.);
#1716=VECTOR('',#6957,10.);
#1717=VECTOR('',#6958,10.);
#1718=VECTOR('',#6963,10.);
#1719=VECTOR('',#6970,10.);
#1720=VECTOR('',#6975,10.);
#1721=VECTOR('',#6980,10.);
#1722=VECTOR('',#6985,10.);
#1723=VECTOR('',#6990,10.);
#1724=VECTOR('',#6993,10.);
#1725=VECTOR('',#6996,10.);
#1726=VECTOR('',#6999,10.);
#1727=VECTOR('',#7002,10.);
#1728=VECTOR('',#7003,10.);
#1729=VECTOR('',#7006,10.);
#1730=VECTOR('',#7011,10.);
#1731=VECTOR('',#7012,10.);
#1732=VECTOR('',#7013,10.);
#1733=VECTOR('',#7014,10.);
#1734=VECTOR('',#7015,10.);
#1735=VECTOR('',#7016,10.);
#1736=VECTOR('',#7017,10.);
#1737=VECTOR('',#7018,10.);
#1738=VECTOR('',#7019,10.);
#1739=VECTOR('',#7020,10.);
#1740=VECTOR('',#7023,10.);
#1741=VECTOR('',#7026,10.);
#1742=VECTOR('',#7041,10.);
#1743=VECTOR('',#7046,10.);
#1744=VECTOR('',#7047,10.);
#1745=VECTOR('',#7048,10.);
#1746=VECTOR('',#7059,10.);
#1747=VECTOR('',#7060,10.);
#1748=VECTOR('',#7063,1.);
#1749=VECTOR('',#7066,10.);
#1750=VECTOR('',#7071,10.);
#1751=VECTOR('',#7072,10.);
#1752=VECTOR('',#7075,10.);
#1753=VECTOR('',#7080,10.);
#1754=VECTOR('',#7081,10.);
#1755=VECTOR('',#7084,10.);
#1756=VECTOR('',#7085,10.);
#1757=VECTOR('',#7086,10.);
#1758=VECTOR('',#7089,1.);
#1759=VECTOR('',#7094,1.);
#1760=VECTOR('',#7095,10.);
#1761=VECTOR('',#7098,10.);
#1762=VECTOR('',#7099,10.);
#1763=VECTOR('',#7100,10.);
#1764=VECTOR('',#7109,1.);
#1765=VECTOR('',#7112,1.);
#1766=VECTOR('',#7117,1.);
#1767=VECTOR('',#7120,1.);
#1768=VECTOR('',#7125,1.);
#1769=VECTOR('',#7128,1.);
#1770=VECTOR('',#7141,1.);
#1771=VECTOR('',#7144,1.);
#1772=VECTOR('',#7149,1.);
#1773=VECTOR('',#7152,1.);
#1774=VECTOR('',#7157,1.);
#1775=VECTOR('',#7160,1.);
#1776=VECTOR('',#7167,10.);
#1777=VECTOR('',#7170,10.);
#1778=VECTOR('',#7173,10.);
#1779=VECTOR('',#7176,10.);
#1780=VECTOR('',#7181,1.1);
#1781=VECTOR('',#7186,1.);
#1782=VECTOR('',#7189,1.);
#1783=VECTOR('',#7192,1.);
#1784=VECTOR('',#7193,10.);
#1785=VECTOR('',#7198,1.);
#1786=VECTOR('',#7201,10.);
#1787=VECTOR('',#7204,1.);
#1788=VECTOR('',#7207,1.);
#1789=VECTOR('',#7210,1.);
#1790=VECTOR('',#7211,10.);
#1791=VECTOR('',#7216,1.);
#1792=VECTOR('',#7219,10.);
#1793=VECTOR('',#7222,1.);
#1794=VECTOR('',#7225,1.);
#1795=VECTOR('',#7228,10.);
#1796=VECTOR('',#7229,1.);
#1797=VECTOR('',#7234,1.);
#1798=VECTOR('',#7237,10.);
#1799=VECTOR('',#7240,1.1);
#1800=VECTOR('',#7245,1.1);
#1801=VECTOR('',#7250,1.);
#1802=VECTOR('',#7253,1.);
#1803=VECTOR('',#7256,1.);
#1804=VECTOR('',#7257,10.);
#1805=VECTOR('',#7262,1.);
#1806=VECTOR('',#7265,10.);
#1807=VECTOR('',#7268,1.);
#1808=VECTOR('',#7271,1.);
#1809=VECTOR('',#7274,1.);
#1810=VECTOR('',#7275,10.);
#1811=VECTOR('',#7280,1.);
#1812=VECTOR('',#7283,10.);
#1813=VECTOR('',#7286,1.);
#1814=VECTOR('',#7289,1.);
#1815=VECTOR('',#7292,1.);
#1816=VECTOR('',#7293,10.);
#1817=VECTOR('',#7298,1.);
#1818=VECTOR('',#7301,10.);
#1819=VECTOR('',#7304,1.1);
#1820=VECTOR('',#7309,1.);
#1821=VECTOR('',#7310,1.);
#1822=VECTOR('',#7313,1.);
#1823=VECTOR('',#7316,1.);
#1824=VECTOR('',#7319,1.);
#1825=VECTOR('',#7322,1.);
#1826=VECTOR('',#7325,1.);
#1827=VECTOR('',#7328,1.);
#1828=VECTOR('',#7333,10.);
#1829=VECTOR('',#7334,10.);
#1830=VECTOR('',#7335,10.);
#1831=VECTOR('',#7336,10.);
#1832=VECTOR('',#7337,10.);
#1833=VECTOR('',#7340,10.);
#1834=VECTOR('',#7341,10.);
#1835=VECTOR('',#7342,10.);
#1836=VECTOR('',#7345,10.);
#1837=VECTOR('',#7346,10.);
#1838=VECTOR('',#7347,10.);
#1839=VECTOR('',#7350,10.);
#1840=VECTOR('',#7351,10.);
#1841=VECTOR('',#7352,10.);
#1842=VECTOR('',#7353,10.);
#1843=VECTOR('',#7354,10.);
#1844=VECTOR('',#7357,10.);
#1845=VECTOR('',#7358,10.);
#1846=VECTOR('',#7359,10.);
#1847=VECTOR('',#7362,10.);
#1848=VECTOR('',#7363,10.);
#1849=VECTOR('',#7364,10.);
#1850=VECTOR('',#7371,10.);
#1851=VECTOR('',#7376,10.);
#1852=VECTOR('',#7377,10.);
#1853=VECTOR('',#7378,10.);
#1854=VECTOR('',#7383,10.);
#1855=VECTOR('',#7384,10.);
#1856=VECTOR('',#7385,10.);
#1857=VECTOR('',#7386,10.);
#1858=VECTOR('',#7389,10.);
#1859=VECTOR('',#7390,10.);
#1860=VECTOR('',#7391,10.);
#1861=VECTOR('',#7392,10.);
#1862=VECTOR('',#7395,10.);
#1863=VECTOR('',#7396,10.);
#1864=VECTOR('',#7397,10.);
#1865=VECTOR('',#7398,10.);
#1866=VECTOR('',#7401,10.);
#1867=VECTOR('',#7402,10.);
#1868=VECTOR('',#7403,10.);
#1869=VECTOR('',#7404,10.);
#1870=VECTOR('',#7407,10.);
#1871=VECTOR('',#7408,10.);
#1872=VECTOR('',#7409,10.);
#1873=VECTOR('',#7410,10.);
#1874=VECTOR('',#7413,10.);
#1875=VECTOR('',#7414,10.);
#1876=VECTOR('',#7415,10.);
#1877=VECTOR('',#7416,10.);
#1878=VECTOR('',#7419,10.);
#1879=VECTOR('',#7420,10.);
#1880=VECTOR('',#7421,10.);
#1881=VECTOR('',#7422,10.);
#1882=VECTOR('',#7425,10.);
#1883=VECTOR('',#7426,10.);
#1884=VECTOR('',#7427,10.);
#1885=VECTOR('',#7428,10.);
#1886=VECTOR('',#7431,10.);
#1887=VECTOR('',#7432,10.);
#1888=VECTOR('',#7433,10.);
#1889=VECTOR('',#7434,10.);
#1890=VECTOR('',#7437,10.);
#1891=VECTOR('',#7438,10.);
#1892=VECTOR('',#7439,10.);
#1893=VECTOR('',#7440,10.);
#1894=VECTOR('',#7443,10.);
#1895=VECTOR('',#7444,10.);
#1896=VECTOR('',#7445,10.);
#1897=VECTOR('',#7446,10.);
#1898=VECTOR('',#7449,10.);
#1899=VECTOR('',#7450,10.);
#1900=VECTOR('',#7451,10.);
#1901=VECTOR('',#7452,10.);
#1902=VECTOR('',#7455,10.);
#1903=VECTOR('',#7456,10.);
#1904=VECTOR('',#7457,10.);
#1905=VECTOR('',#7460,10.);
#1906=VECTOR('',#7461,10.);
#1907=VECTOR('',#7462,10.);
#1908=VECTOR('',#7465,10.);
#1909=VECTOR('',#7466,10.);
#1910=VECTOR('',#7467,10.);
#1911=VECTOR('',#7468,10.);
#1912=VECTOR('',#7469,10.);
#1913=VECTOR('',#7472,10.);
#1914=VECTOR('',#7473,10.);
#1915=VECTOR('',#7474,10.);
#1916=VECTOR('',#7477,10.);
#1917=VECTOR('',#7478,10.);
#1918=VECTOR('',#7479,10.);
#1919=VECTOR('',#7482,10.);
#1920=VECTOR('',#7483,10.);
#1921=VECTOR('',#7484,10.);
#1922=VECTOR('',#7485,10.);
#1923=VECTOR('',#7486,10.);
#1924=VECTOR('',#7491,3.175);
#1925=VECTOR('',#7496,3.175);
#1926=VECTOR('',#7501,3.175);
#1927=VECTOR('',#7506,3.175);
#1928=VECTOR('',#7511,3.175);
#1929=VECTOR('',#7516,3.175);
#1930=VECTOR('',#7521,3.175);
#1931=VECTOR('',#7526,3.175);
#1932=VECTOR('',#7531,3.175);
#1933=VECTOR('',#7536,3.175);
#1934=VECTOR('',#7543,10.);
#1935=VECTOR('',#7546,10.);
#1936=VECTOR('',#7549,10.);
#1937=VECTOR('',#7552,10.);
#1938=VECTOR('',#7555,1.);
#1939=VECTOR('',#7556,1.);
#1940=VECTOR('',#7559,1.);
#1941=VECTOR('',#7562,1.);
#1942=VECTOR('',#7565,1.);
#1943=VECTOR('',#7568,1.);
#1944=VECTOR('',#7571,1.);
#1945=VECTOR('',#7574,1.);
#1946=VECTOR('',#7577,1.);
#1947=VECTOR('',#7580,1.);
#1948=VECTOR('',#7583,1.);
#1949=VECTOR('',#7586,1.);
#1950=VECTOR('',#7589,1.);
#1951=VECTOR('',#7592,1.);
#1952=VECTOR('',#7595,1.);
#1953=VECTOR('',#7598,1.);
#1954=VECTOR('',#7601,1.);
#1955=VECTOR('',#7604,1.);
#1956=VECTOR('',#7607,1.);
#1957=VECTOR('',#7610,1.);
#1958=VECTOR('',#7613,1.);
#1959=VECTOR('',#7616,1.);
#1960=VECTOR('',#7619,1.);
#1961=VECTOR('',#7622,1.);
#1962=VECTOR('',#7625,1.);
#1963=VECTOR('',#7628,1.);
#1964=VECTOR('',#7631,1.);
#1965=VECTOR('',#7634,1.);
#1966=VECTOR('',#7639,10.);
#1967=VECTOR('',#7640,10.);
#1968=VECTOR('',#7643,1.1);
#1969=VECTOR('',#7644,10.);
#1970=VECTOR('',#7647,1.);
#1971=VECTOR('',#7650,1.);
#1972=VECTOR('',#7653,10.);
#1973=VECTOR('',#7656,1.1);
#1974=VECTOR('',#7659,1.);
#1975=VECTOR('',#7660,1.);
#1976=VECTOR('',#7663,1.);
#1977=VECTOR('',#7666,1.);
#1978=VECTOR('',#7671,1.);
#1979=VECTOR('',#7672,1.);
#1980=VECTOR('',#7675,1.);
#1981=VECTOR('',#7678,1.);
#1982=VECTOR('',#7683,1.);
#1983=VECTOR('',#7684,1.);
#1984=VECTOR('',#7687,1.);
#1985=VECTOR('',#7690,1.);
#1986=VECTOR('',#7695,1.);
#1987=VECTOR('',#7696,1.);
#1988=VECTOR('',#7699,1.);
#1989=VECTOR('',#7702,1.);
#1990=VECTOR('',#7707,1.);
#1991=VECTOR('',#7708,1.);
#1992=VECTOR('',#7711,1.);
#1993=VECTOR('',#7714,1.);
#1994=VECTOR('',#7719,1.);
#1995=VECTOR('',#7720,1.);
#1996=VECTOR('',#7723,10.);
#1997=VECTOR('',#7726,10.);
#1998=VECTOR('',#7731,1.);
#1999=VECTOR('',#7732,10.);
#2000=VECTOR('',#7733,1.);
#2001=VECTOR('',#7736,1.);
#2002=VECTOR('',#7737,1.);
#2003=VECTOR('',#7740,1.);
#2004=VECTOR('',#7743,1.);
#2005=VECTOR('',#7748,1.);
#2006=VECTOR('',#7749,1.);
#2007=VECTOR('',#7752,1.);
#2008=VECTOR('',#7755,1.);
#2009=VECTOR('',#7760,1.);
#2010=VECTOR('',#7761,1.);
#2011=VECTOR('',#7764,1.);
#2012=VECTOR('',#7767,1.);
#2013=VECTOR('',#7772,1.);
#2014=VECTOR('',#7773,1.);
#2015=VECTOR('',#7776,1.);
#2016=VECTOR('',#7779,1.);
#2017=VECTOR('',#7784,1.);
#2018=VECTOR('',#7785,1.);
#2019=VECTOR('',#7788,1.);
#2020=VECTOR('',#7791,1.);
#2021=VECTOR('',#7796,1.);
#2022=VECTOR('',#7797,1.);
#2023=VECTOR('',#7800,1.);
#2024=VECTOR('',#7803,1.);
#2025=VECTOR('',#7808,1.);
#2026=VECTOR('',#7809,1.);
#2027=VECTOR('',#7810,10.);
#2028=VECTOR('',#7813,10.);
#2029=VECTOR('',#7814,1.);
#2030=VECTOR('',#7817,1.);
#2031=VECTOR('',#7820,10.);
#2032=VECTOR('',#7823,1.);
#2033=VECTOR('',#7826,1.);
#2034=VECTOR('',#7829,1.);
#2035=VECTOR('',#7832,1.);
#2036=VECTOR('',#7835,1.);
#2037=VECTOR('',#7838,1.);
#2038=VECTOR('',#7841,1.);
#2039=VECTOR('',#7844,1.);
#2040=VECTOR('',#7847,1.);
#2041=VECTOR('',#7850,1.);
#2042=VECTOR('',#7853,1.);
#2043=VECTOR('',#7856,1.);
#2044=VECTOR('',#7859,1.);
#2045=VECTOR('',#7862,1.);
#2046=VECTOR('',#7865,1.);
#2047=VECTOR('',#7868,1.);
#2048=VECTOR('',#7871,1.);
#2049=VECTOR('',#7874,1.);
#2050=VECTOR('',#7877,1.);
#2051=VECTOR('',#7880,1.);
#2052=VECTOR('',#7883,1.);
#2053=VECTOR('',#7886,1.);
#2054=VECTOR('',#7889,1.);
#2055=VECTOR('',#7892,10.);
#2056=VECTOR('',#7897,10.);
#2057=VECTOR('',#7898,10.);
#2058=VECTOR('',#7899,1.);
#2059=VECTOR('',#7902,10.);
#2060=VECTOR('',#7903,10.);
#2061=VECTOR('',#7906,10.);
#2062=VECTOR('',#7907,1.);
#2063=VECTOR('',#7912,10.);
#2064=VECTOR('',#7915,10.);
#2065=VECTOR('',#7916,10.);
#2066=VECTOR('',#7917,10.);
#2067=VECTOR('',#7918,10.);
#2068=VECTOR('',#7919,10.);
#2069=VECTOR('',#7920,10.);
#2070=VECTOR('',#7921,10.);
#2071=VECTOR('',#7922,10.);
#2072=VECTOR('',#7923,10.);
#2073=VECTOR('',#7924,10.);
#2074=VECTOR('',#7931,10.);
#2075=VECTOR('',#7932,10.);
#2076=VECTOR('',#7935,10.);
#2077=VECTOR('',#7938,10.);
#2078=VECTOR('',#7941,10.);
#2079=VECTOR('',#7944,10.);
#2080=VECTOR('',#7947,10.);
#2081=VECTOR('',#7950,10.);
#2082=VECTOR('',#7955,10.);
#2083=VECTOR('',#7956,10.);
#2084=VECTOR('',#7957,10.);
#2085=VECTOR('',#7962,10.);
#2086=VECTOR('',#7965,10.);
#2087=VECTOR('',#7966,10.);
#2088=VECTOR('',#7969,10.);
#2089=VECTOR('',#7970,10.);
#2090=VECTOR('',#7973,10.);
#2091=VECTOR('',#7974,10.);
#2092=VECTOR('',#7977,10.);
#2093=VECTOR('',#7980,10.);
#2094=VECTOR('',#7981,10.);
#2095=VECTOR('',#7982,10.);
#2096=VECTOR('',#7985,10.);
#2097=VECTOR('',#7986,10.);
#2098=VECTOR('',#7995,10.);
#2099=VECTOR('',#7996,10.);
#2100=VECTOR('',#7997,10.);
#2101=VECTOR('',#8008,10.);
#2102=VECTOR('',#8011,10.);
#2103=VECTOR('',#8014,3.175);
#2104=VECTOR('',#8017,3.175);
#2105=VECTOR('',#8020,10.);
#2106=VECTOR('',#8021,10.);
#2107=VECTOR('',#8024,10.);
#2108=VECTOR('',#8027,10.);
#2109=VECTOR('',#8030,10.);
#2110=VECTOR('',#8033,10.);
#2111=VECTOR('',#8036,10.);
#2112=VECTOR('',#8039,10.);
#2113=VECTOR('',#8042,10.);
#2114=VECTOR('',#8045,10.);
#2115=VECTOR('',#8048,10.);
#2116=VECTOR('',#8049,10.);
#2117=VECTOR('',#8060,10.);
#2118=VECTOR('',#8085,1.1);
#2119=VECTOR('',#8088,1.1);
#2120=VECTOR('',#8091,1.1);
#2121=VECTOR('',#8094,1.1);
#2122=VECTOR('',#8099,1.);
#2123=VECTOR('',#8102,1.);
#2124=CIRCLE('',#5944,1.);
#2125=CIRCLE('',#5945,1.);
#2126=CIRCLE('',#5947,1.);
#2127=CIRCLE('',#5948,1.65);
#2128=CIRCLE('',#5950,1.);
#2129=CIRCLE('',#5953,1.);
#2130=CIRCLE('',#5954,1.);
#2131=CIRCLE('',#5957,1.);
#2132=CIRCLE('',#5958,1.);
#2133=CIRCLE('',#5959,1.65);
#2134=CIRCLE('',#5960,1.65);
#2135=CIRCLE('',#5961,1.);
#2136=CIRCLE('',#5962,1.);
#2137=CIRCLE('',#5963,1.);
#2138=CIRCLE('',#5964,1.);
#2139=CIRCLE('',#5965,1.);
#2140=CIRCLE('',#5966,1.);
#2141=CIRCLE('',#5967,1.65);
#2142=CIRCLE('',#5968,1.65);
#2143=CIRCLE('',#5969,1.65);
#2144=CIRCLE('',#5970,1.65);
#2145=CIRCLE('',#5971,1.65);
#2146=CIRCLE('',#5972,1.65);
#2147=CIRCLE('',#5973,1.);
#2148=CIRCLE('',#5974,1.);
#2149=CIRCLE('',#5975,1.);
#2150=CIRCLE('',#5976,1.);
#2151=CIRCLE('',#5977,1.);
#2152=CIRCLE('',#5978,1.);
#2153=CIRCLE('',#5981,1.);
#2154=CIRCLE('',#5983,1.);
#2155=CIRCLE('',#5987,2.);
#2156=CIRCLE('',#5988,2.);
#2157=CIRCLE('',#5991,2.);
#2158=CIRCLE('',#5992,2.);
#2159=CIRCLE('',#5994,3.175);
#2160=CIRCLE('',#5995,3.175);
#2161=CIRCLE('',#5996,3.175);
#2162=CIRCLE('',#5997,3.175);
#2163=CIRCLE('',#5998,3.175);
#2164=CIRCLE('',#5999,3.175);
#2165=CIRCLE('',#6000,3.175);
#2166=CIRCLE('',#6001,3.175);
#2167=CIRCLE('',#6002,3.175);
#2168=CIRCLE('',#6003,3.175);
#2169=CIRCLE('',#6006,2.);
#2170=CIRCLE('',#6007,2.);
#2171=CIRCLE('',#6008,1.65);
#2172=CIRCLE('',#6009,1.65);
#2173=CIRCLE('',#6010,1.);
#2174=CIRCLE('',#6011,1.);
#2175=CIRCLE('',#6012,1.);
#2176=CIRCLE('',#6013,1.);
#2177=CIRCLE('',#6015,2.);
#2178=CIRCLE('',#6016,2.);
#2179=CIRCLE('',#6018,2.);
#2180=CIRCLE('',#6019,2.);
#2181=CIRCLE('',#6020,2.);
#2182=CIRCLE('',#6023,2.);
#2183=CIRCLE('',#6025,1.);
#2184=CIRCLE('',#6026,2.);
#2185=CIRCLE('',#6027,1.);
#2186=CIRCLE('',#6028,1.);
#2187=CIRCLE('',#6029,2.);
#2188=CIRCLE('',#6030,1.);
#2189=CIRCLE('',#6031,2.);
#2190=CIRCLE('',#6032,2.);
#2191=CIRCLE('',#6033,2.);
#2192=CIRCLE('',#6034,2.);
#2193=CIRCLE('',#6035,2.);
#2194=CIRCLE('',#6036,1.65);
#2195=CIRCLE('',#6037,1.65);
#2196=CIRCLE('',#6038,1.65);
#2197=CIRCLE('',#6039,1.65);
#2198=CIRCLE('',#6041,2.);
#2199=CIRCLE('',#6042,1.);
#2200=CIRCLE('',#6043,1.);
#2201=CIRCLE('',#6044,1.);
#2202=CIRCLE('',#6045,1.);
#2203=CIRCLE('',#6046,1.);
#2204=CIRCLE('',#6047,2.);
#2205=CIRCLE('',#6048,1.);
#2206=CIRCLE('',#6049,1.);
#2207=CIRCLE('',#6050,2.);
#2208=CIRCLE('',#6051,1.);
#2209=CIRCLE('',#6052,1.);
#2210=CIRCLE('',#6053,1.);
#2211=CIRCLE('',#6054,1.);
#2212=CIRCLE('',#6055,1.);
#2213=CIRCLE('',#6056,1.);
#2214=CIRCLE('',#6057,1.);
#2215=CIRCLE('',#6064,2.);
#2216=CIRCLE('',#6067,2.);
#2217=CIRCLE('',#6071,2.);
#2218=CIRCLE('',#6072,2.);
#2219=CIRCLE('',#6074,2.);
#2220=CIRCLE('',#6079,2.);
#2221=CIRCLE('',#6080,2.);
#2222=CIRCLE('',#6082,2.);
#2223=CIRCLE('',#6083,2.);
#2224=CIRCLE('',#6084,2.);
#2225=CIRCLE('',#6086,2.);
#2226=CIRCLE('',#6088,2.);
#2227=CIRCLE('',#6089,2.);
#2228=CIRCLE('',#6090,2.);
#2229=CIRCLE('',#6096,2.);
#2230=CIRCLE('',#6098,1.);
#2231=CIRCLE('',#6099,1.);
#2232=CIRCLE('',#6100,3.175);
#2233=CIRCLE('',#6101,3.175);
#2234=CIRCLE('',#6103,2.);
#2235=CIRCLE('',#6107,2.);
#2236=CIRCLE('',#6110,2.);
#2237=CIRCLE('',#6113,1.65);
#2238=CIRCLE('',#6116,1.);
#2239=CIRCLE('',#6119,1.);
#2240=CIRCLE('',#6123,1.);
#2241=CIRCLE('',#6127,1.1);
#2242=CIRCLE('',#6129,1.);
#2243=CIRCLE('',#6130,1.);
#2244=CIRCLE('',#6132,1.);
#2245=CIRCLE('',#6133,1.);
#2246=CIRCLE('',#6135,1.);
#2247=CIRCLE('',#6136,1.);
#2248=CIRCLE('',#6138,1.1);
#2249=CIRCLE('',#6140,1.1);
#2250=CIRCLE('',#6142,1.);
#2251=CIRCLE('',#6143,1.);
#2252=CIRCLE('',#6145,1.);
#2253=CIRCLE('',#6146,1.);
#2254=CIRCLE('',#6148,1.);
#2255=CIRCLE('',#6149,1.);
#2256=CIRCLE('',#6151,1.1);
#2257=CIRCLE('',#6153,1.);
#2258=CIRCLE('',#6154,1.);
#2259=CIRCLE('',#6155,1.);
#2260=CIRCLE('',#6156,1.);
#2261=CIRCLE('',#6158,1.1);
#2262=CIRCLE('',#6160,1.);
#2263=CIRCLE('',#6163,1.);
#2264=CIRCLE('',#6166,1.);
#2265=CIRCLE('',#6169,1.);
#2266=CIRCLE('',#6172,1.);
#2267=CIRCLE('',#6175,1.);
#2268=CIRCLE('',#6178,1.1);
#2269=CIRCLE('',#6180,1.1);
#2270=CIRCLE('',#6182,1.);
#2271=CIRCLE('',#6185,1.);
#2272=CIRCLE('',#6188,1.);
#2273=CIRCLE('',#6191,1.);
#2274=CIRCLE('',#6194,1.);
#2275=CIRCLE('',#6197,1.);
#2276=CIRCLE('',#6200,1.1);
#2277=CIRCLE('',#6210,1.);
#2278=CIRCLE('',#6211,1.);
#2279=CIRCLE('',#6212,1.);
#2280=CIRCLE('',#6213,1.);
#2281=CIRCLE('',#6214,1.);
#2282=CIRCLE('',#6215,1.);
#2283=CIRCLE('',#6217,1.65);
#2284=CIRCLE('',#6218,1.65);
#2285=CIRCLE('',#6219,1.65);
#2286=CIRCLE('',#6220,1.65);
#2287=CIRCLE('',#6234,1.);
#2288=CIRCLE('',#6235,1.);
#2289=CIRCLE('',#6236,1.);
#2290=CIRCLE('',#6237,1.);
#2291=CIRCLE('',#6238,1.);
#2292=CIRCLE('',#6239,1.);
#2293=CIRCLE('',#6241,3.175);
#2294=CIRCLE('',#6243,3.175);
#2295=CIRCLE('',#6245,3.175);
#2296=CIRCLE('',#6247,3.175);
#2297=CIRCLE('',#6249,3.175);
#2298=CIRCLE('',#6251,3.175);
#2299=CIRCLE('',#6253,3.175);
#2300=CIRCLE('',#6255,3.175);
#2301=CIRCLE('',#6257,3.175);
#2302=CIRCLE('',#6259,3.175);
#2303=CIRCLE('',#6261,1.);
#2304=CIRCLE('',#6262,1.);
#2305=CIRCLE('',#6263,1.);
#2306=CIRCLE('',#6264,1.);
#2307=CIRCLE('',#6381,1.);
#2308=CIRCLE('',#6382,1.);
#2309=CIRCLE('',#6383,3.175);
#2310=CIRCLE('',#6384,3.175);
#2311=CIRCLE('',#6395,1.);
#2312=CIRCLE('',#6403,1.65);
#2313=CIRCLE('',#6404,1.65);
#2314=CIRCLE('',#6407,1.65);
#2315=CIRCLE('',#6408,1.65);
#2316=CIRCLE('',#6409,1.65);
#2317=CIRCLE('',#6410,1.65);
#2318=CIRCLE('',#6427,1.);
#2319=CIRCLE('',#6429,1.);
#2320=CIRCLE('',#6430,1.);
#2321=CIRCLE('',#6431,1.);
#2322=CIRCLE('',#6434,1.);
#2323=CIRCLE('',#6435,1.);
#2324=CIRCLE('',#6439,1.);
#2325=CIRCLE('',#6449,1.);
#2326=VERTEX_POINT('',#8116);
#2327=VERTEX_POINT('',#8117);
#2328=VERTEX_POINT('',#8119);
#2329=VERTEX_POINT('',#8121);
#2330=VERTEX_POINT('',#8125);
#2331=VERTEX_POINT('',#8127);
#2332=VERTEX_POINT('',#8129);
#2333=VERTEX_POINT('',#8131);
#2334=VERTEX_POINT('',#8135);
#2335=VERTEX_POINT('',#8136);
#2336=VERTEX_POINT('',#8141);
#2337=VERTEX_POINT('',#8145);
#2338=VERTEX_POINT('',#8147);
#2339=VERTEX_POINT('',#8151);
#2340=VERTEX_POINT('',#8153);
#2341=VERTEX_POINT('',#8157);
#2342=VERTEX_POINT('',#8158);
#2343=VERTEX_POINT('',#8160);
#2344=VERTEX_POINT('',#8162);
#2345=VERTEX_POINT('',#8165);
#2346=VERTEX_POINT('',#8167);
#2347=VERTEX_POINT('',#8169);
#2348=VERTEX_POINT('',#8171);
#2349=VERTEX_POINT('',#8173);
#2350=VERTEX_POINT('',#8175);
#2351=VERTEX_POINT('',#8177);
#2352=VERTEX_POINT('',#8179);
#2353=VERTEX_POINT('',#8181);
#2354=VERTEX_POINT('',#8183);
#2355=VERTEX_POINT('',#8185);
#2356=VERTEX_POINT('',#8188);
#2357=VERTEX_POINT('',#8189);
#2358=VERTEX_POINT('',#8191);
#2359=VERTEX_POINT('',#8193);
#2360=VERTEX_POINT('',#8195);
#2361=VERTEX_POINT('',#8197);
#2362=VERTEX_POINT('',#8199);
#2363=VERTEX_POINT('',#8201);
#2364=VERTEX_POINT('',#8203);
#2365=VERTEX_POINT('',#8205);
#2366=VERTEX_POINT('',#8207);
#2367=VERTEX_POINT('',#8209);
#2368=VERTEX_POINT('',#8211);
#2369=VERTEX_POINT('',#8213);
#2370=VERTEX_POINT('',#8215);
#2371=VERTEX_POINT('',#8217);
#2372=VERTEX_POINT('',#8219);
#2373=VERTEX_POINT('',#8221);
#2374=VERTEX_POINT('',#8223);
#2375=VERTEX_POINT('',#8225);
#2376=VERTEX_POINT('',#8227);
#2377=VERTEX_POINT('',#8229);
#2378=VERTEX_POINT('',#8231);
#2379=VERTEX_POINT('',#8233);
#2380=VERTEX_POINT('',#8235);
#2381=VERTEX_POINT('',#8237);
#2382=VERTEX_POINT('',#8239);
#2383=VERTEX_POINT('',#8241);
#2384=VERTEX_POINT('',#8244);
#2385=VERTEX_POINT('',#8245);
#2386=VERTEX_POINT('',#8247);
#2387=VERTEX_POINT('',#8249);
#2388=VERTEX_POINT('',#8251);
#2389=VERTEX_POINT('',#8253);
#2390=VERTEX_POINT('',#8255);
#2391=VERTEX_POINT('',#8257);
#2392=VERTEX_POINT('',#8260);
#2393=VERTEX_POINT('',#8261);
#2394=VERTEX_POINT('',#8263);
#2395=VERTEX_POINT('',#8265);
#2396=VERTEX_POINT('',#8268);
#2397=VERTEX_POINT('',#8269);
#2398=VERTEX_POINT('',#8271);
#2399=VERTEX_POINT('',#8273);
#2400=VERTEX_POINT('',#8276);
#2401=VERTEX_POINT('',#8277);
#2402=VERTEX_POINT('',#8279);
#2403=VERTEX_POINT('',#8281);
#2404=VERTEX_POINT('',#8284);
#2405=VERTEX_POINT('',#8285);
#2406=VERTEX_POINT('',#8287);
#2407=VERTEX_POINT('',#8289);
#2408=VERTEX_POINT('',#8292);
#2409=VERTEX_POINT('',#8293);
#2410=VERTEX_POINT('',#8295);
#2411=VERTEX_POINT('',#8297);
#2412=VERTEX_POINT('',#8300);
#2413=VERTEX_POINT('',#8301);
#2414=VERTEX_POINT('',#8303);
#2415=VERTEX_POINT('',#8305);
#2416=VERTEX_POINT('',#8308);
#2417=VERTEX_POINT('',#8309);
#2418=VERTEX_POINT('',#8311);
#2419=VERTEX_POINT('',#8313);
#2420=VERTEX_POINT('',#8316);
#2421=VERTEX_POINT('',#8317);
#2422=VERTEX_POINT('',#8319);
#2423=VERTEX_POINT('',#8321);
#2424=VERTEX_POINT('',#8324);
#2425=VERTEX_POINT('',#8325);
#2426=VERTEX_POINT('',#8327);
#2427=VERTEX_POINT('',#8329);
#2428=VERTEX_POINT('',#8332);
#2429=VERTEX_POINT('',#8333);
#2430=VERTEX_POINT('',#8335);
#2431=VERTEX_POINT('',#8337);
#2432=VERTEX_POINT('',#8340);
#2433=VERTEX_POINT('',#8341);
#2434=VERTEX_POINT('',#8343);
#2435=VERTEX_POINT('',#8345);
#2436=VERTEX_POINT('',#8348);
#2437=VERTEX_POINT('',#8349);
#2438=VERTEX_POINT('',#8351);
#2439=VERTEX_POINT('',#8353);
#2440=VERTEX_POINT('',#8355);
#2441=VERTEX_POINT('',#8357);
#2442=VERTEX_POINT('',#8360);
#2443=VERTEX_POINT('',#8361);
#2444=VERTEX_POINT('',#8363);
#2445=VERTEX_POINT('',#8365);
#2446=VERTEX_POINT('',#8367);
#2447=VERTEX_POINT('',#8369);
#2448=VERTEX_POINT('',#8371);
#2449=VERTEX_POINT('',#8373);
#2450=VERTEX_POINT('',#8375);
#2451=VERTEX_POINT('',#8377);
#2452=VERTEX_POINT('',#8379);
#2453=VERTEX_POINT('',#8381);
#2454=VERTEX_POINT('',#8383);
#2455=VERTEX_POINT('',#8385);
#2456=VERTEX_POINT('',#8387);
#2457=VERTEX_POINT('',#8389);
#2458=VERTEX_POINT('',#8391);
#2459=VERTEX_POINT('',#8393);
#2460=VERTEX_POINT('',#8395);
#2461=VERTEX_POINT('',#8397);
#2462=VERTEX_POINT('',#8399);
#2463=VERTEX_POINT('',#8401);
#2464=VERTEX_POINT('',#8403);
#2465=VERTEX_POINT('',#8405);
#2466=VERTEX_POINT('',#8407);
#2467=VERTEX_POINT('',#8409);
#2468=VERTEX_POINT('',#8411);
#2469=VERTEX_POINT('',#8413);
#2470=VERTEX_POINT('',#8416);
#2471=VERTEX_POINT('',#8417);
#2472=VERTEX_POINT('',#8419);
#2473=VERTEX_POINT('',#8421);
#2474=VERTEX_POINT('',#8425);
#2475=VERTEX_POINT('',#8427);
#2476=VERTEX_POINT('',#8430);
#2477=VERTEX_POINT('',#8434);
#2478=VERTEX_POINT('',#8438);
#2479=VERTEX_POINT('',#8444);
#2480=VERTEX_POINT('',#8448);
#2481=VERTEX_POINT('',#8449);
#2482=VERTEX_POINT('',#8451);
#2483=VERTEX_POINT('',#8453);
#2484=VERTEX_POINT('',#8457);
#2485=VERTEX_POINT('',#8459);
#2486=VERTEX_POINT('',#8461);
#2487=VERTEX_POINT('',#8463);
#2488=VERTEX_POINT('',#8465);
#2489=VERTEX_POINT('',#8467);
#2490=VERTEX_POINT('',#8471);
#2491=VERTEX_POINT('',#8472);
#2492=VERTEX_POINT('',#8474);
#2493=VERTEX_POINT('',#8476);
#2494=VERTEX_POINT('',#8482);
#2495=VERTEX_POINT('',#8484);
#2496=VERTEX_POINT('',#8486);
#2497=VERTEX_POINT('',#8488);
#2498=VERTEX_POINT('',#8490);
#2499=VERTEX_POINT('',#8492);
#2500=VERTEX_POINT('',#8494);
#2501=VERTEX_POINT('',#8496);
#2502=VERTEX_POINT('',#8498);
#2503=VERTEX_POINT('',#8500);
#2504=VERTEX_POINT('',#8503);
#2505=VERTEX_POINT('',#8505);
#2506=VERTEX_POINT('',#8507);
#2507=VERTEX_POINT('',#8509);
#2508=VERTEX_POINT('',#8511);
#2509=VERTEX_POINT('',#8513);
#2510=VERTEX_POINT('',#8517);
#2511=VERTEX_POINT('',#8519);
#2512=VERTEX_POINT('',#8522);
#2513=VERTEX_POINT('',#8524);
#2514=VERTEX_POINT('',#8526);
#2515=VERTEX_POINT('',#8527);
#2516=VERTEX_POINT('',#8529);
#2517=VERTEX_POINT('',#8531);
#2518=VERTEX_POINT('',#8533);
#2519=VERTEX_POINT('',#8535);
#2520=VERTEX_POINT('',#8537);
#2521=VERTEX_POINT('',#8539);
#2522=VERTEX_POINT('',#8543);
#2523=VERTEX_POINT('',#8544);
#2524=VERTEX_POINT('',#8546);
#2525=VERTEX_POINT('',#8548);
#2526=VERTEX_POINT('',#8552);
#2527=VERTEX_POINT('',#8554);
#2528=VERTEX_POINT('',#8556);
#2529=VERTEX_POINT('',#8558);
#2530=VERTEX_POINT('',#8560);
#2531=VERTEX_POINT('',#8562);
#2532=VERTEX_POINT('',#8566);
#2533=VERTEX_POINT('',#8567);
#2534=VERTEX_POINT('',#8570);
#2535=VERTEX_POINT('',#8572);
#2536=VERTEX_POINT('',#8574);
#2537=VERTEX_POINT('',#8578);
#2538=VERTEX_POINT('',#8582);
#2539=VERTEX_POINT('',#8584);
#2540=VERTEX_POINT('',#8586);
#2541=VERTEX_POINT('',#8588);
#2542=VERTEX_POINT('',#8590);
#2543=VERTEX_POINT('',#8592);
#2544=VERTEX_POINT('',#8594);
#2545=VERTEX_POINT('',#8596);
#2546=VERTEX_POINT('',#8598);
#2547=VERTEX_POINT('',#8600);
#2548=VERTEX_POINT('',#8602);
#2549=VERTEX_POINT('',#8604);
#2550=VERTEX_POINT('',#8606);
#2551=VERTEX_POINT('',#8608);
#2552=VERTEX_POINT('',#8610);
#2553=VERTEX_POINT('',#8612);
#2554=VERTEX_POINT('',#8614);
#2555=VERTEX_POINT('',#8616);
#2556=VERTEX_POINT('',#8618);
#2557=VERTEX_POINT('',#8620);
#2558=VERTEX_POINT('',#8622);
#2559=VERTEX_POINT('',#8625);
#2560=VERTEX_POINT('',#8627);
#2561=VERTEX_POINT('',#8629);
#2562=VERTEX_POINT('',#8631);
#2563=VERTEX_POINT('',#8634);
#2564=VERTEX_POINT('',#8636);
#2565=VERTEX_POINT('',#8638);
#2566=VERTEX_POINT('',#8640);
#2567=VERTEX_POINT('',#8642);
#2568=VERTEX_POINT('',#8644);
#2569=VERTEX_POINT('',#8646);
#2570=VERTEX_POINT('',#8648);
#2571=VERTEX_POINT('',#8650);
#2572=VERTEX_POINT('',#8652);
#2573=VERTEX_POINT('',#8654);
#2574=VERTEX_POINT('',#8656);
#2575=VERTEX_POINT('',#8658);
#2576=VERTEX_POINT('',#8660);
#2577=VERTEX_POINT('',#8662);
#2578=VERTEX_POINT('',#8664);
#2579=VERTEX_POINT('',#8666);
#2580=VERTEX_POINT('',#8668);
#2581=VERTEX_POINT('',#8670);
#2582=VERTEX_POINT('',#8672);
#2583=VERTEX_POINT('',#8674);
#2584=VERTEX_POINT('',#8676);
#2585=VERTEX_POINT('',#8678);
#2586=VERTEX_POINT('',#8680);
#2587=VERTEX_POINT('',#8682);
#2588=VERTEX_POINT('',#8685);
#2589=VERTEX_POINT('',#8686);
#2590=VERTEX_POINT('',#8688);
#2591=VERTEX_POINT('',#8690);
#2592=VERTEX_POINT('',#8692);
#2593=VERTEX_POINT('',#8694);
#2594=VERTEX_POINT('',#8696);
#2595=VERTEX_POINT('',#8698);
#2596=VERTEX_POINT('',#8705);
#2597=VERTEX_POINT('',#8707);
#2598=VERTEX_POINT('',#8714);
#2599=VERTEX_POINT('',#8716);
#2600=VERTEX_POINT('',#8721);
#2601=VERTEX_POINT('',#8723);
#2602=VERTEX_POINT('',#8727);
#2603=VERTEX_POINT('',#8728);
#2604=VERTEX_POINT('',#8733);
#2605=VERTEX_POINT('',#8735);
#2606=VERTEX_POINT('',#8737);
#2607=VERTEX_POINT('',#8741);
#2608=VERTEX_POINT('',#8743);
#2609=VERTEX_POINT('',#8747);
#2610=VERTEX_POINT('',#8754);
#2611=VERTEX_POINT('',#8756);
#2612=VERTEX_POINT('',#8760);
#2613=VERTEX_POINT('',#8768);
#2614=VERTEX_POINT('',#8772);
#2615=VERTEX_POINT('',#8774);
#2616=VERTEX_POINT('',#8778);
#2617=VERTEX_POINT('',#8780);
#2618=VERTEX_POINT('',#8783);
#2619=VERTEX_POINT('',#8787);
#2620=VERTEX_POINT('',#8791);
#2621=VERTEX_POINT('',#8793);
#2622=VERTEX_POINT('',#8796);
#2623=VERTEX_POINT('',#8806);
#2624=VERTEX_POINT('',#8810);
#2625=VERTEX_POINT('',#8814);
#2626=VERTEX_POINT('',#8816);
#2627=VERTEX_POINT('',#8818);
#2628=VERTEX_POINT('',#8820);
#2629=VERTEX_POINT('',#8822);
#2630=VERTEX_POINT('',#8824);
#2631=VERTEX_POINT('',#8826);
#2632=VERTEX_POINT('',#8828);
#2633=VERTEX_POINT('',#8830);
#2634=VERTEX_POINT('',#8832);
#2635=VERTEX_POINT('',#8834);
#2636=VERTEX_POINT('',#8836);
#2637=VERTEX_POINT('',#8838);
#2638=VERTEX_POINT('',#8841);
#2639=VERTEX_POINT('',#8843);
#2640=VERTEX_POINT('',#8850);
#2641=VERTEX_POINT('',#8855);
#2642=VERTEX_POINT('',#8862);
#2643=VERTEX_POINT('',#8864);
#2644=VERTEX_POINT('',#8870);
#2645=VERTEX_POINT('',#8874);
#2646=VERTEX_POINT('',#8878);
#2647=VERTEX_POINT('',#8882);
#2648=VERTEX_POINT('',#8886);
#2649=VERTEX_POINT('',#8888);
#2650=VERTEX_POINT('',#8892);
#2651=VERTEX_POINT('',#8896);
#2652=VERTEX_POINT('',#8900);
#2653=VERTEX_POINT('',#8902);
#2654=VERTEX_POINT('',#8906);
#2655=VERTEX_POINT('',#8909);
#2656=VERTEX_POINT('',#8910);
#2657=VERTEX_POINT('',#8912);
#2658=VERTEX_POINT('',#8914);
#2659=VERTEX_POINT('',#8918);
#2660=VERTEX_POINT('',#8919);
#2661=VERTEX_POINT('',#8921);
#2662=VERTEX_POINT('',#8923);
#2663=VERTEX_POINT('',#8927);
#2664=VERTEX_POINT('',#8928);
#2665=VERTEX_POINT('',#8930);
#2666=VERTEX_POINT('',#8932);
#2667=VERTEX_POINT('',#8936);
#2668=VERTEX_POINT('',#8939);
#2669=VERTEX_POINT('',#8942);
#2670=VERTEX_POINT('',#8943);
#2671=VERTEX_POINT('',#8945);
#2672=VERTEX_POINT('',#8947);
#2673=VERTEX_POINT('',#8951);
#2674=VERTEX_POINT('',#8952);
#2675=VERTEX_POINT('',#8954);
#2676=VERTEX_POINT('',#8956);
#2677=VERTEX_POINT('',#8960);
#2678=VERTEX_POINT('',#8961);
#2679=VERTEX_POINT('',#8963);
#2680=VERTEX_POINT('',#8965);
#2681=VERTEX_POINT('',#8969);
#2682=VERTEX_POINT('',#8972);
#2683=VERTEX_POINT('',#8973);
#2684=VERTEX_POINT('',#8975);
#2685=VERTEX_POINT('',#8977);
#2686=VERTEX_POINT('',#8979);
#2687=VERTEX_POINT('',#8981);
#2688=VERTEX_POINT('',#8983);
#2689=VERTEX_POINT('',#8985);
#2690=VERTEX_POINT('',#8989);
#2691=VERTEX_POINT('',#8993);
#2692=VERTEX_POINT('',#8995);
#2693=VERTEX_POINT('',#8999);
#2694=VERTEX_POINT('',#9003);
#2695=VERTEX_POINT('',#9009);
#2696=VERTEX_POINT('',#9011);
#2697=VERTEX_POINT('',#9015);
#2698=VERTEX_POINT('',#9019);
#2699=VERTEX_POINT('',#9025);
#2700=VERTEX_POINT('',#9027);
#2701=VERTEX_POINT('',#9031);
#2702=VERTEX_POINT('',#9035);
#2703=VERTEX_POINT('',#9041);
#2704=VERTEX_POINT('',#9045);
#2705=VERTEX_POINT('',#9049);
#2706=VERTEX_POINT('',#9051);
#2707=VERTEX_POINT('',#9055);
#2708=VERTEX_POINT('',#9059);
#2709=VERTEX_POINT('',#9065);
#2710=VERTEX_POINT('',#9067);
#2711=VERTEX_POINT('',#9071);
#2712=VERTEX_POINT('',#9075);
#2713=VERTEX_POINT('',#9081);
#2714=VERTEX_POINT('',#9083);
#2715=VERTEX_POINT('',#9087);
#2716=VERTEX_POINT('',#9091);
#2717=VERTEX_POINT('',#9097);
#2718=VERTEX_POINT('',#9117);
#2719=VERTEX_POINT('',#9118);
#2720=VERTEX_POINT('',#9120);
#2721=VERTEX_POINT('',#9122);
#2722=VERTEX_POINT('',#9124);
#2723=VERTEX_POINT('',#9126);
#2724=VERTEX_POINT('',#9128);
#2725=VERTEX_POINT('',#9130);
#2726=VERTEX_POINT('',#9132);
#2727=VERTEX_POINT('',#9134);
#2728=VERTEX_POINT('',#9136);
#2729=VERTEX_POINT('',#9138);
#2730=VERTEX_POINT('',#9140);
#2731=VERTEX_POINT('',#9142);
#2732=VERTEX_POINT('',#9144);
#2733=VERTEX_POINT('',#9146);
#2734=VERTEX_POINT('',#9148);
#2735=VERTEX_POINT('',#9150);
#2736=VERTEX_POINT('',#9152);
#2737=VERTEX_POINT('',#9154);
#2738=VERTEX_POINT('',#9156);
#2739=VERTEX_POINT('',#9158);
#2740=VERTEX_POINT('',#9160);
#2741=VERTEX_POINT('',#9162);
#2742=VERTEX_POINT('',#9164);
#2743=VERTEX_POINT('',#9166);
#2744=VERTEX_POINT('',#9168);
#2745=VERTEX_POINT('',#9170);
#2746=VERTEX_POINT('',#9174);
#2747=VERTEX_POINT('',#9175);
#2748=VERTEX_POINT('',#9177);
#2749=VERTEX_POINT('',#9179);
#2750=VERTEX_POINT('',#9181);
#2751=VERTEX_POINT('',#9183);
#2752=VERTEX_POINT('',#9185);
#2753=VERTEX_POINT('',#9187);
#2754=VERTEX_POINT('',#9191);
#2755=VERTEX_POINT('',#9192);
#2756=VERTEX_POINT('',#9194);
#2757=VERTEX_POINT('',#9196);
#2758=VERTEX_POINT('',#9200);
#2759=VERTEX_POINT('',#9201);
#2760=VERTEX_POINT('',#9203);
#2761=VERTEX_POINT('',#9205);
#2762=VERTEX_POINT('',#9209);
#2763=VERTEX_POINT('',#9210);
#2764=VERTEX_POINT('',#9212);
#2765=VERTEX_POINT('',#9214);
#2766=VERTEX_POINT('',#9218);
#2767=VERTEX_POINT('',#9219);
#2768=VERTEX_POINT('',#9221);
#2769=VERTEX_POINT('',#9223);
#2770=VERTEX_POINT('',#9227);
#2771=VERTEX_POINT('',#9228);
#2772=VERTEX_POINT('',#9230);
#2773=VERTEX_POINT('',#9232);
#2774=VERTEX_POINT('',#9236);
#2775=VERTEX_POINT('',#9237);
#2776=VERTEX_POINT('',#9239);
#2777=VERTEX_POINT('',#9241);
#2778=VERTEX_POINT('',#9245);
#2779=VERTEX_POINT('',#9246);
#2780=VERTEX_POINT('',#9248);
#2781=VERTEX_POINT('',#9250);
#2782=VERTEX_POINT('',#9254);
#2783=VERTEX_POINT('',#9255);
#2784=VERTEX_POINT('',#9257);
#2785=VERTEX_POINT('',#9259);
#2786=VERTEX_POINT('',#9263);
#2787=VERTEX_POINT('',#9264);
#2788=VERTEX_POINT('',#9266);
#2789=VERTEX_POINT('',#9268);
#2790=VERTEX_POINT('',#9272);
#2791=VERTEX_POINT('',#9273);
#2792=VERTEX_POINT('',#9275);
#2793=VERTEX_POINT('',#9277);
#2794=VERTEX_POINT('',#9281);
#2795=VERTEX_POINT('',#9282);
#2796=VERTEX_POINT('',#9284);
#2797=VERTEX_POINT('',#9286);
#2798=VERTEX_POINT('',#9290);
#2799=VERTEX_POINT('',#9291);
#2800=VERTEX_POINT('',#9293);
#2801=VERTEX_POINT('',#9295);
#2802=VERTEX_POINT('',#9299);
#2803=VERTEX_POINT('',#9300);
#2804=VERTEX_POINT('',#9302);
#2805=VERTEX_POINT('',#9304);
#2806=VERTEX_POINT('',#9306);
#2807=VERTEX_POINT('',#9308);
#2808=VERTEX_POINT('',#9310);
#2809=VERTEX_POINT('',#9312);
#2810=VERTEX_POINT('',#9314);
#2811=VERTEX_POINT('',#9316);
#2812=VERTEX_POINT('',#9318);
#2813=VERTEX_POINT('',#9320);
#2814=VERTEX_POINT('',#9322);
#2815=VERTEX_POINT('',#9324);
#2816=VERTEX_POINT('',#9326);
#2817=VERTEX_POINT('',#9328);
#2818=VERTEX_POINT('',#9330);
#2819=VERTEX_POINT('',#9332);
#2820=VERTEX_POINT('',#9334);
#2821=VERTEX_POINT('',#9336);
#2822=VERTEX_POINT('',#9338);
#2823=VERTEX_POINT('',#9340);
#2824=VERTEX_POINT('',#9342);
#2825=VERTEX_POINT('',#9344);
#2826=VERTEX_POINT('',#9346);
#2827=VERTEX_POINT('',#9348);
#2828=VERTEX_POINT('',#9350);
#2829=VERTEX_POINT('',#9352);
#2830=VERTEX_POINT('',#9356);
#2831=VERTEX_POINT('',#9360);
#2832=VERTEX_POINT('',#9364);
#2833=VERTEX_POINT('',#9368);
#2834=VERTEX_POINT('',#9372);
#2835=VERTEX_POINT('',#9376);
#2836=VERTEX_POINT('',#9380);
#2837=VERTEX_POINT('',#9384);
#2838=VERTEX_POINT('',#9388);
#2839=VERTEX_POINT('',#9392);
#2840=VERTEX_POINT('',#9396);
#2841=VERTEX_POINT('',#9397);
#2842=VERTEX_POINT('',#9399);
#2843=VERTEX_POINT('',#9401);
#2844=VERTEX_POINT('',#9403);
#2845=VERTEX_POINT('',#9405);
#2846=VERTEX_POINT('',#9407);
#2847=VERTEX_POINT('',#9409);
#2848=VERTEX_POINT('',#9531);
#2849=VERTEX_POINT('',#9533);
#2850=VERTEX_POINT('',#9585);
#2851=VERTEX_POINT('',#9587);
#2852=VERTEX_POINT('',#9647);
#2853=VERTEX_POINT('',#9648);
#2854=VERTEX_POINT('',#9653);
#2855=VERTEX_POINT('',#9657);
#2856=VERTEX_POINT('',#9661);
#2857=VERTEX_POINT('',#9662);
#2858=VERTEX_POINT('',#9664);
#2859=VERTEX_POINT('',#9666);
#2860=VERTEX_POINT('',#9668);
#2861=VERTEX_POINT('',#9670);
#2862=VERTEX_POINT('',#9672);
#2863=VERTEX_POINT('',#9674);
#2864=VERTEX_POINT('',#9676);
#2865=VERTEX_POINT('',#9678);
#2866=VERTEX_POINT('',#9680);
#2867=VERTEX_POINT('',#9682);
#2868=VERTEX_POINT('',#9686);
#2869=VERTEX_POINT('',#9688);
#2870=VERTEX_POINT('',#9707);
#2871=VERTEX_POINT('',#9709);
#2872=VERTEX_POINT('',#9713);
#2873=VERTEX_POINT('',#9717);
#2874=VERTEX_POINT('',#9721);
#2875=VERTEX_POINT('',#9725);
#2876=VERTEX_POINT('',#9731);
#2877=VERTEX_POINT('',#9733);
#2878=VERTEX_POINT('',#9737);
#2879=VERTEX_POINT('',#9744);
#2880=VERTEX_POINT('',#9745);
#2881=VERTEX_POINT('',#9750);
#2882=VERTEX_POINT('',#9753);
#2883=VERTEX_POINT('',#9755);
#2884=VERTEX_POINT('',#9791);
#2885=VERTEX_POINT('',#9792);
#2886=EDGE_CURVE('',#2326,#2327,#2124,.T.);
#2887=EDGE_CURVE('',#2328,#2326,#846,.T.);
#2888=EDGE_CURVE('',#2329,#2328,#2125,.T.);
#2889=EDGE_CURVE('',#2329,#2327,#847,.T.);
#2890=EDGE_CURVE('',#2328,#2330,#2126,.T.);
#2891=EDGE_CURVE('',#2331,#2328,#848,.T.);
#2892=EDGE_CURVE('',#2331,#2332,#2127,.T.);
#2893=EDGE_CURVE('',#2332,#2333,#849,.T.);
#2894=EDGE_CURVE('',#2333,#2330,#850,.T.);
#2895=EDGE_CURVE('',#2334,#2335,#2128,.T.);
#2896=EDGE_CURVE('',#2335,#2329,#851,.T.);
#2897=EDGE_CURVE('',#2330,#2334,#852,.T.);
#2898=EDGE_CURVE('',#2336,#2335,#853,.F.);
#2899=EDGE_CURVE('',#2327,#2336,#854,.T.);
#2900=EDGE_CURVE('',#2336,#2337,#2129,.T.);
#2901=EDGE_CURVE('',#2337,#2338,#855,.T.);
#2902=EDGE_CURVE('',#2338,#2326,#2130,.T.);
#2903=EDGE_CURVE('',#2339,#2337,#856,.F.);
#2904=EDGE_CURVE('',#2340,#2339,#857,.T.);
#2905=EDGE_CURVE('',#2340,#2338,#858,.F.);
#2906=EDGE_CURVE('',#2341,#2342,#859,.T.);
#2907=EDGE_CURVE('',#2342,#2343,#860,.F.);
#2908=EDGE_CURVE('',#2344,#2343,#861,.T.);
#2909=EDGE_CURVE('',#2341,#2344,#862,.T.);
#2910=EDGE_CURVE('',#2326,#2345,#863,.T.);
#2911=EDGE_CURVE('',#2346,#2340,#2131,.T.);
#2912=EDGE_CURVE('',#2347,#2346,#864,.F.);
#2913=EDGE_CURVE('',#2348,#2347,#2132,.T.);
#2914=EDGE_CURVE('',#2348,#2349,#865,.T.);
#2915=EDGE_CURVE('',#2350,#2349,#866,.T.);
#2916=EDGE_CURVE('',#2351,#2350,#867,.T.);
#2917=EDGE_CURVE('',#2352,#2351,#2133,.T.);
#2918=EDGE_CURVE('',#2353,#2352,#868,.T.);
#2919=EDGE_CURVE('',#2353,#2354,#869,.T.);
#2920=EDGE_CURVE('',#2354,#2355,#870,.T.);
#2921=EDGE_CURVE('',#2355,#2345,#2134,.T.);
#2922=EDGE_CURVE('',#2356,#2357,#871,.T.);
#2923=EDGE_CURVE('',#2357,#2358,#2135,.T.);
#2924=EDGE_CURVE('',#2359,#2358,#872,.T.);
#2925=EDGE_CURVE('',#2360,#2359,#873,.T.);
#2926=EDGE_CURVE('',#2360,#2361,#874,.T.);
#2927=EDGE_CURVE('',#2361,#2362,#875,.T.);
#2928=EDGE_CURVE('',#2363,#2362,#876,.T.);
#2929=EDGE_CURVE('',#2363,#2364,#2136,.T.);
#2930=EDGE_CURVE('',#2364,#2365,#877,.T.);
#2931=EDGE_CURVE('',#2365,#2366,#878,.T.);
#2932=EDGE_CURVE('',#2367,#2366,#879,.T.);
#2933=EDGE_CURVE('',#2367,#2368,#2137,.T.);
#2934=EDGE_CURVE('',#2368,#2369,#880,.T.);
#2935=EDGE_CURVE('',#2369,#2370,#881,.T.);
#2936=EDGE_CURVE('',#2371,#2370,#882,.T.);
#2937=EDGE_CURVE('',#2371,#2372,#2138,.T.);
#2938=EDGE_CURVE('',#2372,#2373,#883,.T.);
#2939=EDGE_CURVE('',#2373,#2374,#884,.T.);
#2940=EDGE_CURVE('',#2375,#2374,#885,.T.);
#2941=EDGE_CURVE('',#2376,#2375,#886,.T.);
#2942=EDGE_CURVE('',#2376,#2377,#887,.T.);
#2943=EDGE_CURVE('',#2377,#2378,#2139,.T.);
#2944=EDGE_CURVE('',#2379,#2378,#888,.T.);
#2945=EDGE_CURVE('',#2380,#2379,#889,.T.);
#2946=EDGE_CURVE('',#2380,#2381,#890,.T.);
#2947=EDGE_CURVE('',#2381,#2382,#2140,.T.);
#2948=EDGE_CURVE('',#2383,#2382,#891,.T.);
#2949=EDGE_CURVE('',#2356,#2383,#892,.T.);
#2950=EDGE_CURVE('',#2384,#2385,#893,.T.);
#2951=EDGE_CURVE('',#2384,#2386,#2141,.T.);
#2952=EDGE_CURVE('',#2386,#2387,#2142,.T.);
#2953=EDGE_CURVE('',#2387,#2388,#894,.T.);
#2954=EDGE_CURVE('',#2388,#2389,#2143,.T.);
#2955=EDGE_CURVE('',#2389,#2390,#2144,.T.);
#2956=EDGE_CURVE('',#2390,#2391,#895,.T.);
#2957=EDGE_CURVE('',#2385,#2391,#896,.T.);
#2958=EDGE_CURVE('',#2392,#2393,#897,.T.);
#2959=EDGE_CURVE('',#2394,#2393,#898,.T.);
#2960=EDGE_CURVE('',#2395,#2394,#899,.T.);
#2961=EDGE_CURVE('',#2395,#2392,#900,.T.);
#2962=EDGE_CURVE('',#2396,#2397,#901,.T.);
#2963=EDGE_CURVE('',#2398,#2397,#902,.T.);
#2964=EDGE_CURVE('',#2399,#2398,#903,.T.);
#2965=EDGE_CURVE('',#2399,#2396,#904,.T.);
#2966=EDGE_CURVE('',#2400,#2401,#905,.T.);
#2967=EDGE_CURVE('',#2402,#2401,#906,.T.);
#2968=EDGE_CURVE('',#2403,#2402,#907,.T.);
#2969=EDGE_CURVE('',#2403,#2400,#908,.T.);
#2970=EDGE_CURVE('',#2404,#2405,#909,.T.);
#2971=EDGE_CURVE('',#2406,#2405,#910,.T.);
#2972=EDGE_CURVE('',#2407,#2406,#911,.T.);
#2973=EDGE_CURVE('',#2407,#2404,#912,.T.);
#2974=EDGE_CURVE('',#2408,#2409,#913,.T.);
#2975=EDGE_CURVE('',#2410,#2409,#914,.T.);
#2976=EDGE_CURVE('',#2411,#2410,#915,.T.);
#2977=EDGE_CURVE('',#2411,#2408,#916,.T.);
#2978=EDGE_CURVE('',#2412,#2413,#917,.T.);
#2979=EDGE_CURVE('',#2414,#2413,#918,.T.);
#2980=EDGE_CURVE('',#2415,#2414,#919,.T.);
#2981=EDGE_CURVE('',#2415,#2412,#920,.T.);
#2982=EDGE_CURVE('',#2416,#2417,#921,.T.);
#2983=EDGE_CURVE('',#2418,#2417,#922,.T.);
#2984=EDGE_CURVE('',#2419,#2418,#923,.T.);
#2985=EDGE_CURVE('',#2419,#2416,#924,.T.);
#2986=EDGE_CURVE('',#2420,#2421,#925,.T.);
#2987=EDGE_CURVE('',#2422,#2421,#926,.T.);
#2988=EDGE_CURVE('',#2423,#2422,#927,.T.);
#2989=EDGE_CURVE('',#2423,#2420,#928,.T.);
#2990=EDGE_CURVE('',#2424,#2425,#929,.T.);
#2991=EDGE_CURVE('',#2426,#2425,#930,.T.);
#2992=EDGE_CURVE('',#2427,#2426,#931,.T.);
#2993=EDGE_CURVE('',#2427,#2424,#932,.T.);
#2994=EDGE_CURVE('',#2428,#2429,#933,.T.);
#2995=EDGE_CURVE('',#2430,#2429,#934,.T.);
#2996=EDGE_CURVE('',#2431,#2430,#935,.T.);
#2997=EDGE_CURVE('',#2431,#2428,#936,.T.);
#2998=EDGE_CURVE('',#2432,#2433,#937,.T.);
#2999=EDGE_CURVE('',#2434,#2433,#938,.T.);
#3000=EDGE_CURVE('',#2435,#2434,#939,.T.);
#3001=EDGE_CURVE('',#2435,#2432,#940,.T.);
#3002=EDGE_CURVE('',#2436,#2437,#941,.T.);
#3003=EDGE_CURVE('',#2437,#2438,#942,.T.);
#3004=EDGE_CURVE('',#2438,#2439,#2145,.T.);
#3005=EDGE_CURVE('',#2440,#2439,#943,.T.);
#3006=EDGE_CURVE('',#2440,#2441,#2146,.T.);
#3007=EDGE_CURVE('',#2436,#2441,#944,.T.);
#3008=EDGE_CURVE('',#2442,#2443,#945,.T.);
#3009=EDGE_CURVE('',#2442,#2444,#946,.T.);
#3010=EDGE_CURVE('',#2444,#2445,#2147,.T.);
#3011=EDGE_CURVE('',#2446,#2445,#947,.T.);
#3012=EDGE_CURVE('',#2447,#2446,#948,.T.);
#3013=EDGE_CURVE('',#2447,#2448,#949,.T.);
#3014=EDGE_CURVE('',#2448,#2449,#950,.T.);
#3015=EDGE_CURVE('',#2450,#2449,#951,.T.);
#3016=EDGE_CURVE('',#2450,#2451,#2148,.T.);
#3017=EDGE_CURVE('',#2451,#2452,#952,.T.);
#3018=EDGE_CURVE('',#2452,#2453,#953,.T.);
#3019=EDGE_CURVE('',#2454,#2453,#954,.T.);
#3020=EDGE_CURVE('',#2454,#2455,#2149,.T.);
#3021=EDGE_CURVE('',#2455,#2456,#955,.T.);
#3022=EDGE_CURVE('',#2456,#2457,#956,.T.);
#3023=EDGE_CURVE('',#2458,#2457,#957,.T.);
#3024=EDGE_CURVE('',#2458,#2459,#2150,.T.);
#3025=EDGE_CURVE('',#2459,#2460,#958,.T.);
#3026=EDGE_CURVE('',#2460,#2461,#959,.T.);
#3027=EDGE_CURVE('',#2462,#2461,#960,.T.);
#3028=EDGE_CURVE('',#2463,#2462,#961,.T.);
#3029=EDGE_CURVE('',#2463,#2464,#962,.T.);
#3030=EDGE_CURVE('',#2464,#2465,#2151,.T.);
#3031=EDGE_CURVE('',#2466,#2465,#963,.T.);
#3032=EDGE_CURVE('',#2467,#2466,#964,.T.);
#3033=EDGE_CURVE('',#2467,#2468,#965,.T.);
#3034=EDGE_CURVE('',#2468,#2469,#2152,.T.);
#3035=EDGE_CURVE('',#2443,#2469,#966,.T.);
#3036=EDGE_CURVE('',#2470,#2471,#967,.F.);
#3037=EDGE_CURVE('',#2471,#2472,#968,.T.);
#3038=EDGE_CURVE('',#2473,#2472,#969,.T.);
#3039=EDGE_CURVE('',#2470,#2473,#970,.T.);
#3040=EDGE_CURVE('',#2474,#2333,#971,.T.);
#3041=EDGE_CURVE('',#2475,#2474,#972,.F.);
#3042=EDGE_CURVE('',#2349,#2475,#973,.T.);
#3043=EDGE_CURVE('',#2476,#2348,#974,.T.);
#3044=EDGE_CURVE('',#2334,#2476,#975,.T.);
#3045=EDGE_CURVE('',#2339,#2477,#2153,.T.);
#3046=EDGE_CURVE('',#2477,#2346,#976,.T.);
#3047=EDGE_CURVE('',#2347,#2478,#977,.T.);
#3048=EDGE_CURVE('',#2478,#2476,#2154,.T.);
#3049=EDGE_CURVE('',#2478,#2477,#978,.F.);
#3050=EDGE_CURVE('',#2479,#2332,#979,.T.);
#3051=EDGE_CURVE('',#2479,#2474,#980,.T.);
#3052=EDGE_CURVE('',#2480,#2481,#2155,.T.);
#3053=EDGE_CURVE('',#2480,#2482,#981,.T.);
#3054=EDGE_CURVE('',#2482,#2483,#2156,.T.);
#3055=EDGE_CURVE('',#2483,#2481,#982,.T.);
#3056=EDGE_CURVE('',#2484,#2483,#983,.F.);
#3057=EDGE_CURVE('',#2485,#2484,#984,.T.);
#3058=EDGE_CURVE('',#2485,#2486,#985,.T.);
#3059=EDGE_CURVE('',#2487,#2486,#986,.T.);
#3060=EDGE_CURVE('',#2487,#2488,#987,.T.);
#3061=EDGE_CURVE('',#2489,#2488,#988,.T.);
#3062=EDGE_CURVE('',#2489,#2481,#989,.T.);
#3063=EDGE_CURVE('',#2490,#2491,#2157,.T.);
#3064=EDGE_CURVE('',#2490,#2492,#990,.T.);
#3065=EDGE_CURVE('',#2492,#2493,#2158,.T.);
#3066=EDGE_CURVE('',#2493,#2491,#991,.T.);
#3067=EDGE_CURVE('',#2480,#2491,#992,.F.);
#3068=EDGE_CURVE('',#2482,#2493,#993,.F.);
#3069=EDGE_CURVE('',#2494,#2494,#2159,.T.);
#3070=EDGE_CURVE('',#2495,#2495,#2160,.T.);
#3071=EDGE_CURVE('',#2496,#2496,#2161,.T.);
#3072=EDGE_CURVE('',#2497,#2497,#2162,.T.);
#3073=EDGE_CURVE('',#2498,#2498,#2163,.T.);
#3074=EDGE_CURVE('',#2499,#2499,#2164,.T.);
#3075=EDGE_CURVE('',#2500,#2500,#2165,.T.);
#3076=EDGE_CURVE('',#2501,#2501,#2166,.T.);
#3077=EDGE_CURVE('',#2502,#2502,#2167,.T.);
#3078=EDGE_CURVE('',#2503,#2503,#2168,.T.);
#3079=EDGE_CURVE('',#2504,#2490,#994,.T.);
#3080=EDGE_CURVE('',#2505,#2504,#995,.T.);
#3081=EDGE_CURVE('',#2505,#2506,#996,.T.);
#3082=EDGE_CURVE('',#2507,#2506,#997,.T.);
#3083=EDGE_CURVE('',#2507,#2508,#998,.T.);
#3084=EDGE_CURVE('',#2509,#2508,#999,.T.);
#3085=EDGE_CURVE('',#2509,#2492,#1000,.F.);
#3086=EDGE_CURVE('',#2489,#2510,#2169,.T.);
#3087=EDGE_CURVE('',#2510,#2511,#1001,.F.);
#3088=EDGE_CURVE('',#2511,#2504,#2170,.T.);
#3089=EDGE_CURVE('',#2512,#2512,#2171,.T.);
#3090=EDGE_CURVE('',#2513,#2513,#2172,.T.);
#3091=EDGE_CURVE('',#2514,#2515,#2173,.T.);
#3092=EDGE_CURVE('',#2515,#2516,#1002,.T.);
#3093=EDGE_CURVE('',#2517,#2516,#2174,.T.);
#3094=EDGE_CURVE('',#2517,#2518,#1003,.T.);
#3095=EDGE_CURVE('',#2518,#2519,#2175,.T.);
#3096=EDGE_CURVE('',#2520,#2519,#1004,.T.);
#3097=EDGE_CURVE('',#2521,#2520,#2176,.T.);
#3098=EDGE_CURVE('',#2514,#2521,#1005,.T.);
#3099=EDGE_CURVE('',#2522,#2523,#2177,.T.);
#3100=EDGE_CURVE('',#2522,#2524,#1006,.T.);
#3101=EDGE_CURVE('',#2524,#2525,#2178,.T.);
#3102=EDGE_CURVE('',#2525,#2523,#1007,.T.);
#3103=EDGE_CURVE('',#2523,#2526,#1008,.T.);
#3104=EDGE_CURVE('',#2527,#2526,#2179,.T.);
#3105=EDGE_CURVE('',#2527,#2528,#1009,.F.);
#3106=EDGE_CURVE('',#2529,#2528,#2180,.T.);
#3107=EDGE_CURVE('',#2530,#2529,#1010,.T.);
#3108=EDGE_CURVE('',#2530,#2531,#2181,.T.);
#3109=EDGE_CURVE('',#2522,#2531,#1011,.F.);
#3110=EDGE_CURVE('',#2532,#2533,#1012,.F.);
#3111=EDGE_CURVE('',#2526,#2533,#1013,.T.);
#3112=EDGE_CURVE('',#2534,#2525,#1014,.T.);
#3113=EDGE_CURVE('',#2535,#2534,#1015,.T.);
#3114=EDGE_CURVE('',#2536,#2535,#1016,.F.);
#3115=EDGE_CURVE('',#2532,#2536,#1017,.T.);
#3116=EDGE_CURVE('',#2537,#2533,#2182,.T.);
#3117=EDGE_CURVE('',#2537,#2527,#1018,.T.);
#3118=EDGE_CURVE('',#2538,#2532,#2183,.F.);
#3119=EDGE_CURVE('',#2539,#2538,#1019,.T.);
#3120=EDGE_CURVE('',#2539,#2540,#2184,.T.);
#3121=EDGE_CURVE('',#2540,#2541,#1020,.T.);
#3122=EDGE_CURVE('',#2542,#2541,#2185,.F.);
#3123=EDGE_CURVE('',#2543,#2542,#1021,.T.);
#3124=EDGE_CURVE('',#2543,#2544,#2186,.T.);
#3125=EDGE_CURVE('',#2544,#2545,#1022,.F.);
#3126=EDGE_CURVE('',#2545,#2546,#2187,.T.);
#3127=EDGE_CURVE('',#2546,#2547,#1023,.T.);
#3128=EDGE_CURVE('',#2548,#2547,#2188,.F.);
#3129=EDGE_CURVE('',#2549,#2548,#1024,.T.);
#3130=EDGE_CURVE('',#2549,#2550,#2189,.T.);
#3131=EDGE_CURVE('',#2551,#2550,#1025,.F.);
#3132=EDGE_CURVE('',#2551,#2552,#2190,.T.);
#3133=EDGE_CURVE('',#2553,#2552,#1026,.F.);
#3134=EDGE_CURVE('',#2553,#2554,#2191,.T.);
#3135=EDGE_CURVE('',#2554,#2555,#1027,.T.);
#3136=EDGE_CURVE('',#2555,#2556,#2192,.T.);
#3137=EDGE_CURVE('',#2556,#2557,#1028,.T.);
#3138=EDGE_CURVE('',#2557,#2558,#2193,.T.);
#3139=EDGE_CURVE('',#2537,#2558,#1029,.F.);
#3140=EDGE_CURVE('',#2559,#2559,#2194,.F.);
#3141=EDGE_CURVE('',#2560,#2560,#2195,.F.);
#3142=EDGE_CURVE('',#2561,#2561,#2196,.F.);
#3143=EDGE_CURVE('',#2562,#2562,#2197,.F.);
#3144=EDGE_CURVE('',#2563,#2524,#1030,.T.);
#3145=EDGE_CURVE('',#2564,#2563,#2198,.T.);
#3146=EDGE_CURVE('',#2564,#2565,#1031,.T.);
#3147=EDGE_CURVE('',#2566,#2565,#2199,.T.);
#3148=EDGE_CURVE('',#2566,#2567,#1032,.T.);
#3149=EDGE_CURVE('',#2568,#2567,#2200,.F.);
#3150=EDGE_CURVE('',#2569,#2568,#1033,.T.);
#3151=EDGE_CURVE('',#2570,#2569,#2201,.F.);
#3152=EDGE_CURVE('',#2571,#2570,#1034,.T.);
#3153=EDGE_CURVE('',#2572,#2571,#2202,.F.);
#3154=EDGE_CURVE('',#2573,#2572,#1035,.T.);
#3155=EDGE_CURVE('',#2574,#2573,#2203,.F.);
#3156=EDGE_CURVE('',#2574,#2575,#1036,.T.);
#3157=EDGE_CURVE('',#2576,#2575,#2204,.T.);
#3158=EDGE_CURVE('',#2577,#2576,#1037,.T.);
#3159=EDGE_CURVE('',#2578,#2577,#2205,.T.);
#3160=EDGE_CURVE('',#2579,#2578,#1038,.T.);
#3161=EDGE_CURVE('',#2580,#2579,#2206,.T.);
#3162=EDGE_CURVE('',#2580,#2581,#1039,.T.);
#3163=EDGE_CURVE('',#2582,#2581,#2207,.T.);
#3164=EDGE_CURVE('',#2583,#2582,#1040,.T.);
#3165=EDGE_CURVE('',#2584,#2583,#2208,.T.);
#3166=EDGE_CURVE('',#2585,#2584,#1041,.T.);
#3167=EDGE_CURVE('',#2586,#2585,#2209,.T.);
#3168=EDGE_CURVE('',#2587,#2586,#1042,.T.);
#3169=EDGE_CURVE('',#2534,#2587,#2210,.T.);
#3170=EDGE_CURVE('',#2588,#2589,#2211,.F.);
#3171=EDGE_CURVE('',#2590,#2588,#1043,.T.);
#3172=EDGE_CURVE('',#2591,#2590,#2212,.F.);
#3173=EDGE_CURVE('',#2592,#2591,#1044,.T.);
#3174=EDGE_CURVE('',#2593,#2592,#2213,.F.);
#3175=EDGE_CURVE('',#2594,#2593,#1045,.T.);
#3176=EDGE_CURVE('',#2595,#2594,#2214,.F.);
#3177=EDGE_CURVE('',#2589,#2595,#1046,.T.);
#3178=EDGE_CURVE('',#2539,#2582,#1047,.T.);
#3179=EDGE_CURVE('',#2581,#2540,#1048,.T.);
#3180=EDGE_CURVE('',#2596,#2580,#1049,.T.);
#3181=EDGE_CURVE('',#2597,#2596,#1050,.F.);
#3182=EDGE_CURVE('',#2597,#2541,#1051,.T.);
#3183=EDGE_CURVE('',#2545,#2576,#1052,.T.);
#3184=EDGE_CURVE('',#2575,#2546,#1053,.T.);
#3185=EDGE_CURVE('',#2598,#2574,#1054,.T.);
#3186=EDGE_CURVE('',#2599,#2598,#1055,.T.);
#3187=EDGE_CURVE('',#2567,#2599,#1056,.T.);
#3188=EDGE_CURVE('',#2547,#2566,#1057,.T.);
#3189=EDGE_CURVE('',#2600,#2544,#1058,.T.);
#3190=EDGE_CURVE('',#2600,#2601,#1059,.F.);
#3191=EDGE_CURVE('',#2601,#2577,#1060,.T.);
#3192=EDGE_CURVE('',#2602,#2603,#2215,.T.);
#3193=EDGE_CURVE('',#2602,#2564,#1061,.T.);
#3194=EDGE_CURVE('',#2563,#2603,#1062,.T.);
#3195=EDGE_CURVE('',#2604,#2531,#1063,.T.);
#3196=EDGE_CURVE('',#2605,#2604,#1064,.T.);
#3197=EDGE_CURVE('',#2606,#2605,#1065,.T.);
#3198=EDGE_CURVE('',#2606,#2603,#1066,.F.);
#3199=EDGE_CURVE('',#2549,#2607,#1067,.T.);
#3200=EDGE_CURVE('',#2607,#2608,#2216,.T.);
#3201=EDGE_CURVE('',#2608,#2550,#1068,.T.);
#3202=EDGE_CURVE('',#2609,#2608,#1069,.F.);
#3203=EDGE_CURVE('',#2551,#2609,#1070,.T.);
#3204=EDGE_CURVE('',#2565,#2548,#1071,.T.);
#3205=EDGE_CURVE('',#2602,#2607,#1072,.T.);
#3206=EDGE_CURVE('',#2606,#2610,#2217,.T.);
#3207=EDGE_CURVE('',#2611,#2610,#1073,.T.);
#3208=EDGE_CURVE('',#2609,#2611,#2218,.T.);
#3209=EDGE_CURVE('',#2530,#2612,#1074,.T.);
#3210=EDGE_CURVE('',#2612,#2604,#2219,.T.);
#3211=EDGE_CURVE('',#2557,#2529,#1075,.T.);
#3212=EDGE_CURVE('',#2528,#2558,#1076,.T.);
#3213=EDGE_CURVE('',#2613,#2556,#1077,.T.);
#3214=EDGE_CURVE('',#2613,#2612,#1078,.F.);
#3215=EDGE_CURVE('',#2614,#2508,#2220,.T.);
#3216=EDGE_CURVE('',#2614,#2615,#1079,.T.);
#3217=EDGE_CURVE('',#2615,#2509,#2221,.T.);
#3218=EDGE_CURVE('',#2616,#2507,#2222,.T.);
#3219=EDGE_CURVE('',#2617,#2616,#1080,.F.);
#3220=EDGE_CURVE('',#2486,#2617,#2223,.T.);
#3221=EDGE_CURVE('',#2485,#2618,#2224,.T.);
#3222=EDGE_CURVE('',#2618,#2614,#1081,.F.);
#3223=EDGE_CURVE('',#2619,#2506,#2225,.T.);
#3224=EDGE_CURVE('',#2619,#2616,#1082,.T.);
#3225=EDGE_CURVE('',#2620,#2505,#2226,.T.);
#3226=EDGE_CURVE('',#2621,#2620,#1083,.F.);
#3227=EDGE_CURVE('',#2488,#2621,#2227,.T.);
#3228=EDGE_CURVE('',#2487,#2622,#2228,.T.);
#3229=EDGE_CURVE('',#2622,#2619,#1084,.F.);
#3230=EDGE_CURVE('',#2511,#2620,#1085,.T.);
#3231=EDGE_CURVE('',#2621,#2510,#1086,.T.);
#3232=EDGE_CURVE('',#2617,#2622,#1087,.T.);
#3233=EDGE_CURVE('',#2623,#2618,#1088,.T.);
#3234=EDGE_CURVE('',#2623,#2615,#1089,.T.);
#3235=EDGE_CURVE('',#2555,#2624,#1090,.T.);
#3236=EDGE_CURVE('',#2624,#2613,#2229,.T.);
#3237=EDGE_CURVE('',#2625,#2554,#1091,.T.);
#3238=EDGE_CURVE('',#2625,#2626,#1092,.T.);
#3239=EDGE_CURVE('',#2626,#2627,#1093,.F.);
#3240=EDGE_CURVE('',#2628,#2627,#1094,.F.);
#3241=EDGE_CURVE('',#2629,#2628,#1095,.F.);
#3242=EDGE_CURVE('',#2629,#2630,#1096,.T.);
#3243=EDGE_CURVE('',#2630,#2631,#1097,.F.);
#3244=EDGE_CURVE('',#2632,#2631,#1098,.F.);
#3245=EDGE_CURVE('',#2633,#2632,#1099,.F.);
#3246=EDGE_CURVE('',#2633,#2634,#1100,.T.);
#3247=EDGE_CURVE('',#2634,#2635,#2230,.T.);
#3248=EDGE_CURVE('',#2635,#2636,#1101,.T.);
#3249=EDGE_CURVE('',#2636,#2637,#2231,.T.);
#3250=EDGE_CURVE('',#2637,#2624,#1102,.T.);
#3251=EDGE_CURVE('',#2638,#2638,#2232,.T.);
#3252=EDGE_CURVE('',#2639,#2639,#2233,.T.);
#3253=EDGE_CURVE('',#2484,#2623,#2234,.T.);
#3254=EDGE_CURVE('',#2553,#2640,#1103,.T.);
#3255=EDGE_CURVE('',#2640,#2625,#2235,.T.);
#3256=EDGE_CURVE('',#2611,#2552,#1104,.T.);
#3257=EDGE_CURVE('',#2641,#2610,#1105,.T.);
#3258=EDGE_CURVE('',#2640,#2641,#1106,.F.);
#3259=EDGE_CURVE('',#2605,#2641,#2236,.T.);
#3260=EDGE_CURVE('',#2479,#2642,#2237,.F.);
#3261=EDGE_CURVE('',#2642,#2643,#1107,.F.);
#3262=EDGE_CURVE('',#2643,#2475,#1108,.T.);
#3263=EDGE_CURVE('',#2350,#2643,#1109,.T.);
#3264=EDGE_CURVE('',#2587,#2644,#1110,.T.);
#3265=EDGE_CURVE('',#2644,#2535,#2238,.T.);
#3266=EDGE_CURVE('',#2645,#2586,#1111,.T.);
#3267=EDGE_CURVE('',#2645,#2644,#1112,.T.);
#3268=EDGE_CURVE('',#2585,#2646,#1113,.T.);
#3269=EDGE_CURVE('',#2646,#2645,#2239,.T.);
#3270=EDGE_CURVE('',#2647,#2584,#1114,.T.);
#3271=EDGE_CURVE('',#2647,#2646,#1115,.F.);
#3272=EDGE_CURVE('',#2648,#2538,#1116,.T.);
#3273=EDGE_CURVE('',#2649,#2648,#1117,.T.);
#3274=EDGE_CURVE('',#2583,#2649,#1118,.T.);
#3275=EDGE_CURVE('',#2650,#2579,#1119,.T.);
#3276=EDGE_CURVE('',#2650,#2596,#2240,.T.);
#3277=EDGE_CURVE('',#2651,#2578,#1120,.T.);
#3278=EDGE_CURVE('',#2651,#2650,#1121,.T.);
#3279=EDGE_CURVE('',#2652,#2572,#1122,.T.);
#3280=EDGE_CURVE('',#2653,#2652,#1123,.T.);
#3281=EDGE_CURVE('',#2573,#2653,#1124,.T.);
#3282=EDGE_CURVE('',#2654,#2654,#2241,.T.);
#3283=EDGE_CURVE('',#2655,#2656,#2242,.T.);
#3284=EDGE_CURVE('',#2657,#2656,#1125,.T.);
#3285=EDGE_CURVE('',#2657,#2658,#2243,.T.);
#3286=EDGE_CURVE('',#2658,#2655,#1126,.T.);
#3287=EDGE_CURVE('',#2659,#2660,#2244,.T.);
#3288=EDGE_CURVE('',#2661,#2660,#1127,.T.);
#3289=EDGE_CURVE('',#2661,#2662,#2245,.T.);
#3290=EDGE_CURVE('',#2662,#2659,#1128,.T.);
#3291=EDGE_CURVE('',#2663,#2664,#2246,.T.);
#3292=EDGE_CURVE('',#2664,#2665,#1129,.T.);
#3293=EDGE_CURVE('',#2665,#2666,#2247,.T.);
#3294=EDGE_CURVE('',#2663,#2666,#1130,.T.);
#3295=EDGE_CURVE('',#2667,#2667,#2248,.T.);
#3296=EDGE_CURVE('',#2668,#2668,#2249,.T.);
#3297=EDGE_CURVE('',#2669,#2670,#2250,.T.);
#3298=EDGE_CURVE('',#2671,#2670,#1131,.T.);
#3299=EDGE_CURVE('',#2671,#2672,#2251,.T.);
#3300=EDGE_CURVE('',#2672,#2669,#1132,.T.);
#3301=EDGE_CURVE('',#2673,#2674,#2252,.T.);
#3302=EDGE_CURVE('',#2675,#2674,#1133,.T.);
#3303=EDGE_CURVE('',#2675,#2676,#2253,.T.);
#3304=EDGE_CURVE('',#2676,#2673,#1134,.T.);
#3305=EDGE_CURVE('',#2677,#2678,#2254,.T.);
#3306=EDGE_CURVE('',#2679,#2678,#1135,.T.);
#3307=EDGE_CURVE('',#2679,#2680,#2255,.T.);
#3308=EDGE_CURVE('',#2680,#2677,#1136,.T.);
#3309=EDGE_CURVE('',#2681,#2681,#2256,.T.);
#3310=EDGE_CURVE('',#2682,#2683,#1137,.T.);
#3311=EDGE_CURVE('',#2683,#2684,#2257,.F.);
#3312=EDGE_CURVE('',#2684,#2685,#1138,.F.);
#3313=EDGE_CURVE('',#2686,#2685,#2258,.T.);
#3314=EDGE_CURVE('',#2687,#2686,#1139,.T.);
#3315=EDGE_CURVE('',#2687,#2688,#2259,.F.);
#3316=EDGE_CURVE('',#2689,#2688,#1140,.F.);
#3317=EDGE_CURVE('',#2682,#2689,#2260,.T.);
#3318=EDGE_CURVE('',#2654,#2690,#1141,.T.);
#3319=EDGE_CURVE('',#2690,#2690,#2261,.T.);
#3320=EDGE_CURVE('',#2657,#2691,#1142,.T.);
#3321=EDGE_CURVE('',#2691,#2692,#2262,.F.);
#3322=EDGE_CURVE('',#2692,#2658,#1143,.T.);
#3323=EDGE_CURVE('',#2655,#2693,#1144,.T.);
#3324=EDGE_CURVE('',#2692,#2693,#1145,.T.);
#3325=EDGE_CURVE('',#2693,#2694,#2263,.F.);
#3326=EDGE_CURVE('',#2694,#2656,#1146,.T.);
#3327=EDGE_CURVE('',#2691,#2694,#1147,.T.);
#3328=EDGE_CURVE('',#2661,#2695,#1148,.T.);
#3329=EDGE_CURVE('',#2695,#2696,#2264,.F.);
#3330=EDGE_CURVE('',#2696,#2662,#1149,.T.);
#3331=EDGE_CURVE('',#2659,#2697,#1150,.T.);
#3332=EDGE_CURVE('',#2696,#2697,#1151,.T.);
#3333=EDGE_CURVE('',#2697,#2698,#2265,.F.);
#3334=EDGE_CURVE('',#2698,#2660,#1152,.T.);
#3335=EDGE_CURVE('',#2695,#2698,#1153,.T.);
#3336=EDGE_CURVE('',#2663,#2699,#1154,.T.);
#3337=EDGE_CURVE('',#2699,#2700,#2266,.F.);
#3338=EDGE_CURVE('',#2700,#2664,#1155,.T.);
#3339=EDGE_CURVE('',#2700,#2701,#1156,.T.);
#3340=EDGE_CURVE('',#2665,#2701,#1157,.T.);
#3341=EDGE_CURVE('',#2701,#2702,#2267,.F.);
#3342=EDGE_CURVE('',#2702,#2666,#1158,.T.);
#3343=EDGE_CURVE('',#2699,#2702,#1159,.T.);
#3344=EDGE_CURVE('',#2667,#2703,#1160,.T.);
#3345=EDGE_CURVE('',#2703,#2703,#2268,.T.);
#3346=EDGE_CURVE('',#2668,#2704,#1161,.T.);
#3347=EDGE_CURVE('',#2704,#2704,#2269,.T.);
#3348=EDGE_CURVE('',#2671,#2705,#1162,.T.);
#3349=EDGE_CURVE('',#2705,#2706,#2270,.F.);
#3350=EDGE_CURVE('',#2706,#2672,#1163,.T.);
#3351=EDGE_CURVE('',#2669,#2707,#1164,.T.);
#3352=EDGE_CURVE('',#2706,#2707,#1165,.T.);
#3353=EDGE_CURVE('',#2707,#2708,#2271,.F.);
#3354=EDGE_CURVE('',#2708,#2670,#1166,.T.);
#3355=EDGE_CURVE('',#2705,#2708,#1167,.T.);
#3356=EDGE_CURVE('',#2675,#2709,#1168,.T.);
#3357=EDGE_CURVE('',#2709,#2710,#2272,.F.);
#3358=EDGE_CURVE('',#2710,#2676,#1169,.T.);
#3359=EDGE_CURVE('',#2673,#2711,#1170,.T.);
#3360=EDGE_CURVE('',#2710,#2711,#1171,.T.);
#3361=EDGE_CURVE('',#2711,#2712,#2273,.F.);
#3362=EDGE_CURVE('',#2712,#2674,#1172,.T.);
#3363=EDGE_CURVE('',#2709,#2712,#1173,.T.);
#3364=EDGE_CURVE('',#2679,#2713,#1174,.T.);
#3365=EDGE_CURVE('',#2713,#2714,#2274,.F.);
#3366=EDGE_CURVE('',#2714,#2680,#1175,.T.);
#3367=EDGE_CURVE('',#2677,#2715,#1176,.T.);
#3368=EDGE_CURVE('',#2714,#2715,#1177,.T.);
#3369=EDGE_CURVE('',#2715,#2716,#2275,.F.);
#3370=EDGE_CURVE('',#2716,#2678,#1178,.T.);
#3371=EDGE_CURVE('',#2713,#2716,#1179,.T.);
#3372=EDGE_CURVE('',#2681,#2717,#1180,.T.);
#3373=EDGE_CURVE('',#2717,#2717,#2276,.T.);
#3374=EDGE_CURVE('',#2683,#2521,#1181,.T.);
#3375=EDGE_CURVE('',#2682,#2514,#1182,.T.);
#3376=EDGE_CURVE('',#2684,#2520,#1183,.T.);
#3377=EDGE_CURVE('',#2685,#2519,#1184,.T.);
#3378=EDGE_CURVE('',#2686,#2518,#1185,.T.);
#3379=EDGE_CURVE('',#2687,#2517,#1186,.T.);
#3380=EDGE_CURVE('',#2688,#2516,#1187,.T.);
#3381=EDGE_CURVE('',#2689,#2515,#1188,.T.);
#3382=EDGE_CURVE('',#2718,#2719,#1189,.T.);
#3383=EDGE_CURVE('',#2720,#2719,#1190,.F.);
#3384=EDGE_CURVE('',#2721,#2720,#1191,.T.);
#3385=EDGE_CURVE('',#2721,#2722,#1192,.F.);
#3386=EDGE_CURVE('',#2722,#2723,#1193,.T.);
#3387=EDGE_CURVE('',#2724,#2723,#2277,.F.);
#3388=EDGE_CURVE('',#2725,#2724,#1194,.T.);
#3389=EDGE_CURVE('',#2725,#2726,#1195,.F.);
#3390=EDGE_CURVE('',#2726,#2727,#1196,.T.);
#3391=EDGE_CURVE('',#2728,#2727,#2278,.F.);
#3392=EDGE_CURVE('',#2729,#2728,#1197,.T.);
#3393=EDGE_CURVE('',#2729,#2730,#1198,.F.);
#3394=EDGE_CURVE('',#2730,#2731,#1199,.T.);
#3395=EDGE_CURVE('',#2732,#2731,#2279,.F.);
#3396=EDGE_CURVE('',#2733,#2732,#1200,.T.);
#3397=EDGE_CURVE('',#2733,#2734,#1201,.F.);
#3398=EDGE_CURVE('',#2734,#2735,#1202,.T.);
#3399=EDGE_CURVE('',#2736,#2735,#1203,.F.);
#3400=EDGE_CURVE('',#2737,#2736,#1204,.T.);
#3401=EDGE_CURVE('',#2738,#2737,#2280,.F.);
#3402=EDGE_CURVE('',#2738,#2739,#1205,.T.);
#3403=EDGE_CURVE('',#2740,#2739,#1206,.F.);
#3404=EDGE_CURVE('',#2741,#2740,#1207,.T.);
#3405=EDGE_CURVE('',#2742,#2741,#2281,.F.);
#3406=EDGE_CURVE('',#2742,#2743,#1208,.T.);
#3407=EDGE_CURVE('',#2744,#2743,#1209,.F.);
#3408=EDGE_CURVE('',#2745,#2744,#1210,.T.);
#3409=EDGE_CURVE('',#2718,#2745,#2282,.F.);
#3410=EDGE_CURVE('',#2746,#2747,#2283,.T.);
#3411=EDGE_CURVE('',#2746,#2748,#1211,.T.);
#3412=EDGE_CURVE('',#2749,#2748,#2284,.T.);
#3413=EDGE_CURVE('',#2750,#2749,#2285,.T.);
#3414=EDGE_CURVE('',#2751,#2750,#1212,.F.);
#3415=EDGE_CURVE('',#2752,#2751,#1213,.T.);
#3416=EDGE_CURVE('',#2752,#2753,#1214,.F.);
#3417=EDGE_CURVE('',#2747,#2753,#2286,.T.);
#3418=EDGE_CURVE('',#2754,#2755,#1215,.T.);
#3419=EDGE_CURVE('',#2754,#2756,#1216,.F.);
#3420=EDGE_CURVE('',#2756,#2757,#1217,.T.);
#3421=EDGE_CURVE('',#2755,#2757,#1218,.F.);
#3422=EDGE_CURVE('',#2758,#2759,#1219,.T.);
#3423=EDGE_CURVE('',#2758,#2760,#1220,.F.);
#3424=EDGE_CURVE('',#2760,#2761,#1221,.T.);
#3425=EDGE_CURVE('',#2759,#2761,#1222,.F.);
#3426=EDGE_CURVE('',#2762,#2763,#1223,.T.);
#3427=EDGE_CURVE('',#2762,#2764,#1224,.F.);
#3428=EDGE_CURVE('',#2764,#2765,#1225,.T.);
#3429=EDGE_CURVE('',#2763,#2765,#1226,.F.);
#3430=EDGE_CURVE('',#2766,#2767,#1227,.T.);
#3431=EDGE_CURVE('',#2766,#2768,#1228,.F.);
#3432=EDGE_CURVE('',#2768,#2769,#1229,.T.);
#3433=EDGE_CURVE('',#2767,#2769,#1230,.F.);
#3434=EDGE_CURVE('',#2770,#2771,#1231,.T.);
#3435=EDGE_CURVE('',#2770,#2772,#1232,.F.);
#3436=EDGE_CURVE('',#2772,#2773,#1233,.T.);
#3437=EDGE_CURVE('',#2771,#2773,#1234,.F.);
#3438=EDGE_CURVE('',#2774,#2775,#1235,.F.);
#3439=EDGE_CURVE('',#2774,#2776,#1236,.F.);
#3440=EDGE_CURVE('',#2776,#2777,#1237,.T.);
#3441=EDGE_CURVE('',#2775,#2777,#1238,.F.);
#3442=EDGE_CURVE('',#2778,#2779,#1239,.T.);
#3443=EDGE_CURVE('',#2778,#2780,#1240,.F.);
#3444=EDGE_CURVE('',#2780,#2781,#1241,.T.);
#3445=EDGE_CURVE('',#2779,#2781,#1242,.F.);
#3446=EDGE_CURVE('',#2782,#2783,#1243,.T.);
#3447=EDGE_CURVE('',#2782,#2784,#1244,.F.);
#3448=EDGE_CURVE('',#2784,#2785,#1245,.T.);
#3449=EDGE_CURVE('',#2783,#2785,#1246,.F.);
#3450=EDGE_CURVE('',#2786,#2787,#1247,.T.);
#3451=EDGE_CURVE('',#2786,#2788,#1248,.F.);
#3452=EDGE_CURVE('',#2788,#2789,#1249,.T.);
#3453=EDGE_CURVE('',#2787,#2789,#1250,.F.);
#3454=EDGE_CURVE('',#2790,#2791,#1251,.T.);
#3455=EDGE_CURVE('',#2790,#2792,#1252,.F.);
#3456=EDGE_CURVE('',#2792,#2793,#1253,.T.);
#3457=EDGE_CURVE('',#2791,#2793,#1254,.F.);
#3458=EDGE_CURVE('',#2794,#2795,#1255,.T.);
#3459=EDGE_CURVE('',#2794,#2796,#1256,.F.);
#3460=EDGE_CURVE('',#2796,#2797,#1257,.T.);
#3461=EDGE_CURVE('',#2795,#2797,#1258,.F.);
#3462=EDGE_CURVE('',#2798,#2799,#1259,.T.);
#3463=EDGE_CURVE('',#2798,#2800,#1260,.F.);
#3464=EDGE_CURVE('',#2800,#2801,#1261,.T.);
#3465=EDGE_CURVE('',#2799,#2801,#1262,.F.);
#3466=EDGE_CURVE('',#2802,#2803,#1263,.T.);
#3467=EDGE_CURVE('',#2802,#2804,#1264,.F.);
#3468=EDGE_CURVE('',#2804,#2805,#1265,.T.);
#3469=EDGE_CURVE('',#2806,#2805,#2287,.F.);
#3470=EDGE_CURVE('',#2807,#2806,#1266,.T.);
#3471=EDGE_CURVE('',#2807,#2808,#1267,.F.);
#3472=EDGE_CURVE('',#2808,#2809,#1268,.T.);
#3473=EDGE_CURVE('',#2810,#2809,#2288,.F.);
#3474=EDGE_CURVE('',#2811,#2810,#1269,.T.);
#3475=EDGE_CURVE('',#2811,#2812,#1270,.F.);
#3476=EDGE_CURVE('',#2812,#2813,#1271,.T.);
#3477=EDGE_CURVE('',#2814,#2813,#1272,.F.);
#3478=EDGE_CURVE('',#2815,#2814,#1273,.T.);
#3479=EDGE_CURVE('',#2816,#2815,#2289,.F.);
#3480=EDGE_CURVE('',#2816,#2817,#1274,.T.);
#3481=EDGE_CURVE('',#2818,#2817,#1275,.F.);
#3482=EDGE_CURVE('',#2819,#2818,#1276,.T.);
#3483=EDGE_CURVE('',#2820,#2819,#2290,.F.);
#3484=EDGE_CURVE('',#2820,#2821,#1277,.T.);
#3485=EDGE_CURVE('',#2822,#2821,#1278,.F.);
#3486=EDGE_CURVE('',#2823,#2822,#1279,.T.);
#3487=EDGE_CURVE('',#2824,#2823,#2291,.F.);
#3488=EDGE_CURVE('',#2824,#2825,#1280,.T.);
#3489=EDGE_CURVE('',#2826,#2825,#1281,.F.);
#3490=EDGE_CURVE('',#2827,#2826,#1282,.T.);
#3491=EDGE_CURVE('',#2827,#2828,#1283,.F.);
#3492=EDGE_CURVE('',#2828,#2829,#1284,.T.);
#3493=EDGE_CURVE('',#2803,#2829,#2292,.F.);
#3494=EDGE_CURVE('',#2494,#2830,#1285,.T.);
#3495=EDGE_CURVE('',#2830,#2830,#2293,.T.);
#3496=EDGE_CURVE('',#2495,#2831,#1286,.T.);
#3497=EDGE_CURVE('',#2831,#2831,#2294,.T.);
#3498=EDGE_CURVE('',#2496,#2832,#1287,.T.);
#3499=EDGE_CURVE('',#2832,#2832,#2295,.T.);
#3500=EDGE_CURVE('',#2497,#2833,#1288,.T.);
#3501=EDGE_CURVE('',#2833,#2833,#2296,.T.);
#3502=EDGE_CURVE('',#2498,#2834,#1289,.T.);
#3503=EDGE_CURVE('',#2834,#2834,#2297,.T.);
#3504=EDGE_CURVE('',#2499,#2835,#1290,.T.);
#3505=EDGE_CURVE('',#2835,#2835,#2298,.T.);
#3506=EDGE_CURVE('',#2500,#2836,#1291,.T.);
#3507=EDGE_CURVE('',#2836,#2836,#2299,.T.);
#3508=EDGE_CURVE('',#2501,#2837,#1292,.T.);
#3509=EDGE_CURVE('',#2837,#2837,#2300,.T.);
#3510=EDGE_CURVE('',#2502,#2838,#1293,.T.);
#3511=EDGE_CURVE('',#2838,#2838,#2301,.T.);
#3512=EDGE_CURVE('',#2503,#2839,#1294,.T.);
#3513=EDGE_CURVE('',#2839,#2839,#2302,.T.);
#3514=EDGE_CURVE('',#2840,#2841,#2303,.T.);
#3515=EDGE_CURVE('',#2840,#2842,#1295,.T.);
#3516=EDGE_CURVE('',#2843,#2842,#2304,.T.);
#3517=EDGE_CURVE('',#2843,#2844,#1296,.T.);
#3518=EDGE_CURVE('',#2845,#2844,#2305,.T.);
#3519=EDGE_CURVE('',#2845,#2846,#1297,.T.);
#3520=EDGE_CURVE('',#2847,#2846,#2306,.T.);
#3521=EDGE_CURVE('',#2847,#2841,#1298,.T.);
#3522=EDGE_CURVE('',#2443,#2726,#1299,.T.);
#3523=EDGE_CURVE('',#2442,#2725,#1300,.T.);
#3524=EDGE_CURVE('',#2727,#2469,#1301,.T.);
#3525=EDGE_CURVE('',#2468,#2728,#1302,.T.);
#3526=EDGE_CURVE('',#2467,#2729,#1303,.T.);
#3527=EDGE_CURVE('',#2466,#2730,#1304,.T.);
#3528=EDGE_CURVE('',#2731,#2465,#1305,.T.);
#3529=EDGE_CURVE('',#2464,#2732,#1306,.T.);
#3530=EDGE_CURVE('',#2463,#2733,#1307,.T.);
#3531=EDGE_CURVE('',#2462,#2734,#1308,.T.);
#3532=EDGE_CURVE('',#2461,#2735,#1309,.T.);
#3533=EDGE_CURVE('',#2460,#2736,#1310,.T.);
#3534=EDGE_CURVE('',#2737,#2459,#1311,.T.);
#3535=EDGE_CURVE('',#2458,#2738,#1312,.T.);
#3536=EDGE_CURVE('',#2457,#2739,#1313,.T.);
#3537=EDGE_CURVE('',#2456,#2740,#1314,.T.);
#3538=EDGE_CURVE('',#2741,#2455,#1315,.T.);
#3539=EDGE_CURVE('',#2454,#2742,#1316,.T.);
#3540=EDGE_CURVE('',#2453,#2743,#1317,.T.);
#3541=EDGE_CURVE('',#2452,#2744,#1318,.T.);
#3542=EDGE_CURVE('',#2745,#2451,#1319,.T.);
#3543=EDGE_CURVE('',#2450,#2718,#1320,.T.);
#3544=EDGE_CURVE('',#2449,#2719,#1321,.T.);
#3545=EDGE_CURVE('',#2448,#2720,#1322,.T.);
#3546=EDGE_CURVE('',#2447,#2721,#1323,.T.);
#3547=EDGE_CURVE('',#2446,#2722,#1324,.T.);
#3548=EDGE_CURVE('',#2723,#2445,#1325,.T.);
#3549=EDGE_CURVE('',#2444,#2724,#1326,.T.);
#3550=EDGE_CURVE('',#2440,#2746,#1327,.T.);
#3551=EDGE_CURVE('',#2748,#2439,#1328,.T.);
#3552=EDGE_CURVE('',#2749,#2512,#1329,.T.);
#3553=EDGE_CURVE('',#2438,#2750,#1330,.T.);
#3554=EDGE_CURVE('',#2437,#2751,#1331,.T.);
#3555=EDGE_CURVE('',#2436,#2752,#1332,.T.);
#3556=EDGE_CURVE('',#2753,#2441,#1333,.T.);
#3557=EDGE_CURVE('',#2747,#2513,#1334,.T.);
#3558=EDGE_CURVE('',#2434,#2756,#1335,.T.);
#3559=EDGE_CURVE('',#2433,#2757,#1336,.T.);
#3560=EDGE_CURVE('',#2432,#2755,#1337,.T.);
#3561=EDGE_CURVE('',#2435,#2754,#1338,.T.);
#3562=EDGE_CURVE('',#2430,#2760,#1339,.T.);
#3563=EDGE_CURVE('',#2429,#2761,#1340,.T.);
#3564=EDGE_CURVE('',#2428,#2759,#1341,.T.);
#3565=EDGE_CURVE('',#2431,#2758,#1342,.T.);
#3566=EDGE_CURVE('',#2426,#2764,#1343,.T.);
#3567=EDGE_CURVE('',#2425,#2765,#1344,.T.);
#3568=EDGE_CURVE('',#2424,#2763,#1345,.T.);
#3569=EDGE_CURVE('',#2427,#2762,#1346,.T.);
#3570=EDGE_CURVE('',#2422,#2768,#1347,.T.);
#3571=EDGE_CURVE('',#2421,#2769,#1348,.T.);
#3572=EDGE_CURVE('',#2420,#2767,#1349,.T.);
#3573=EDGE_CURVE('',#2423,#2766,#1350,.T.);
#3574=EDGE_CURVE('',#2418,#2772,#1351,.T.);
#3575=EDGE_CURVE('',#2417,#2773,#1352,.T.);
#3576=EDGE_CURVE('',#2416,#2771,#1353,.T.);
#3577=EDGE_CURVE('',#2419,#2770,#1354,.T.);
#3578=EDGE_CURVE('',#2473,#2776,#1355,.T.);
#3579=EDGE_CURVE('',#2472,#2777,#1356,.T.);
#3580=EDGE_CURVE('',#2471,#2775,#1357,.T.);
#3581=EDGE_CURVE('',#2470,#2774,#1358,.T.);
#3582=EDGE_CURVE('',#2353,#2848,#1359,.T.);
#3583=EDGE_CURVE('',#2848,#2849,#1360,.T.);
#3584=EDGE_CURVE('',#2354,#2849,#1361,.T.);
#3585=EDGE_CURVE('',#2414,#2780,#1362,.T.);
#3586=EDGE_CURVE('',#2413,#2781,#1363,.T.);
#3587=EDGE_CURVE('',#2412,#2779,#1364,.T.);
#3588=EDGE_CURVE('',#2415,#2778,#1365,.T.);
#3589=EDGE_CURVE('',#2410,#2784,#1366,.T.);
#3590=EDGE_CURVE('',#2409,#2785,#1367,.T.);
#3591=EDGE_CURVE('',#2408,#2783,#1368,.T.);
#3592=EDGE_CURVE('',#2411,#2782,#1369,.T.);
#3593=EDGE_CURVE('',#2406,#2788,#1370,.T.);
#3594=EDGE_CURVE('',#2405,#2789,#1371,.T.);
#3595=EDGE_CURVE('',#2404,#2787,#1372,.T.);
#3596=EDGE_CURVE('',#2407,#2786,#1373,.T.);
#3597=EDGE_CURVE('',#2402,#2792,#1374,.T.);
#3598=EDGE_CURVE('',#2401,#2793,#1375,.T.);
#3599=EDGE_CURVE('',#2400,#2791,#1376,.T.);
#3600=EDGE_CURVE('',#2403,#2790,#1377,.T.);
#3601=EDGE_CURVE('',#2398,#2796,#1378,.T.);
#3602=EDGE_CURVE('',#2397,#2797,#1379,.T.);
#3603=EDGE_CURVE('',#2396,#2795,#1380,.T.);
#3604=EDGE_CURVE('',#2399,#2794,#1381,.T.);
#3605=EDGE_CURVE('',#2394,#2800,#1382,.T.);
#3606=EDGE_CURVE('',#2393,#2801,#1383,.T.);
#3607=EDGE_CURVE('',#2392,#2799,#1384,.T.);
#3608=EDGE_CURVE('',#2395,#2798,#1385,.T.);
#3609=EDGE_CURVE('',#2385,#2850,#1386,.T.);
#3610=EDGE_CURVE('',#2391,#2851,#1387,.T.);
#3611=EDGE_CURVE('',#2850,#2851,#1388,.T.);
#3612=EDGE_CURVE('',#2357,#2803,#1389,.T.);
#3613=EDGE_CURVE('',#2356,#2802,#1390,.T.);
#3614=EDGE_CURVE('',#2383,#2804,#1391,.T.);
#3615=EDGE_CURVE('',#2805,#2382,#1392,.T.);
#3616=EDGE_CURVE('',#2381,#2806,#1393,.T.);
#3617=EDGE_CURVE('',#2380,#2807,#1394,.T.);
#3618=EDGE_CURVE('',#2379,#2808,#1395,.T.);
#3619=EDGE_CURVE('',#2809,#2378,#1396,.T.);
#3620=EDGE_CURVE('',#2377,#2810,#1397,.T.);
#3621=EDGE_CURVE('',#2376,#2811,#1398,.T.);
#3622=EDGE_CURVE('',#2375,#2812,#1399,.T.);
#3623=EDGE_CURVE('',#2374,#2813,#1400,.T.);
#3624=EDGE_CURVE('',#2373,#2814,#1401,.T.);
#3625=EDGE_CURVE('',#2815,#2372,#1402,.T.);
#3626=EDGE_CURVE('',#2371,#2816,#1403,.T.);
#3627=EDGE_CURVE('',#2370,#2817,#1404,.T.);
#3628=EDGE_CURVE('',#2369,#2818,#1405,.T.);
#3629=EDGE_CURVE('',#2819,#2368,#1406,.T.);
#3630=EDGE_CURVE('',#2367,#2820,#1407,.T.);
#3631=EDGE_CURVE('',#2366,#2821,#1408,.T.);
#3632=EDGE_CURVE('',#2365,#2822,#1409,.T.);
#3633=EDGE_CURVE('',#2823,#2364,#1410,.T.);
#3634=EDGE_CURVE('',#2363,#2824,#1411,.T.);
#3635=EDGE_CURVE('',#2362,#2825,#1412,.T.);
#3636=EDGE_CURVE('',#2361,#2826,#1413,.T.);
#3637=EDGE_CURVE('',#2360,#2827,#1414,.T.);
#3638=EDGE_CURVE('',#2359,#2828,#1415,.T.);
#3639=EDGE_CURVE('',#2829,#2358,#1416,.T.);
#3640=EDGE_CURVE('',#2852,#2853,#1417,.F.);
#3641=EDGE_CURVE('',#2853,#2342,#1418,.T.);
#3642=EDGE_CURVE('',#2852,#2341,#1419,.T.);
#3643=EDGE_CURVE('',#2853,#2854,#1420,.F.);
#3644=EDGE_CURVE('',#2854,#2343,#1421,.T.);
#3645=EDGE_CURVE('',#2855,#2854,#1422,.F.);
#3646=EDGE_CURVE('',#2855,#2344,#1423,.T.);
#3647=EDGE_CURVE('',#2856,#2857,#2307,.T.);
#3648=EDGE_CURVE('',#2858,#2856,#1424,.T.);
#3649=EDGE_CURVE('',#2858,#2859,#2308,.T.);
#3650=EDGE_CURVE('',#2860,#2859,#1425,.T.);
#3651=EDGE_CURVE('',#2860,#2861,#1426,.F.);
#3652=EDGE_CURVE('',#2861,#2862,#1427,.F.);
#3653=EDGE_CURVE('',#2863,#2862,#1428,.F.);
#3654=EDGE_CURVE('',#2863,#2864,#1429,.T.);
#3655=EDGE_CURVE('',#2864,#2865,#1430,.F.);
#3656=EDGE_CURVE('',#2865,#2866,#1431,.F.);
#3657=EDGE_CURVE('',#2867,#2866,#1432,.F.);
#3658=EDGE_CURVE('',#2852,#2867,#1433,.T.);
#3659=EDGE_CURVE('',#2857,#2855,#1434,.T.);
#3660=EDGE_CURVE('',#2868,#2868,#2309,.T.);
#3661=EDGE_CURVE('',#2869,#2869,#2310,.T.);
#3662=EDGE_CURVE('',#2841,#2595,#1435,.T.);
#3663=EDGE_CURVE('',#2589,#2847,#1436,.T.);
#3664=EDGE_CURVE('',#2594,#2840,#1437,.T.);
#3665=EDGE_CURVE('',#2842,#2593,#1438,.T.);
#3666=EDGE_CURVE('',#2592,#2843,#1439,.T.);
#3667=EDGE_CURVE('',#2844,#2591,#1440,.T.);
#3668=EDGE_CURVE('',#2590,#2845,#1441,.T.);
#3669=EDGE_CURVE('',#2846,#2588,#1442,.T.);
#3670=EDGE_CURVE('',#2571,#2870,#1443,.T.);
#3671=EDGE_CURVE('',#2871,#2570,#1444,.T.);
#3672=EDGE_CURVE('',#2870,#2871,#1445,.T.);
#3673=EDGE_CURVE('',#2872,#2871,#2311,.T.);
#3674=EDGE_CURVE('',#2569,#2872,#1446,.T.);
#3675=EDGE_CURVE('',#2873,#2568,#1447,.T.);
#3676=EDGE_CURVE('',#2872,#2873,#1448,.T.);
#3677=EDGE_CURVE('',#2384,#2874,#1449,.T.);
#3678=EDGE_CURVE('',#2874,#2850,#1450,.F.);
#3679=EDGE_CURVE('',#2875,#2352,#1451,.T.);
#3680=EDGE_CURVE('',#2848,#2875,#1452,.F.);
#3681=EDGE_CURVE('',#2351,#2642,#1453,.T.);
#3682=EDGE_CURVE('',#2876,#2387,#1454,.T.);
#3683=EDGE_CURVE('',#2876,#2877,#1455,.T.);
#3684=EDGE_CURVE('',#2388,#2877,#1456,.T.);
#3685=EDGE_CURVE('',#2878,#2390,#1457,.T.);
#3686=EDGE_CURVE('',#2878,#2851,#1458,.F.);
#3687=EDGE_CURVE('',#2874,#2876,#2312,.T.);
#3688=EDGE_CURVE('',#2877,#2878,#2313,.T.);
#3689=EDGE_CURVE('',#2879,#2880,#1459,.T.);
#3690=EDGE_CURVE('',#2879,#2331,#1460,.T.);
#3691=EDGE_CURVE('',#2880,#2345,#1461,.F.);
#3692=EDGE_CURVE('',#2875,#2881,#2314,.F.);
#3693=EDGE_CURVE('',#2881,#2879,#2315,.F.);
#3694=EDGE_CURVE('',#2880,#2882,#2316,.F.);
#3695=EDGE_CURVE('',#2882,#2883,#2317,.F.);
#3696=EDGE_CURVE('',#2849,#2883,#1462,.F.);
#3697=EDGE_CURVE('',#2355,#2883,#1463,.T.);
#3698=EDGE_CURVE('',#2638,#2868,#1464,.T.);
#3699=EDGE_CURVE('',#2639,#2869,#1465,.T.);
#3700=EDGE_CURVE('',#2634,#2859,#1466,.T.);
#3701=EDGE_CURVE('',#2858,#2635,#1467,.T.);
#3702=EDGE_CURVE('',#2860,#2633,#1468,.T.);
#3703=EDGE_CURVE('',#2861,#2632,#1469,.T.);
#3704=EDGE_CURVE('',#2862,#2631,#1470,.T.);
#3705=EDGE_CURVE('',#2863,#2630,#1471,.T.);
#3706=EDGE_CURVE('',#2864,#2629,#1472,.T.);
#3707=EDGE_CURVE('',#2865,#2628,#1473,.T.);
#3708=EDGE_CURVE('',#2866,#2627,#1474,.T.);
#3709=EDGE_CURVE('',#2867,#2626,#1475,.T.);
#3710=EDGE_CURVE('',#2636,#2856,#1476,.T.);
#3711=EDGE_CURVE('',#2857,#2637,#1477,.T.);
#3712=EDGE_CURVE('',#2599,#2873,#2318,.T.);
#3713=EDGE_CURVE('',#2884,#2885,#1478,.T.);
#3714=EDGE_CURVE('',#2885,#2597,#2319,.F.);
#3715=EDGE_CURVE('',#2651,#2601,#2320,.F.);
#3716=EDGE_CURVE('',#2884,#2600,#2321,.T.);
#3717=EDGE_CURVE('',#2653,#2598,#2322,.T.);
#3718=EDGE_CURVE('',#2870,#2652,#2323,.T.);
#3719=EDGE_CURVE('',#2649,#2647,#2324,.T.);
#3720=EDGE_CURVE('',#2386,#2559,#1479,.T.);
#3721=EDGE_CURVE('',#2881,#2560,#1480,.T.);
#3722=EDGE_CURVE('',#2389,#2561,#1481,.T.);
#3723=EDGE_CURVE('',#2882,#2562,#1482,.T.);
#3724=EDGE_CURVE('',#2884,#2543,#1483,.T.);
#3725=EDGE_CURVE('',#2885,#2542,#1484,.T.);
#3726=EDGE_CURVE('',#2536,#2648,#2325,.T.);
#3727=ORIENTED_EDGE('',*,*,#2886,.F.);
#3728=ORIENTED_EDGE('',*,*,#2887,.F.);
#3729=ORIENTED_EDGE('',*,*,#2888,.F.);
#3730=ORIENTED_EDGE('',*,*,#2889,.T.);
#3731=ORIENTED_EDGE('',*,*,#2890,.F.);
#3732=ORIENTED_EDGE('',*,*,#2891,.F.);
#3733=ORIENTED_EDGE('',*,*,#2892,.T.);
#3734=ORIENTED_EDGE('',*,*,#2893,.T.);
#3735=ORIENTED_EDGE('',*,*,#2894,.T.);
#3736=ORIENTED_EDGE('',*,*,#2895,.T.);
#3737=ORIENTED_EDGE('',*,*,#2896,.T.);
#3738=ORIENTED_EDGE('',*,*,#2888,.T.);
#3739=ORIENTED_EDGE('',*,*,#2890,.T.);
#3740=ORIENTED_EDGE('',*,*,#2897,.T.);
#3741=ORIENTED_EDGE('',*,*,#2896,.F.);
#3742=ORIENTED_EDGE('',*,*,#2898,.F.);
#3743=ORIENTED_EDGE('',*,*,#2899,.F.);
#3744=ORIENTED_EDGE('',*,*,#2889,.F.);
#3745=ORIENTED_EDGE('',*,*,#2900,.T.);
#3746=ORIENTED_EDGE('',*,*,#2901,.T.);
#3747=ORIENTED_EDGE('',*,*,#2902,.T.);
#3748=ORIENTED_EDGE('',*,*,#2886,.T.);
#3749=ORIENTED_EDGE('',*,*,#2899,.T.);
#3750=ORIENTED_EDGE('',*,*,#2901,.F.);
#3751=ORIENTED_EDGE('',*,*,#2903,.F.);
#3752=ORIENTED_EDGE('',*,*,#2904,.F.);
#3753=ORIENTED_EDGE('',*,*,#2905,.T.);
#3754=ORIENTED_EDGE('',*,*,#2906,.T.);
#3755=ORIENTED_EDGE('',*,*,#2907,.T.);
#3756=ORIENTED_EDGE('',*,*,#2908,.F.);
#3757=ORIENTED_EDGE('',*,*,#2909,.F.);
#3758=ORIENTED_EDGE('',*,*,#2910,.F.);
#3759=ORIENTED_EDGE('',*,*,#2902,.F.);
#3760=ORIENTED_EDGE('',*,*,#2905,.F.);
#3761=ORIENTED_EDGE('',*,*,#2911,.F.);
#3762=ORIENTED_EDGE('',*,*,#2912,.F.);
#3763=ORIENTED_EDGE('',*,*,#2913,.F.);
#3764=ORIENTED_EDGE('',*,*,#2914,.T.);
#3765=ORIENTED_EDGE('',*,*,#2915,.F.);
#3766=ORIENTED_EDGE('',*,*,#2916,.F.);
#3767=ORIENTED_EDGE('',*,*,#2917,.F.);
#3768=ORIENTED_EDGE('',*,*,#2918,.F.);
#3769=ORIENTED_EDGE('',*,*,#2919,.T.);
#3770=ORIENTED_EDGE('',*,*,#2920,.T.);
#3771=ORIENTED_EDGE('',*,*,#2921,.T.);
#3772=ORIENTED_EDGE('',*,*,#2922,.T.);
#3773=ORIENTED_EDGE('',*,*,#2923,.T.);
#3774=ORIENTED_EDGE('',*,*,#2924,.F.);
#3775=ORIENTED_EDGE('',*,*,#2925,.F.);
#3776=ORIENTED_EDGE('',*,*,#2926,.T.);
#3777=ORIENTED_EDGE('',*,*,#2927,.T.);
#3778=ORIENTED_EDGE('',*,*,#2928,.F.);
#3779=ORIENTED_EDGE('',*,*,#2929,.T.);
#3780=ORIENTED_EDGE('',*,*,#2930,.T.);
#3781=ORIENTED_EDGE('',*,*,#2931,.T.);
#3782=ORIENTED_EDGE('',*,*,#2932,.F.);
#3783=ORIENTED_EDGE('',*,*,#2933,.T.);
#3784=ORIENTED_EDGE('',*,*,#2934,.T.);
#3785=ORIENTED_EDGE('',*,*,#2935,.T.);
#3786=ORIENTED_EDGE('',*,*,#2936,.F.);
#3787=ORIENTED_EDGE('',*,*,#2937,.T.);
#3788=ORIENTED_EDGE('',*,*,#2938,.T.);
#3789=ORIENTED_EDGE('',*,*,#2939,.T.);
#3790=ORIENTED_EDGE('',*,*,#2940,.F.);
#3791=ORIENTED_EDGE('',*,*,#2941,.F.);
#3792=ORIENTED_EDGE('',*,*,#2942,.T.);
#3793=ORIENTED_EDGE('',*,*,#2943,.T.);
#3794=ORIENTED_EDGE('',*,*,#2944,.F.);
#3795=ORIENTED_EDGE('',*,*,#2945,.F.);
#3796=ORIENTED_EDGE('',*,*,#2946,.T.);
#3797=ORIENTED_EDGE('',*,*,#2947,.T.);
#3798=ORIENTED_EDGE('',*,*,#2948,.F.);
#3799=ORIENTED_EDGE('',*,*,#2949,.F.);
#3800=ORIENTED_EDGE('',*,*,#2950,.F.);
#3801=ORIENTED_EDGE('',*,*,#2951,.T.);
#3802=ORIENTED_EDGE('',*,*,#2952,.T.);
#3803=ORIENTED_EDGE('',*,*,#2953,.T.);
#3804=ORIENTED_EDGE('',*,*,#2954,.T.);
#3805=ORIENTED_EDGE('',*,*,#2955,.T.);
#3806=ORIENTED_EDGE('',*,*,#2956,.T.);
#3807=ORIENTED_EDGE('',*,*,#2957,.F.);
#3808=ORIENTED_EDGE('',*,*,#2958,.T.);
#3809=ORIENTED_EDGE('',*,*,#2959,.F.);
#3810=ORIENTED_EDGE('',*,*,#2960,.F.);
#3811=ORIENTED_EDGE('',*,*,#2961,.T.);
#3812=ORIENTED_EDGE('',*,*,#2962,.T.);
#3813=ORIENTED_EDGE('',*,*,#2963,.F.);
#3814=ORIENTED_EDGE('',*,*,#2964,.F.);
#3815=ORIENTED_EDGE('',*,*,#2965,.T.);
#3816=ORIENTED_EDGE('',*,*,#2966,.T.);
#3817=ORIENTED_EDGE('',*,*,#2967,.F.);
#3818=ORIENTED_EDGE('',*,*,#2968,.F.);
#3819=ORIENTED_EDGE('',*,*,#2969,.T.);
#3820=ORIENTED_EDGE('',*,*,#2970,.T.);
#3821=ORIENTED_EDGE('',*,*,#2971,.F.);
#3822=ORIENTED_EDGE('',*,*,#2972,.F.);
#3823=ORIENTED_EDGE('',*,*,#2973,.T.);
#3824=ORIENTED_EDGE('',*,*,#2974,.T.);
#3825=ORIENTED_EDGE('',*,*,#2975,.F.);
#3826=ORIENTED_EDGE('',*,*,#2976,.F.);
#3827=ORIENTED_EDGE('',*,*,#2977,.T.);
#3828=ORIENTED_EDGE('',*,*,#2978,.T.);
#3829=ORIENTED_EDGE('',*,*,#2979,.F.);
#3830=ORIENTED_EDGE('',*,*,#2980,.F.);
#3831=ORIENTED_EDGE('',*,*,#2981,.T.);
#3832=ORIENTED_EDGE('',*,*,#2982,.T.);
#3833=ORIENTED_EDGE('',*,*,#2983,.F.);
#3834=ORIENTED_EDGE('',*,*,#2984,.F.);
#3835=ORIENTED_EDGE('',*,*,#2985,.T.);
#3836=ORIENTED_EDGE('',*,*,#2986,.T.);
#3837=ORIENTED_EDGE('',*,*,#2987,.F.);
#3838=ORIENTED_EDGE('',*,*,#2988,.F.);
#3839=ORIENTED_EDGE('',*,*,#2989,.T.);
#3840=ORIENTED_EDGE('',*,*,#2990,.T.);
#3841=ORIENTED_EDGE('',*,*,#2991,.F.);
#3842=ORIENTED_EDGE('',*,*,#2992,.F.);
#3843=ORIENTED_EDGE('',*,*,#2993,.T.);
#3844=ORIENTED_EDGE('',*,*,#2994,.T.);
#3845=ORIENTED_EDGE('',*,*,#2995,.F.);
#3846=ORIENTED_EDGE('',*,*,#2996,.F.);
#3847=ORIENTED_EDGE('',*,*,#2997,.T.);
#3848=ORIENTED_EDGE('',*,*,#2998,.T.);
#3849=ORIENTED_EDGE('',*,*,#2999,.F.);
#3850=ORIENTED_EDGE('',*,*,#3000,.F.);
#3851=ORIENTED_EDGE('',*,*,#3001,.T.);
#3852=ORIENTED_EDGE('',*,*,#3002,.T.);
#3853=ORIENTED_EDGE('',*,*,#3003,.T.);
#3854=ORIENTED_EDGE('',*,*,#3004,.T.);
#3855=ORIENTED_EDGE('',*,*,#3005,.F.);
#3856=ORIENTED_EDGE('',*,*,#3006,.T.);
#3857=ORIENTED_EDGE('',*,*,#3007,.F.);
#3858=ORIENTED_EDGE('',*,*,#3008,.F.);
#3859=ORIENTED_EDGE('',*,*,#3009,.T.);
#3860=ORIENTED_EDGE('',*,*,#3010,.T.);
#3861=ORIENTED_EDGE('',*,*,#3011,.F.);
#3862=ORIENTED_EDGE('',*,*,#3012,.F.);
#3863=ORIENTED_EDGE('',*,*,#3013,.T.);
#3864=ORIENTED_EDGE('',*,*,#3014,.T.);
#3865=ORIENTED_EDGE('',*,*,#3015,.F.);
#3866=ORIENTED_EDGE('',*,*,#3016,.T.);
#3867=ORIENTED_EDGE('',*,*,#3017,.T.);
#3868=ORIENTED_EDGE('',*,*,#3018,.T.);
#3869=ORIENTED_EDGE('',*,*,#3019,.F.);
#3870=ORIENTED_EDGE('',*,*,#3020,.T.);
#3871=ORIENTED_EDGE('',*,*,#3021,.T.);
#3872=ORIENTED_EDGE('',*,*,#3022,.T.);
#3873=ORIENTED_EDGE('',*,*,#3023,.F.);
#3874=ORIENTED_EDGE('',*,*,#3024,.T.);
#3875=ORIENTED_EDGE('',*,*,#3025,.T.);
#3876=ORIENTED_EDGE('',*,*,#3026,.T.);
#3877=ORIENTED_EDGE('',*,*,#3027,.F.);
#3878=ORIENTED_EDGE('',*,*,#3028,.F.);
#3879=ORIENTED_EDGE('',*,*,#3029,.T.);
#3880=ORIENTED_EDGE('',*,*,#3030,.T.);
#3881=ORIENTED_EDGE('',*,*,#3031,.F.);
#3882=ORIENTED_EDGE('',*,*,#3032,.F.);
#3883=ORIENTED_EDGE('',*,*,#3033,.T.);
#3884=ORIENTED_EDGE('',*,*,#3034,.T.);
#3885=ORIENTED_EDGE('',*,*,#3035,.F.);
#3886=ORIENTED_EDGE('',*,*,#3036,.T.);
#3887=ORIENTED_EDGE('',*,*,#3037,.T.);
#3888=ORIENTED_EDGE('',*,*,#3038,.F.);
#3889=ORIENTED_EDGE('',*,*,#3039,.F.);
#3890=ORIENTED_EDGE('',*,*,#2897,.F.);
#3891=ORIENTED_EDGE('',*,*,#2894,.F.);
#3892=ORIENTED_EDGE('',*,*,#3040,.F.);
#3893=ORIENTED_EDGE('',*,*,#3041,.F.);
#3894=ORIENTED_EDGE('',*,*,#3042,.F.);
#3895=ORIENTED_EDGE('',*,*,#2914,.F.);
#3896=ORIENTED_EDGE('',*,*,#3043,.F.);
#3897=ORIENTED_EDGE('',*,*,#3044,.F.);
#3898=ORIENTED_EDGE('',*,*,#2911,.T.);
#3899=ORIENTED_EDGE('',*,*,#2904,.T.);
#3900=ORIENTED_EDGE('',*,*,#3045,.T.);
#3901=ORIENTED_EDGE('',*,*,#3046,.T.);
#3902=ORIENTED_EDGE('',*,*,#2913,.T.);
#3903=ORIENTED_EDGE('',*,*,#3047,.T.);
#3904=ORIENTED_EDGE('',*,*,#3048,.T.);
#3905=ORIENTED_EDGE('',*,*,#3043,.T.);
#3906=ORIENTED_EDGE('',*,*,#3046,.F.);
#3907=ORIENTED_EDGE('',*,*,#3049,.F.);
#3908=ORIENTED_EDGE('',*,*,#3047,.F.);
#3909=ORIENTED_EDGE('',*,*,#2912,.T.);
#3910=ORIENTED_EDGE('',*,*,#3040,.T.);
#3911=ORIENTED_EDGE('',*,*,#2893,.F.);
#3912=ORIENTED_EDGE('',*,*,#3050,.F.);
#3913=ORIENTED_EDGE('',*,*,#3051,.T.);
#3914=ORIENTED_EDGE('',*,*,#3052,.F.);
#3915=ORIENTED_EDGE('',*,*,#3053,.T.);
#3916=ORIENTED_EDGE('',*,*,#3054,.T.);
#3917=ORIENTED_EDGE('',*,*,#3055,.T.);
#3918=ORIENTED_EDGE('',*,*,#3055,.F.);
#3919=ORIENTED_EDGE('',*,*,#3056,.F.);
#3920=ORIENTED_EDGE('',*,*,#3057,.F.);
#3921=ORIENTED_EDGE('',*,*,#3058,.T.);
#3922=ORIENTED_EDGE('',*,*,#3059,.F.);
#3923=ORIENTED_EDGE('',*,*,#3060,.T.);
#3924=ORIENTED_EDGE('',*,*,#3061,.F.);
#3925=ORIENTED_EDGE('',*,*,#3062,.T.);
#3926=ORIENTED_EDGE('',*,*,#3063,.F.);
#3927=ORIENTED_EDGE('',*,*,#3064,.T.);
#3928=ORIENTED_EDGE('',*,*,#3065,.T.);
#3929=ORIENTED_EDGE('',*,*,#3066,.T.);
#3930=ORIENTED_EDGE('',*,*,#3053,.F.);
#3931=ORIENTED_EDGE('',*,*,#3067,.T.);
#3932=ORIENTED_EDGE('',*,*,#3066,.F.);
#3933=ORIENTED_EDGE('',*,*,#3068,.F.);
#3934=ORIENTED_EDGE('',*,*,#3069,.T.);
#3935=ORIENTED_EDGE('',*,*,#3070,.T.);
#3936=ORIENTED_EDGE('',*,*,#3071,.T.);
#3937=ORIENTED_EDGE('',*,*,#3072,.T.);
#3938=ORIENTED_EDGE('',*,*,#3073,.T.);
#3939=ORIENTED_EDGE('',*,*,#3074,.T.);
#3940=ORIENTED_EDGE('',*,*,#3075,.T.);
#3941=ORIENTED_EDGE('',*,*,#3076,.T.);
#3942=ORIENTED_EDGE('',*,*,#3077,.T.);
#3943=ORIENTED_EDGE('',*,*,#3078,.T.);
#3944=ORIENTED_EDGE('',*,*,#3064,.F.);
#3945=ORIENTED_EDGE('',*,*,#3079,.F.);
#3946=ORIENTED_EDGE('',*,*,#3080,.F.);
#3947=ORIENTED_EDGE('',*,*,#3081,.T.);
#3948=ORIENTED_EDGE('',*,*,#3082,.F.);
#3949=ORIENTED_EDGE('',*,*,#3083,.T.);
#3950=ORIENTED_EDGE('',*,*,#3084,.F.);
#3951=ORIENTED_EDGE('',*,*,#3085,.T.);
#3952=ORIENTED_EDGE('',*,*,#3052,.T.);
#3953=ORIENTED_EDGE('',*,*,#3062,.F.);
#3954=ORIENTED_EDGE('',*,*,#3086,.T.);
#3955=ORIENTED_EDGE('',*,*,#3087,.T.);
#3956=ORIENTED_EDGE('',*,*,#3088,.T.);
#3957=ORIENTED_EDGE('',*,*,#3079,.T.);
#3958=ORIENTED_EDGE('',*,*,#3063,.T.);
#3959=ORIENTED_EDGE('',*,*,#3067,.F.);
#3960=ORIENTED_EDGE('',*,*,#3089,.F.);
#3961=ORIENTED_EDGE('',*,*,#3090,.F.);
#3962=ORIENTED_EDGE('',*,*,#3091,.T.);
#3963=ORIENTED_EDGE('',*,*,#3092,.T.);
#3964=ORIENTED_EDGE('',*,*,#3093,.F.);
#3965=ORIENTED_EDGE('',*,*,#3094,.T.);
#3966=ORIENTED_EDGE('',*,*,#3095,.T.);
#3967=ORIENTED_EDGE('',*,*,#3096,.F.);
#3968=ORIENTED_EDGE('',*,*,#3097,.F.);
#3969=ORIENTED_EDGE('',*,*,#3098,.F.);
#3970=ORIENTED_EDGE('',*,*,#3099,.F.);
#3971=ORIENTED_EDGE('',*,*,#3100,.T.);
#3972=ORIENTED_EDGE('',*,*,#3101,.T.);
#3973=ORIENTED_EDGE('',*,*,#3102,.T.);
#3974=ORIENTED_EDGE('',*,*,#3099,.T.);
#3975=ORIENTED_EDGE('',*,*,#3103,.T.);
#3976=ORIENTED_EDGE('',*,*,#3104,.F.);
#3977=ORIENTED_EDGE('',*,*,#3105,.T.);
#3978=ORIENTED_EDGE('',*,*,#3106,.F.);
#3979=ORIENTED_EDGE('',*,*,#3107,.F.);
#3980=ORIENTED_EDGE('',*,*,#3108,.T.);
#3981=ORIENTED_EDGE('',*,*,#3109,.F.);
#3982=ORIENTED_EDGE('',*,*,#3110,.T.);
#3983=ORIENTED_EDGE('',*,*,#3111,.F.);
#3984=ORIENTED_EDGE('',*,*,#3103,.F.);
#3985=ORIENTED_EDGE('',*,*,#3102,.F.);
#3986=ORIENTED_EDGE('',*,*,#3112,.F.);
#3987=ORIENTED_EDGE('',*,*,#3113,.F.);
#3988=ORIENTED_EDGE('',*,*,#3114,.F.);
#3989=ORIENTED_EDGE('',*,*,#3115,.F.);
#3990=ORIENTED_EDGE('',*,*,#3116,.F.);
#3991=ORIENTED_EDGE('',*,*,#3117,.T.);
#3992=ORIENTED_EDGE('',*,*,#3104,.T.);
#3993=ORIENTED_EDGE('',*,*,#3111,.T.);
#3994=ORIENTED_EDGE('',*,*,#3110,.F.);
#3995=ORIENTED_EDGE('',*,*,#3118,.F.);
#3996=ORIENTED_EDGE('',*,*,#3119,.F.);
#3997=ORIENTED_EDGE('',*,*,#3120,.T.);
#3998=ORIENTED_EDGE('',*,*,#3121,.T.);
#3999=ORIENTED_EDGE('',*,*,#3122,.F.);
#4000=ORIENTED_EDGE('',*,*,#3123,.F.);
#4001=ORIENTED_EDGE('',*,*,#3124,.T.);
#4002=ORIENTED_EDGE('',*,*,#3125,.T.);
#4003=ORIENTED_EDGE('',*,*,#3126,.T.);
#4004=ORIENTED_EDGE('',*,*,#3127,.T.);
#4005=ORIENTED_EDGE('',*,*,#3128,.F.);
#4006=ORIENTED_EDGE('',*,*,#3129,.F.);
#4007=ORIENTED_EDGE('',*,*,#3130,.T.);
#4008=ORIENTED_EDGE('',*,*,#3131,.F.);
#4009=ORIENTED_EDGE('',*,*,#3132,.T.);
#4010=ORIENTED_EDGE('',*,*,#3133,.F.);
#4011=ORIENTED_EDGE('',*,*,#3134,.T.);
#4012=ORIENTED_EDGE('',*,*,#3135,.T.);
#4013=ORIENTED_EDGE('',*,*,#3136,.T.);
#4014=ORIENTED_EDGE('',*,*,#3137,.T.);
#4015=ORIENTED_EDGE('',*,*,#3138,.T.);
#4016=ORIENTED_EDGE('',*,*,#3139,.F.);
#4017=ORIENTED_EDGE('',*,*,#3116,.T.);
#4018=ORIENTED_EDGE('',*,*,#3044,.T.);
#4019=ORIENTED_EDGE('',*,*,#3048,.F.);
#4020=ORIENTED_EDGE('',*,*,#3049,.T.);
#4021=ORIENTED_EDGE('',*,*,#3045,.F.);
#4022=ORIENTED_EDGE('',*,*,#2903,.T.);
#4023=ORIENTED_EDGE('',*,*,#2900,.F.);
#4024=ORIENTED_EDGE('',*,*,#2898,.T.);
#4025=ORIENTED_EDGE('',*,*,#2895,.F.);
#4026=ORIENTED_EDGE('',*,*,#3140,.F.);
#4027=ORIENTED_EDGE('',*,*,#3141,.F.);
#4028=ORIENTED_EDGE('',*,*,#3142,.F.);
#4029=ORIENTED_EDGE('',*,*,#3143,.F.);
#4030=ORIENTED_EDGE('',*,*,#3112,.T.);
#4031=ORIENTED_EDGE('',*,*,#3101,.F.);
#4032=ORIENTED_EDGE('',*,*,#3144,.F.);
#4033=ORIENTED_EDGE('',*,*,#3145,.F.);
#4034=ORIENTED_EDGE('',*,*,#3146,.T.);
#4035=ORIENTED_EDGE('',*,*,#3147,.F.);
#4036=ORIENTED_EDGE('',*,*,#3148,.T.);
#4037=ORIENTED_EDGE('',*,*,#3149,.F.);
#4038=ORIENTED_EDGE('',*,*,#3150,.F.);
#4039=ORIENTED_EDGE('',*,*,#3151,.F.);
#4040=ORIENTED_EDGE('',*,*,#3152,.F.);
#4041=ORIENTED_EDGE('',*,*,#3153,.F.);
#4042=ORIENTED_EDGE('',*,*,#3154,.F.);
#4043=ORIENTED_EDGE('',*,*,#3155,.F.);
#4044=ORIENTED_EDGE('',*,*,#3156,.T.);
#4045=ORIENTED_EDGE('',*,*,#3157,.F.);
#4046=ORIENTED_EDGE('',*,*,#3158,.F.);
#4047=ORIENTED_EDGE('',*,*,#3159,.F.);
#4048=ORIENTED_EDGE('',*,*,#3160,.F.);
#4049=ORIENTED_EDGE('',*,*,#3161,.F.);
#4050=ORIENTED_EDGE('',*,*,#3162,.T.);
#4051=ORIENTED_EDGE('',*,*,#3163,.F.);
#4052=ORIENTED_EDGE('',*,*,#3164,.F.);
#4053=ORIENTED_EDGE('',*,*,#3165,.F.);
#4054=ORIENTED_EDGE('',*,*,#3166,.F.);
#4055=ORIENTED_EDGE('',*,*,#3167,.F.);
#4056=ORIENTED_EDGE('',*,*,#3168,.F.);
#4057=ORIENTED_EDGE('',*,*,#3169,.F.);
#4058=ORIENTED_EDGE('',*,*,#3170,.F.);
#4059=ORIENTED_EDGE('',*,*,#3171,.F.);
#4060=ORIENTED_EDGE('',*,*,#3172,.F.);
#4061=ORIENTED_EDGE('',*,*,#3173,.F.);
#4062=ORIENTED_EDGE('',*,*,#3174,.F.);
#4063=ORIENTED_EDGE('',*,*,#3175,.F.);
#4064=ORIENTED_EDGE('',*,*,#3176,.F.);
#4065=ORIENTED_EDGE('',*,*,#3177,.F.);
#4066=ORIENTED_EDGE('',*,*,#3120,.F.);
#4067=ORIENTED_EDGE('',*,*,#3178,.T.);
#4068=ORIENTED_EDGE('',*,*,#3163,.T.);
#4069=ORIENTED_EDGE('',*,*,#3179,.T.);
#4070=ORIENTED_EDGE('',*,*,#3179,.F.);
#4071=ORIENTED_EDGE('',*,*,#3162,.F.);
#4072=ORIENTED_EDGE('',*,*,#3180,.F.);
#4073=ORIENTED_EDGE('',*,*,#3181,.F.);
#4074=ORIENTED_EDGE('',*,*,#3182,.T.);
#4075=ORIENTED_EDGE('',*,*,#3121,.F.);
#4076=ORIENTED_EDGE('',*,*,#3126,.F.);
#4077=ORIENTED_EDGE('',*,*,#3183,.T.);
#4078=ORIENTED_EDGE('',*,*,#3157,.T.);
#4079=ORIENTED_EDGE('',*,*,#3184,.T.);
#4080=ORIENTED_EDGE('',*,*,#3184,.F.);
#4081=ORIENTED_EDGE('',*,*,#3156,.F.);
#4082=ORIENTED_EDGE('',*,*,#3185,.F.);
#4083=ORIENTED_EDGE('',*,*,#3186,.F.);
#4084=ORIENTED_EDGE('',*,*,#3187,.F.);
#4085=ORIENTED_EDGE('',*,*,#3148,.F.);
#4086=ORIENTED_EDGE('',*,*,#3188,.F.);
#4087=ORIENTED_EDGE('',*,*,#3127,.F.);
#4088=ORIENTED_EDGE('',*,*,#3183,.F.);
#4089=ORIENTED_EDGE('',*,*,#3125,.F.);
#4090=ORIENTED_EDGE('',*,*,#3189,.F.);
#4091=ORIENTED_EDGE('',*,*,#3190,.T.);
#4092=ORIENTED_EDGE('',*,*,#3191,.T.);
#4093=ORIENTED_EDGE('',*,*,#3158,.T.);
#4094=ORIENTED_EDGE('',*,*,#3192,.F.);
#4095=ORIENTED_EDGE('',*,*,#3193,.T.);
#4096=ORIENTED_EDGE('',*,*,#3145,.T.);
#4097=ORIENTED_EDGE('',*,*,#3194,.T.);
#4098=ORIENTED_EDGE('',*,*,#3100,.F.);
#4099=ORIENTED_EDGE('',*,*,#3109,.T.);
#4100=ORIENTED_EDGE('',*,*,#3195,.F.);
#4101=ORIENTED_EDGE('',*,*,#3196,.F.);
#4102=ORIENTED_EDGE('',*,*,#3197,.F.);
#4103=ORIENTED_EDGE('',*,*,#3198,.T.);
#4104=ORIENTED_EDGE('',*,*,#3194,.F.);
#4105=ORIENTED_EDGE('',*,*,#3144,.T.);
#4106=ORIENTED_EDGE('',*,*,#3130,.F.);
#4107=ORIENTED_EDGE('',*,*,#3199,.T.);
#4108=ORIENTED_EDGE('',*,*,#3200,.T.);
#4109=ORIENTED_EDGE('',*,*,#3201,.T.);
#4110=ORIENTED_EDGE('',*,*,#3201,.F.);
#4111=ORIENTED_EDGE('',*,*,#3202,.F.);
#4112=ORIENTED_EDGE('',*,*,#3203,.F.);
#4113=ORIENTED_EDGE('',*,*,#3131,.T.);
#4114=ORIENTED_EDGE('',*,*,#3129,.T.);
#4115=ORIENTED_EDGE('',*,*,#3204,.F.);
#4116=ORIENTED_EDGE('',*,*,#3146,.F.);
#4117=ORIENTED_EDGE('',*,*,#3193,.F.);
#4118=ORIENTED_EDGE('',*,*,#3205,.T.);
#4119=ORIENTED_EDGE('',*,*,#3199,.F.);
#4120=ORIENTED_EDGE('',*,*,#3192,.T.);
#4121=ORIENTED_EDGE('',*,*,#3198,.F.);
#4122=ORIENTED_EDGE('',*,*,#3206,.T.);
#4123=ORIENTED_EDGE('',*,*,#3207,.F.);
#4124=ORIENTED_EDGE('',*,*,#3208,.F.);
#4125=ORIENTED_EDGE('',*,*,#3202,.T.);
#4126=ORIENTED_EDGE('',*,*,#3200,.F.);
#4127=ORIENTED_EDGE('',*,*,#3205,.F.);
#4128=ORIENTED_EDGE('',*,*,#3108,.F.);
#4129=ORIENTED_EDGE('',*,*,#3209,.T.);
#4130=ORIENTED_EDGE('',*,*,#3210,.T.);
#4131=ORIENTED_EDGE('',*,*,#3195,.T.);
#4132=ORIENTED_EDGE('',*,*,#3138,.F.);
#4133=ORIENTED_EDGE('',*,*,#3211,.T.);
#4134=ORIENTED_EDGE('',*,*,#3106,.T.);
#4135=ORIENTED_EDGE('',*,*,#3212,.T.);
#4136=ORIENTED_EDGE('',*,*,#3117,.F.);
#4137=ORIENTED_EDGE('',*,*,#3139,.T.);
#4138=ORIENTED_EDGE('',*,*,#3212,.F.);
#4139=ORIENTED_EDGE('',*,*,#3105,.F.);
#4140=ORIENTED_EDGE('',*,*,#3137,.F.);
#4141=ORIENTED_EDGE('',*,*,#3213,.F.);
#4142=ORIENTED_EDGE('',*,*,#3214,.T.);
#4143=ORIENTED_EDGE('',*,*,#3209,.F.);
#4144=ORIENTED_EDGE('',*,*,#3107,.T.);
#4145=ORIENTED_EDGE('',*,*,#3211,.F.);
#4146=ORIENTED_EDGE('',*,*,#3215,.F.);
#4147=ORIENTED_EDGE('',*,*,#3216,.T.);
#4148=ORIENTED_EDGE('',*,*,#3217,.T.);
#4149=ORIENTED_EDGE('',*,*,#3084,.T.);
#4150=ORIENTED_EDGE('',*,*,#3215,.T.);
#4151=ORIENTED_EDGE('',*,*,#3083,.F.);
#4152=ORIENTED_EDGE('',*,*,#3218,.F.);
#4153=ORIENTED_EDGE('',*,*,#3219,.F.);
#4154=ORIENTED_EDGE('',*,*,#3220,.F.);
#4155=ORIENTED_EDGE('',*,*,#3058,.F.);
#4156=ORIENTED_EDGE('',*,*,#3221,.T.);
#4157=ORIENTED_EDGE('',*,*,#3222,.T.);
#4158=ORIENTED_EDGE('',*,*,#3223,.F.);
#4159=ORIENTED_EDGE('',*,*,#3224,.T.);
#4160=ORIENTED_EDGE('',*,*,#3218,.T.);
#4161=ORIENTED_EDGE('',*,*,#3082,.T.);
#4162=ORIENTED_EDGE('',*,*,#3223,.T.);
#4163=ORIENTED_EDGE('',*,*,#3081,.F.);
#4164=ORIENTED_EDGE('',*,*,#3225,.F.);
#4165=ORIENTED_EDGE('',*,*,#3226,.F.);
#4166=ORIENTED_EDGE('',*,*,#3227,.F.);
#4167=ORIENTED_EDGE('',*,*,#3060,.F.);
#4168=ORIENTED_EDGE('',*,*,#3228,.T.);
#4169=ORIENTED_EDGE('',*,*,#3229,.T.);
#4170=ORIENTED_EDGE('',*,*,#3088,.F.);
#4171=ORIENTED_EDGE('',*,*,#3230,.T.);
#4172=ORIENTED_EDGE('',*,*,#3225,.T.);
#4173=ORIENTED_EDGE('',*,*,#3080,.T.);
#4174=ORIENTED_EDGE('',*,*,#3230,.F.);
#4175=ORIENTED_EDGE('',*,*,#3087,.F.);
#4176=ORIENTED_EDGE('',*,*,#3231,.F.);
#4177=ORIENTED_EDGE('',*,*,#3226,.T.);
#4178=ORIENTED_EDGE('',*,*,#3224,.F.);
#4179=ORIENTED_EDGE('',*,*,#3229,.F.);
#4180=ORIENTED_EDGE('',*,*,#3232,.F.);
#4181=ORIENTED_EDGE('',*,*,#3219,.T.);
#4182=ORIENTED_EDGE('',*,*,#3216,.F.);
#4183=ORIENTED_EDGE('',*,*,#3222,.F.);
#4184=ORIENTED_EDGE('',*,*,#3233,.F.);
#4185=ORIENTED_EDGE('',*,*,#3234,.T.);
#4186=ORIENTED_EDGE('',*,*,#3136,.F.);
#4187=ORIENTED_EDGE('',*,*,#3235,.T.);
#4188=ORIENTED_EDGE('',*,*,#3236,.T.);
#4189=ORIENTED_EDGE('',*,*,#3213,.T.);
#4190=ORIENTED_EDGE('',*,*,#3235,.F.);
#4191=ORIENTED_EDGE('',*,*,#3135,.F.);
#4192=ORIENTED_EDGE('',*,*,#3237,.F.);
#4193=ORIENTED_EDGE('',*,*,#3238,.T.);
#4194=ORIENTED_EDGE('',*,*,#3239,.T.);
#4195=ORIENTED_EDGE('',*,*,#3240,.F.);
#4196=ORIENTED_EDGE('',*,*,#3241,.F.);
#4197=ORIENTED_EDGE('',*,*,#3242,.T.);
#4198=ORIENTED_EDGE('',*,*,#3243,.T.);
#4199=ORIENTED_EDGE('',*,*,#3244,.F.);
#4200=ORIENTED_EDGE('',*,*,#3245,.F.);
#4201=ORIENTED_EDGE('',*,*,#3246,.T.);
#4202=ORIENTED_EDGE('',*,*,#3247,.T.);
#4203=ORIENTED_EDGE('',*,*,#3248,.T.);
#4204=ORIENTED_EDGE('',*,*,#3249,.T.);
#4205=ORIENTED_EDGE('',*,*,#3250,.T.);
#4206=ORIENTED_EDGE('',*,*,#3251,.T.);
#4207=ORIENTED_EDGE('',*,*,#3252,.T.);
#4208=ORIENTED_EDGE('',*,*,#3221,.F.);
#4209=ORIENTED_EDGE('',*,*,#3057,.T.);
#4210=ORIENTED_EDGE('',*,*,#3253,.T.);
#4211=ORIENTED_EDGE('',*,*,#3233,.T.);
#4212=ORIENTED_EDGE('',*,*,#3228,.F.);
#4213=ORIENTED_EDGE('',*,*,#3059,.T.);
#4214=ORIENTED_EDGE('',*,*,#3220,.T.);
#4215=ORIENTED_EDGE('',*,*,#3232,.T.);
#4216=ORIENTED_EDGE('',*,*,#3086,.F.);
#4217=ORIENTED_EDGE('',*,*,#3061,.T.);
#4218=ORIENTED_EDGE('',*,*,#3227,.T.);
#4219=ORIENTED_EDGE('',*,*,#3231,.T.);
#4220=ORIENTED_EDGE('',*,*,#3134,.F.);
#4221=ORIENTED_EDGE('',*,*,#3254,.T.);
#4222=ORIENTED_EDGE('',*,*,#3255,.T.);
#4223=ORIENTED_EDGE('',*,*,#3237,.T.);
#4224=ORIENTED_EDGE('',*,*,#3133,.T.);
#4225=ORIENTED_EDGE('',*,*,#3256,.F.);
#4226=ORIENTED_EDGE('',*,*,#3207,.T.);
#4227=ORIENTED_EDGE('',*,*,#3257,.F.);
#4228=ORIENTED_EDGE('',*,*,#3258,.F.);
#4229=ORIENTED_EDGE('',*,*,#3254,.F.);
#4230=ORIENTED_EDGE('',*,*,#3206,.F.);
#4231=ORIENTED_EDGE('',*,*,#3197,.T.);
#4232=ORIENTED_EDGE('',*,*,#3259,.T.);
#4233=ORIENTED_EDGE('',*,*,#3257,.T.);
#4234=ORIENTED_EDGE('',*,*,#3132,.F.);
#4235=ORIENTED_EDGE('',*,*,#3203,.T.);
#4236=ORIENTED_EDGE('',*,*,#3208,.T.);
#4237=ORIENTED_EDGE('',*,*,#3256,.T.);
#4238=ORIENTED_EDGE('',*,*,#3041,.T.);
#4239=ORIENTED_EDGE('',*,*,#3051,.F.);
#4240=ORIENTED_EDGE('',*,*,#3260,.T.);
#4241=ORIENTED_EDGE('',*,*,#3261,.T.);
#4242=ORIENTED_EDGE('',*,*,#3262,.T.);
#4243=ORIENTED_EDGE('',*,*,#3042,.T.);
#4244=ORIENTED_EDGE('',*,*,#3262,.F.);
#4245=ORIENTED_EDGE('',*,*,#3263,.F.);
#4246=ORIENTED_EDGE('',*,*,#2915,.T.);
#4247=ORIENTED_EDGE('',*,*,#3169,.T.);
#4248=ORIENTED_EDGE('',*,*,#3264,.T.);
#4249=ORIENTED_EDGE('',*,*,#3265,.T.);
#4250=ORIENTED_EDGE('',*,*,#3113,.T.);
#4251=ORIENTED_EDGE('',*,*,#3168,.T.);
#4252=ORIENTED_EDGE('',*,*,#3266,.F.);
#4253=ORIENTED_EDGE('',*,*,#3267,.T.);
#4254=ORIENTED_EDGE('',*,*,#3264,.F.);
#4255=ORIENTED_EDGE('',*,*,#3167,.T.);
#4256=ORIENTED_EDGE('',*,*,#3268,.T.);
#4257=ORIENTED_EDGE('',*,*,#3269,.T.);
#4258=ORIENTED_EDGE('',*,*,#3266,.T.);
#4259=ORIENTED_EDGE('',*,*,#3166,.T.);
#4260=ORIENTED_EDGE('',*,*,#3270,.F.);
#4261=ORIENTED_EDGE('',*,*,#3271,.T.);
#4262=ORIENTED_EDGE('',*,*,#3268,.F.);
#4263=ORIENTED_EDGE('',*,*,#3178,.F.);
#4264=ORIENTED_EDGE('',*,*,#3119,.T.);
#4265=ORIENTED_EDGE('',*,*,#3272,.F.);
#4266=ORIENTED_EDGE('',*,*,#3273,.F.);
#4267=ORIENTED_EDGE('',*,*,#3274,.F.);
#4268=ORIENTED_EDGE('',*,*,#3164,.T.);
#4269=ORIENTED_EDGE('',*,*,#3161,.T.);
#4270=ORIENTED_EDGE('',*,*,#3275,.F.);
#4271=ORIENTED_EDGE('',*,*,#3276,.T.);
#4272=ORIENTED_EDGE('',*,*,#3180,.T.);
#4273=ORIENTED_EDGE('',*,*,#3160,.T.);
#4274=ORIENTED_EDGE('',*,*,#3277,.F.);
#4275=ORIENTED_EDGE('',*,*,#3278,.T.);
#4276=ORIENTED_EDGE('',*,*,#3275,.T.);
#4277=ORIENTED_EDGE('',*,*,#3154,.T.);
#4278=ORIENTED_EDGE('',*,*,#3279,.F.);
#4279=ORIENTED_EDGE('',*,*,#3280,.F.);
#4280=ORIENTED_EDGE('',*,*,#3281,.F.);
#4281=ORIENTED_EDGE('',*,*,#3282,.T.);
#4282=ORIENTED_EDGE('',*,*,#3283,.T.);
#4283=ORIENTED_EDGE('',*,*,#3284,.F.);
#4284=ORIENTED_EDGE('',*,*,#3285,.T.);
#4285=ORIENTED_EDGE('',*,*,#3286,.T.);
#4286=ORIENTED_EDGE('',*,*,#3287,.T.);
#4287=ORIENTED_EDGE('',*,*,#3288,.F.);
#4288=ORIENTED_EDGE('',*,*,#3289,.T.);
#4289=ORIENTED_EDGE('',*,*,#3290,.T.);
#4290=ORIENTED_EDGE('',*,*,#3291,.T.);
#4291=ORIENTED_EDGE('',*,*,#3292,.T.);
#4292=ORIENTED_EDGE('',*,*,#3293,.T.);
#4293=ORIENTED_EDGE('',*,*,#3294,.F.);
#4294=ORIENTED_EDGE('',*,*,#3295,.T.);
#4295=ORIENTED_EDGE('',*,*,#3296,.T.);
#4296=ORIENTED_EDGE('',*,*,#3297,.T.);
#4297=ORIENTED_EDGE('',*,*,#3298,.F.);
#4298=ORIENTED_EDGE('',*,*,#3299,.T.);
#4299=ORIENTED_EDGE('',*,*,#3300,.T.);
#4300=ORIENTED_EDGE('',*,*,#3301,.T.);
#4301=ORIENTED_EDGE('',*,*,#3302,.F.);
#4302=ORIENTED_EDGE('',*,*,#3303,.T.);
#4303=ORIENTED_EDGE('',*,*,#3304,.T.);
#4304=ORIENTED_EDGE('',*,*,#3305,.T.);
#4305=ORIENTED_EDGE('',*,*,#3306,.F.);
#4306=ORIENTED_EDGE('',*,*,#3307,.T.);
#4307=ORIENTED_EDGE('',*,*,#3308,.T.);
#4308=ORIENTED_EDGE('',*,*,#3309,.T.);
#4309=ORIENTED_EDGE('',*,*,#3310,.T.);
#4310=ORIENTED_EDGE('',*,*,#3311,.T.);
#4311=ORIENTED_EDGE('',*,*,#3312,.T.);
#4312=ORIENTED_EDGE('',*,*,#3313,.F.);
#4313=ORIENTED_EDGE('',*,*,#3314,.F.);
#4314=ORIENTED_EDGE('',*,*,#3315,.T.);
#4315=ORIENTED_EDGE('',*,*,#3316,.F.);
#4316=ORIENTED_EDGE('',*,*,#3317,.F.);
#4317=ORIENTED_EDGE('',*,*,#3282,.F.);
#4318=ORIENTED_EDGE('',*,*,#3318,.T.);
#4319=ORIENTED_EDGE('',*,*,#3319,.T.);
#4320=ORIENTED_EDGE('',*,*,#3318,.F.);
#4321=ORIENTED_EDGE('',*,*,#3285,.F.);
#4322=ORIENTED_EDGE('',*,*,#3320,.T.);
#4323=ORIENTED_EDGE('',*,*,#3321,.T.);
#4324=ORIENTED_EDGE('',*,*,#3322,.T.);
#4325=ORIENTED_EDGE('',*,*,#3323,.F.);
#4326=ORIENTED_EDGE('',*,*,#3286,.F.);
#4327=ORIENTED_EDGE('',*,*,#3322,.F.);
#4328=ORIENTED_EDGE('',*,*,#3324,.T.);
#4329=ORIENTED_EDGE('',*,*,#3283,.F.);
#4330=ORIENTED_EDGE('',*,*,#3323,.T.);
#4331=ORIENTED_EDGE('',*,*,#3325,.T.);
#4332=ORIENTED_EDGE('',*,*,#3326,.T.);
#4333=ORIENTED_EDGE('',*,*,#3326,.F.);
#4334=ORIENTED_EDGE('',*,*,#3327,.F.);
#4335=ORIENTED_EDGE('',*,*,#3320,.F.);
#4336=ORIENTED_EDGE('',*,*,#3284,.T.);
#4337=ORIENTED_EDGE('',*,*,#3289,.F.);
#4338=ORIENTED_EDGE('',*,*,#3328,.T.);
#4339=ORIENTED_EDGE('',*,*,#3329,.T.);
#4340=ORIENTED_EDGE('',*,*,#3330,.T.);
#4341=ORIENTED_EDGE('',*,*,#3331,.F.);
#4342=ORIENTED_EDGE('',*,*,#3290,.F.);
#4343=ORIENTED_EDGE('',*,*,#3330,.F.);
#4344=ORIENTED_EDGE('',*,*,#3332,.T.);
#4345=ORIENTED_EDGE('',*,*,#3287,.F.);
#4346=ORIENTED_EDGE('',*,*,#3331,.T.);
#4347=ORIENTED_EDGE('',*,*,#3333,.T.);
#4348=ORIENTED_EDGE('',*,*,#3334,.T.);
#4349=ORIENTED_EDGE('',*,*,#3334,.F.);
#4350=ORIENTED_EDGE('',*,*,#3335,.F.);
#4351=ORIENTED_EDGE('',*,*,#3328,.F.);
#4352=ORIENTED_EDGE('',*,*,#3288,.T.);
#4353=ORIENTED_EDGE('',*,*,#3291,.F.);
#4354=ORIENTED_EDGE('',*,*,#3336,.T.);
#4355=ORIENTED_EDGE('',*,*,#3337,.T.);
#4356=ORIENTED_EDGE('',*,*,#3338,.T.);
#4357=ORIENTED_EDGE('',*,*,#3338,.F.);
#4358=ORIENTED_EDGE('',*,*,#3339,.T.);
#4359=ORIENTED_EDGE('',*,*,#3340,.F.);
#4360=ORIENTED_EDGE('',*,*,#3292,.F.);
#4361=ORIENTED_EDGE('',*,*,#3293,.F.);
#4362=ORIENTED_EDGE('',*,*,#3340,.T.);
#4363=ORIENTED_EDGE('',*,*,#3341,.T.);
#4364=ORIENTED_EDGE('',*,*,#3342,.T.);
#4365=ORIENTED_EDGE('',*,*,#3342,.F.);
#4366=ORIENTED_EDGE('',*,*,#3343,.F.);
#4367=ORIENTED_EDGE('',*,*,#3336,.F.);
#4368=ORIENTED_EDGE('',*,*,#3294,.T.);
#4369=ORIENTED_EDGE('',*,*,#3295,.F.);
#4370=ORIENTED_EDGE('',*,*,#3344,.T.);
#4371=ORIENTED_EDGE('',*,*,#3345,.T.);
#4372=ORIENTED_EDGE('',*,*,#3344,.F.);
#4373=ORIENTED_EDGE('',*,*,#3296,.F.);
#4374=ORIENTED_EDGE('',*,*,#3346,.T.);
#4375=ORIENTED_EDGE('',*,*,#3347,.T.);
#4376=ORIENTED_EDGE('',*,*,#3346,.F.);
#4377=ORIENTED_EDGE('',*,*,#3299,.F.);
#4378=ORIENTED_EDGE('',*,*,#3348,.T.);
#4379=ORIENTED_EDGE('',*,*,#3349,.T.);
#4380=ORIENTED_EDGE('',*,*,#3350,.T.);
#4381=ORIENTED_EDGE('',*,*,#3351,.F.);
#4382=ORIENTED_EDGE('',*,*,#3300,.F.);
#4383=ORIENTED_EDGE('',*,*,#3350,.F.);
#4384=ORIENTED_EDGE('',*,*,#3352,.T.);
#4385=ORIENTED_EDGE('',*,*,#3297,.F.);
#4386=ORIENTED_EDGE('',*,*,#3351,.T.);
#4387=ORIENTED_EDGE('',*,*,#3353,.T.);
#4388=ORIENTED_EDGE('',*,*,#3354,.T.);
#4389=ORIENTED_EDGE('',*,*,#3354,.F.);
#4390=ORIENTED_EDGE('',*,*,#3355,.F.);
#4391=ORIENTED_EDGE('',*,*,#3348,.F.);
#4392=ORIENTED_EDGE('',*,*,#3298,.T.);
#4393=ORIENTED_EDGE('',*,*,#3303,.F.);
#4394=ORIENTED_EDGE('',*,*,#3356,.T.);
#4395=ORIENTED_EDGE('',*,*,#3357,.T.);
#4396=ORIENTED_EDGE('',*,*,#3358,.T.);
#4397=ORIENTED_EDGE('',*,*,#3359,.F.);
#4398=ORIENTED_EDGE('',*,*,#3304,.F.);
#4399=ORIENTED_EDGE('',*,*,#3358,.F.);
#4400=ORIENTED_EDGE('',*,*,#3360,.T.);
#4401=ORIENTED_EDGE('',*,*,#3301,.F.);
#4402=ORIENTED_EDGE('',*,*,#3359,.T.);
#4403=ORIENTED_EDGE('',*,*,#3361,.T.);
#4404=ORIENTED_EDGE('',*,*,#3362,.T.);
#4405=ORIENTED_EDGE('',*,*,#3362,.F.);
#4406=ORIENTED_EDGE('',*,*,#3363,.F.);
#4407=ORIENTED_EDGE('',*,*,#3356,.F.);
#4408=ORIENTED_EDGE('',*,*,#3302,.T.);
#4409=ORIENTED_EDGE('',*,*,#3307,.F.);
#4410=ORIENTED_EDGE('',*,*,#3364,.T.);
#4411=ORIENTED_EDGE('',*,*,#3365,.T.);
#4412=ORIENTED_EDGE('',*,*,#3366,.T.);
#4413=ORIENTED_EDGE('',*,*,#3367,.F.);
#4414=ORIENTED_EDGE('',*,*,#3308,.F.);
#4415=ORIENTED_EDGE('',*,*,#3366,.F.);
#4416=ORIENTED_EDGE('',*,*,#3368,.T.);
#4417=ORIENTED_EDGE('',*,*,#3305,.F.);
#4418=ORIENTED_EDGE('',*,*,#3367,.T.);
#4419=ORIENTED_EDGE('',*,*,#3369,.T.);
#4420=ORIENTED_EDGE('',*,*,#3370,.T.);
#4421=ORIENTED_EDGE('',*,*,#3370,.F.);
#4422=ORIENTED_EDGE('',*,*,#3371,.F.);
#4423=ORIENTED_EDGE('',*,*,#3364,.F.);
#4424=ORIENTED_EDGE('',*,*,#3306,.T.);
#4425=ORIENTED_EDGE('',*,*,#3309,.F.);
#4426=ORIENTED_EDGE('',*,*,#3372,.T.);
#4427=ORIENTED_EDGE('',*,*,#3373,.T.);
#4428=ORIENTED_EDGE('',*,*,#3372,.F.);
#4429=ORIENTED_EDGE('',*,*,#3098,.T.);
#4430=ORIENTED_EDGE('',*,*,#3374,.F.);
#4431=ORIENTED_EDGE('',*,*,#3310,.F.);
#4432=ORIENTED_EDGE('',*,*,#3375,.T.);
#4433=ORIENTED_EDGE('',*,*,#3311,.F.);
#4434=ORIENTED_EDGE('',*,*,#3374,.T.);
#4435=ORIENTED_EDGE('',*,*,#3097,.T.);
#4436=ORIENTED_EDGE('',*,*,#3376,.F.);
#4437=ORIENTED_EDGE('',*,*,#3312,.F.);
#4438=ORIENTED_EDGE('',*,*,#3376,.T.);
#4439=ORIENTED_EDGE('',*,*,#3096,.T.);
#4440=ORIENTED_EDGE('',*,*,#3377,.F.);
#4441=ORIENTED_EDGE('',*,*,#3313,.T.);
#4442=ORIENTED_EDGE('',*,*,#3377,.T.);
#4443=ORIENTED_EDGE('',*,*,#3095,.F.);
#4444=ORIENTED_EDGE('',*,*,#3378,.F.);
#4445=ORIENTED_EDGE('',*,*,#3094,.F.);
#4446=ORIENTED_EDGE('',*,*,#3379,.F.);
#4447=ORIENTED_EDGE('',*,*,#3314,.T.);
#4448=ORIENTED_EDGE('',*,*,#3378,.T.);
#4449=ORIENTED_EDGE('',*,*,#3315,.F.);
#4450=ORIENTED_EDGE('',*,*,#3379,.T.);
#4451=ORIENTED_EDGE('',*,*,#3093,.T.);
#4452=ORIENTED_EDGE('',*,*,#3380,.F.);
#4453=ORIENTED_EDGE('',*,*,#3316,.T.);
#4454=ORIENTED_EDGE('',*,*,#3380,.T.);
#4455=ORIENTED_EDGE('',*,*,#3092,.F.);
#4456=ORIENTED_EDGE('',*,*,#3381,.F.);
#4457=ORIENTED_EDGE('',*,*,#3317,.T.);
#4458=ORIENTED_EDGE('',*,*,#3381,.T.);
#4459=ORIENTED_EDGE('',*,*,#3091,.F.);
#4460=ORIENTED_EDGE('',*,*,#3375,.F.);
#4461=ORIENTED_EDGE('',*,*,#3382,.T.);
#4462=ORIENTED_EDGE('',*,*,#3383,.F.);
#4463=ORIENTED_EDGE('',*,*,#3384,.F.);
#4464=ORIENTED_EDGE('',*,*,#3385,.T.);
#4465=ORIENTED_EDGE('',*,*,#3386,.T.);
#4466=ORIENTED_EDGE('',*,*,#3387,.F.);
#4467=ORIENTED_EDGE('',*,*,#3388,.F.);
#4468=ORIENTED_EDGE('',*,*,#3389,.T.);
#4469=ORIENTED_EDGE('',*,*,#3390,.T.);
#4470=ORIENTED_EDGE('',*,*,#3391,.F.);
#4471=ORIENTED_EDGE('',*,*,#3392,.F.);
#4472=ORIENTED_EDGE('',*,*,#3393,.T.);
#4473=ORIENTED_EDGE('',*,*,#3394,.T.);
#4474=ORIENTED_EDGE('',*,*,#3395,.F.);
#4475=ORIENTED_EDGE('',*,*,#3396,.F.);
#4476=ORIENTED_EDGE('',*,*,#3397,.T.);
#4477=ORIENTED_EDGE('',*,*,#3398,.T.);
#4478=ORIENTED_EDGE('',*,*,#3399,.F.);
#4479=ORIENTED_EDGE('',*,*,#3400,.F.);
#4480=ORIENTED_EDGE('',*,*,#3401,.F.);
#4481=ORIENTED_EDGE('',*,*,#3402,.T.);
#4482=ORIENTED_EDGE('',*,*,#3403,.F.);
#4483=ORIENTED_EDGE('',*,*,#3404,.F.);
#4484=ORIENTED_EDGE('',*,*,#3405,.F.);
#4485=ORIENTED_EDGE('',*,*,#3406,.T.);
#4486=ORIENTED_EDGE('',*,*,#3407,.F.);
#4487=ORIENTED_EDGE('',*,*,#3408,.F.);
#4488=ORIENTED_EDGE('',*,*,#3409,.F.);
#4489=ORIENTED_EDGE('',*,*,#3345,.F.);
#4490=ORIENTED_EDGE('',*,*,#3343,.T.);
#4491=ORIENTED_EDGE('',*,*,#3341,.F.);
#4492=ORIENTED_EDGE('',*,*,#3339,.F.);
#4493=ORIENTED_EDGE('',*,*,#3337,.F.);
#4494=ORIENTED_EDGE('',*,*,#3335,.T.);
#4495=ORIENTED_EDGE('',*,*,#3333,.F.);
#4496=ORIENTED_EDGE('',*,*,#3332,.F.);
#4497=ORIENTED_EDGE('',*,*,#3329,.F.);
#4498=ORIENTED_EDGE('',*,*,#3327,.T.);
#4499=ORIENTED_EDGE('',*,*,#3325,.F.);
#4500=ORIENTED_EDGE('',*,*,#3324,.F.);
#4501=ORIENTED_EDGE('',*,*,#3321,.F.);
#4502=ORIENTED_EDGE('',*,*,#3319,.F.);
#4503=ORIENTED_EDGE('',*,*,#3410,.F.);
#4504=ORIENTED_EDGE('',*,*,#3411,.T.);
#4505=ORIENTED_EDGE('',*,*,#3412,.F.);
#4506=ORIENTED_EDGE('',*,*,#3413,.F.);
#4507=ORIENTED_EDGE('',*,*,#3414,.F.);
#4508=ORIENTED_EDGE('',*,*,#3415,.F.);
#4509=ORIENTED_EDGE('',*,*,#3416,.T.);
#4510=ORIENTED_EDGE('',*,*,#3417,.F.);
#4511=ORIENTED_EDGE('',*,*,#3418,.F.);
#4512=ORIENTED_EDGE('',*,*,#3419,.T.);
#4513=ORIENTED_EDGE('',*,*,#3420,.T.);
#4514=ORIENTED_EDGE('',*,*,#3421,.F.);
#4515=ORIENTED_EDGE('',*,*,#3422,.F.);
#4516=ORIENTED_EDGE('',*,*,#3423,.T.);
#4517=ORIENTED_EDGE('',*,*,#3424,.T.);
#4518=ORIENTED_EDGE('',*,*,#3425,.F.);
#4519=ORIENTED_EDGE('',*,*,#3426,.F.);
#4520=ORIENTED_EDGE('',*,*,#3427,.T.);
#4521=ORIENTED_EDGE('',*,*,#3428,.T.);
#4522=ORIENTED_EDGE('',*,*,#3429,.F.);
#4523=ORIENTED_EDGE('',*,*,#3430,.F.);
#4524=ORIENTED_EDGE('',*,*,#3431,.T.);
#4525=ORIENTED_EDGE('',*,*,#3432,.T.);
#4526=ORIENTED_EDGE('',*,*,#3433,.F.);
#4527=ORIENTED_EDGE('',*,*,#3434,.F.);
#4528=ORIENTED_EDGE('',*,*,#3435,.T.);
#4529=ORIENTED_EDGE('',*,*,#3436,.T.);
#4530=ORIENTED_EDGE('',*,*,#3437,.F.);
#4531=ORIENTED_EDGE('',*,*,#3438,.F.);
#4532=ORIENTED_EDGE('',*,*,#3439,.T.);
#4533=ORIENTED_EDGE('',*,*,#3440,.T.);
#4534=ORIENTED_EDGE('',*,*,#3441,.F.);
#4535=ORIENTED_EDGE('',*,*,#3442,.F.);
#4536=ORIENTED_EDGE('',*,*,#3443,.T.);
#4537=ORIENTED_EDGE('',*,*,#3444,.T.);
#4538=ORIENTED_EDGE('',*,*,#3445,.F.);
#4539=ORIENTED_EDGE('',*,*,#3446,.F.);
#4540=ORIENTED_EDGE('',*,*,#3447,.T.);
#4541=ORIENTED_EDGE('',*,*,#3448,.T.);
#4542=ORIENTED_EDGE('',*,*,#3449,.F.);
#4543=ORIENTED_EDGE('',*,*,#3450,.F.);
#4544=ORIENTED_EDGE('',*,*,#3451,.T.);
#4545=ORIENTED_EDGE('',*,*,#3452,.T.);
#4546=ORIENTED_EDGE('',*,*,#3453,.F.);
#4547=ORIENTED_EDGE('',*,*,#3454,.F.);
#4548=ORIENTED_EDGE('',*,*,#3455,.T.);
#4549=ORIENTED_EDGE('',*,*,#3456,.T.);
#4550=ORIENTED_EDGE('',*,*,#3457,.F.);
#4551=ORIENTED_EDGE('',*,*,#3458,.F.);
#4552=ORIENTED_EDGE('',*,*,#3459,.T.);
#4553=ORIENTED_EDGE('',*,*,#3460,.T.);
#4554=ORIENTED_EDGE('',*,*,#3461,.F.);
#4555=ORIENTED_EDGE('',*,*,#3462,.F.);
#4556=ORIENTED_EDGE('',*,*,#3463,.T.);
#4557=ORIENTED_EDGE('',*,*,#3464,.T.);
#4558=ORIENTED_EDGE('',*,*,#3465,.F.);
#4559=ORIENTED_EDGE('',*,*,#3466,.F.);
#4560=ORIENTED_EDGE('',*,*,#3467,.T.);
#4561=ORIENTED_EDGE('',*,*,#3468,.T.);
#4562=ORIENTED_EDGE('',*,*,#3469,.F.);
#4563=ORIENTED_EDGE('',*,*,#3470,.F.);
#4564=ORIENTED_EDGE('',*,*,#3471,.T.);
#4565=ORIENTED_EDGE('',*,*,#3472,.T.);
#4566=ORIENTED_EDGE('',*,*,#3473,.F.);
#4567=ORIENTED_EDGE('',*,*,#3474,.F.);
#4568=ORIENTED_EDGE('',*,*,#3475,.T.);
#4569=ORIENTED_EDGE('',*,*,#3476,.T.);
#4570=ORIENTED_EDGE('',*,*,#3477,.F.);
#4571=ORIENTED_EDGE('',*,*,#3478,.F.);
#4572=ORIENTED_EDGE('',*,*,#3479,.F.);
#4573=ORIENTED_EDGE('',*,*,#3480,.T.);
#4574=ORIENTED_EDGE('',*,*,#3481,.F.);
#4575=ORIENTED_EDGE('',*,*,#3482,.F.);
#4576=ORIENTED_EDGE('',*,*,#3483,.F.);
#4577=ORIENTED_EDGE('',*,*,#3484,.T.);
#4578=ORIENTED_EDGE('',*,*,#3485,.F.);
#4579=ORIENTED_EDGE('',*,*,#3486,.F.);
#4580=ORIENTED_EDGE('',*,*,#3487,.F.);
#4581=ORIENTED_EDGE('',*,*,#3488,.T.);
#4582=ORIENTED_EDGE('',*,*,#3489,.F.);
#4583=ORIENTED_EDGE('',*,*,#3490,.F.);
#4584=ORIENTED_EDGE('',*,*,#3491,.T.);
#4585=ORIENTED_EDGE('',*,*,#3492,.T.);
#4586=ORIENTED_EDGE('',*,*,#3493,.F.);
#4587=ORIENTED_EDGE('',*,*,#3373,.F.);
#4588=ORIENTED_EDGE('',*,*,#3371,.T.);
#4589=ORIENTED_EDGE('',*,*,#3369,.F.);
#4590=ORIENTED_EDGE('',*,*,#3368,.F.);
#4591=ORIENTED_EDGE('',*,*,#3365,.F.);
#4592=ORIENTED_EDGE('',*,*,#3363,.T.);
#4593=ORIENTED_EDGE('',*,*,#3361,.F.);
#4594=ORIENTED_EDGE('',*,*,#3360,.F.);
#4595=ORIENTED_EDGE('',*,*,#3357,.F.);
#4596=ORIENTED_EDGE('',*,*,#3355,.T.);
#4597=ORIENTED_EDGE('',*,*,#3353,.F.);
#4598=ORIENTED_EDGE('',*,*,#3352,.F.);
#4599=ORIENTED_EDGE('',*,*,#3349,.F.);
#4600=ORIENTED_EDGE('',*,*,#3347,.F.);
#4601=ORIENTED_EDGE('',*,*,#3069,.F.);
#4602=ORIENTED_EDGE('',*,*,#3494,.T.);
#4603=ORIENTED_EDGE('',*,*,#3495,.T.);
#4604=ORIENTED_EDGE('',*,*,#3494,.F.);
#4605=ORIENTED_EDGE('',*,*,#3070,.F.);
#4606=ORIENTED_EDGE('',*,*,#3496,.T.);
#4607=ORIENTED_EDGE('',*,*,#3497,.T.);
#4608=ORIENTED_EDGE('',*,*,#3496,.F.);
#4609=ORIENTED_EDGE('',*,*,#3071,.F.);
#4610=ORIENTED_EDGE('',*,*,#3498,.T.);
#4611=ORIENTED_EDGE('',*,*,#3499,.T.);
#4612=ORIENTED_EDGE('',*,*,#3498,.F.);
#4613=ORIENTED_EDGE('',*,*,#3072,.F.);
#4614=ORIENTED_EDGE('',*,*,#3500,.T.);
#4615=ORIENTED_EDGE('',*,*,#3501,.T.);
#4616=ORIENTED_EDGE('',*,*,#3500,.F.);
#4617=ORIENTED_EDGE('',*,*,#3073,.F.);
#4618=ORIENTED_EDGE('',*,*,#3502,.T.);
#4619=ORIENTED_EDGE('',*,*,#3503,.T.);
#4620=ORIENTED_EDGE('',*,*,#3502,.F.);
#4621=ORIENTED_EDGE('',*,*,#3074,.F.);
#4622=ORIENTED_EDGE('',*,*,#3504,.T.);
#4623=ORIENTED_EDGE('',*,*,#3505,.T.);
#4624=ORIENTED_EDGE('',*,*,#3504,.F.);
#4625=ORIENTED_EDGE('',*,*,#3075,.F.);
#4626=ORIENTED_EDGE('',*,*,#3506,.T.);
#4627=ORIENTED_EDGE('',*,*,#3507,.T.);
#4628=ORIENTED_EDGE('',*,*,#3506,.F.);
#4629=ORIENTED_EDGE('',*,*,#3076,.F.);
#4630=ORIENTED_EDGE('',*,*,#3508,.T.);
#4631=ORIENTED_EDGE('',*,*,#3509,.T.);
#4632=ORIENTED_EDGE('',*,*,#3508,.F.);
#4633=ORIENTED_EDGE('',*,*,#3077,.F.);
#4634=ORIENTED_EDGE('',*,*,#3510,.T.);
#4635=ORIENTED_EDGE('',*,*,#3511,.T.);
#4636=ORIENTED_EDGE('',*,*,#3510,.F.);
#4637=ORIENTED_EDGE('',*,*,#3078,.F.);
#4638=ORIENTED_EDGE('',*,*,#3512,.T.);
#4639=ORIENTED_EDGE('',*,*,#3513,.T.);
#4640=ORIENTED_EDGE('',*,*,#3512,.F.);
#4641=ORIENTED_EDGE('',*,*,#3514,.F.);
#4642=ORIENTED_EDGE('',*,*,#3515,.T.);
#4643=ORIENTED_EDGE('',*,*,#3516,.F.);
#4644=ORIENTED_EDGE('',*,*,#3517,.T.);
#4645=ORIENTED_EDGE('',*,*,#3518,.F.);
#4646=ORIENTED_EDGE('',*,*,#3519,.T.);
#4647=ORIENTED_EDGE('',*,*,#3520,.F.);
#4648=ORIENTED_EDGE('',*,*,#3521,.T.);
#4649=ORIENTED_EDGE('',*,*,#3008,.T.);
#4650=ORIENTED_EDGE('',*,*,#3522,.T.);
#4651=ORIENTED_EDGE('',*,*,#3389,.F.);
#4652=ORIENTED_EDGE('',*,*,#3523,.F.);
#4653=ORIENTED_EDGE('',*,*,#3524,.F.);
#4654=ORIENTED_EDGE('',*,*,#3390,.F.);
#4655=ORIENTED_EDGE('',*,*,#3522,.F.);
#4656=ORIENTED_EDGE('',*,*,#3035,.T.);
#4657=ORIENTED_EDGE('',*,*,#3034,.F.);
#4658=ORIENTED_EDGE('',*,*,#3525,.T.);
#4659=ORIENTED_EDGE('',*,*,#3391,.T.);
#4660=ORIENTED_EDGE('',*,*,#3524,.T.);
#4661=ORIENTED_EDGE('',*,*,#3525,.F.);
#4662=ORIENTED_EDGE('',*,*,#3033,.F.);
#4663=ORIENTED_EDGE('',*,*,#3526,.T.);
#4664=ORIENTED_EDGE('',*,*,#3392,.T.);
#4665=ORIENTED_EDGE('',*,*,#3032,.T.);
#4666=ORIENTED_EDGE('',*,*,#3527,.T.);
#4667=ORIENTED_EDGE('',*,*,#3393,.F.);
#4668=ORIENTED_EDGE('',*,*,#3526,.F.);
#4669=ORIENTED_EDGE('',*,*,#3528,.F.);
#4670=ORIENTED_EDGE('',*,*,#3394,.F.);
#4671=ORIENTED_EDGE('',*,*,#3527,.F.);
#4672=ORIENTED_EDGE('',*,*,#3031,.T.);
#4673=ORIENTED_EDGE('',*,*,#3030,.F.);
#4674=ORIENTED_EDGE('',*,*,#3529,.T.);
#4675=ORIENTED_EDGE('',*,*,#3395,.T.);
#4676=ORIENTED_EDGE('',*,*,#3528,.T.);
#4677=ORIENTED_EDGE('',*,*,#3529,.F.);
#4678=ORIENTED_EDGE('',*,*,#3029,.F.);
#4679=ORIENTED_EDGE('',*,*,#3530,.T.);
#4680=ORIENTED_EDGE('',*,*,#3396,.T.);
#4681=ORIENTED_EDGE('',*,*,#3028,.T.);
#4682=ORIENTED_EDGE('',*,*,#3531,.T.);
#4683=ORIENTED_EDGE('',*,*,#3397,.F.);
#4684=ORIENTED_EDGE('',*,*,#3530,.F.);
#4685=ORIENTED_EDGE('',*,*,#3531,.F.);
#4686=ORIENTED_EDGE('',*,*,#3027,.T.);
#4687=ORIENTED_EDGE('',*,*,#3532,.T.);
#4688=ORIENTED_EDGE('',*,*,#3398,.F.);
#4689=ORIENTED_EDGE('',*,*,#3026,.F.);
#4690=ORIENTED_EDGE('',*,*,#3533,.T.);
#4691=ORIENTED_EDGE('',*,*,#3399,.T.);
#4692=ORIENTED_EDGE('',*,*,#3532,.F.);
#4693=ORIENTED_EDGE('',*,*,#3534,.F.);
#4694=ORIENTED_EDGE('',*,*,#3400,.T.);
#4695=ORIENTED_EDGE('',*,*,#3533,.F.);
#4696=ORIENTED_EDGE('',*,*,#3025,.F.);
#4697=ORIENTED_EDGE('',*,*,#3024,.F.);
#4698=ORIENTED_EDGE('',*,*,#3535,.T.);
#4699=ORIENTED_EDGE('',*,*,#3401,.T.);
#4700=ORIENTED_EDGE('',*,*,#3534,.T.);
#4701=ORIENTED_EDGE('',*,*,#3535,.F.);
#4702=ORIENTED_EDGE('',*,*,#3023,.T.);
#4703=ORIENTED_EDGE('',*,*,#3536,.T.);
#4704=ORIENTED_EDGE('',*,*,#3402,.F.);
#4705=ORIENTED_EDGE('',*,*,#3022,.F.);
#4706=ORIENTED_EDGE('',*,*,#3537,.T.);
#4707=ORIENTED_EDGE('',*,*,#3403,.T.);
#4708=ORIENTED_EDGE('',*,*,#3536,.F.);
#4709=ORIENTED_EDGE('',*,*,#3538,.F.);
#4710=ORIENTED_EDGE('',*,*,#3404,.T.);
#4711=ORIENTED_EDGE('',*,*,#3537,.F.);
#4712=ORIENTED_EDGE('',*,*,#3021,.F.);
#4713=ORIENTED_EDGE('',*,*,#3020,.F.);
#4714=ORIENTED_EDGE('',*,*,#3539,.T.);
#4715=ORIENTED_EDGE('',*,*,#3405,.T.);
#4716=ORIENTED_EDGE('',*,*,#3538,.T.);
#4717=ORIENTED_EDGE('',*,*,#3539,.F.);
#4718=ORIENTED_EDGE('',*,*,#3019,.T.);
#4719=ORIENTED_EDGE('',*,*,#3540,.T.);
#4720=ORIENTED_EDGE('',*,*,#3406,.F.);
#4721=ORIENTED_EDGE('',*,*,#3018,.F.);
#4722=ORIENTED_EDGE('',*,*,#3541,.T.);
#4723=ORIENTED_EDGE('',*,*,#3407,.T.);
#4724=ORIENTED_EDGE('',*,*,#3540,.F.);
#4725=ORIENTED_EDGE('',*,*,#3542,.F.);
#4726=ORIENTED_EDGE('',*,*,#3408,.T.);
#4727=ORIENTED_EDGE('',*,*,#3541,.F.);
#4728=ORIENTED_EDGE('',*,*,#3017,.F.);
#4729=ORIENTED_EDGE('',*,*,#3016,.F.);
#4730=ORIENTED_EDGE('',*,*,#3543,.T.);
#4731=ORIENTED_EDGE('',*,*,#3409,.T.);
#4732=ORIENTED_EDGE('',*,*,#3542,.T.);
#4733=ORIENTED_EDGE('',*,*,#3543,.F.);
#4734=ORIENTED_EDGE('',*,*,#3015,.T.);
#4735=ORIENTED_EDGE('',*,*,#3544,.T.);
#4736=ORIENTED_EDGE('',*,*,#3382,.F.);
#4737=ORIENTED_EDGE('',*,*,#3014,.F.);
#4738=ORIENTED_EDGE('',*,*,#3545,.T.);
#4739=ORIENTED_EDGE('',*,*,#3383,.T.);
#4740=ORIENTED_EDGE('',*,*,#3544,.F.);
#4741=ORIENTED_EDGE('',*,*,#3546,.T.);
#4742=ORIENTED_EDGE('',*,*,#3384,.T.);
#4743=ORIENTED_EDGE('',*,*,#3545,.F.);
#4744=ORIENTED_EDGE('',*,*,#3013,.F.);
#4745=ORIENTED_EDGE('',*,*,#3012,.T.);
#4746=ORIENTED_EDGE('',*,*,#3547,.T.);
#4747=ORIENTED_EDGE('',*,*,#3385,.F.);
#4748=ORIENTED_EDGE('',*,*,#3546,.F.);
#4749=ORIENTED_EDGE('',*,*,#3548,.F.);
#4750=ORIENTED_EDGE('',*,*,#3386,.F.);
#4751=ORIENTED_EDGE('',*,*,#3547,.F.);
#4752=ORIENTED_EDGE('',*,*,#3011,.T.);
#4753=ORIENTED_EDGE('',*,*,#3010,.F.);
#4754=ORIENTED_EDGE('',*,*,#3549,.T.);
#4755=ORIENTED_EDGE('',*,*,#3387,.T.);
#4756=ORIENTED_EDGE('',*,*,#3548,.T.);
#4757=ORIENTED_EDGE('',*,*,#3549,.F.);
#4758=ORIENTED_EDGE('',*,*,#3009,.F.);
#4759=ORIENTED_EDGE('',*,*,#3523,.T.);
#4760=ORIENTED_EDGE('',*,*,#3388,.T.);
#4761=ORIENTED_EDGE('',*,*,#3550,.F.);
#4762=ORIENTED_EDGE('',*,*,#3005,.T.);
#4763=ORIENTED_EDGE('',*,*,#3551,.F.);
#4764=ORIENTED_EDGE('',*,*,#3411,.F.);
#4765=ORIENTED_EDGE('',*,*,#3413,.T.);
#4766=ORIENTED_EDGE('',*,*,#3552,.T.);
#4767=ORIENTED_EDGE('',*,*,#3089,.T.);
#4768=ORIENTED_EDGE('',*,*,#3552,.F.);
#4769=ORIENTED_EDGE('',*,*,#3412,.T.);
#4770=ORIENTED_EDGE('',*,*,#3551,.T.);
#4771=ORIENTED_EDGE('',*,*,#3004,.F.);
#4772=ORIENTED_EDGE('',*,*,#3553,.T.);
#4773=ORIENTED_EDGE('',*,*,#3553,.F.);
#4774=ORIENTED_EDGE('',*,*,#3003,.F.);
#4775=ORIENTED_EDGE('',*,*,#3554,.T.);
#4776=ORIENTED_EDGE('',*,*,#3414,.T.);
#4777=ORIENTED_EDGE('',*,*,#3555,.T.);
#4778=ORIENTED_EDGE('',*,*,#3415,.T.);
#4779=ORIENTED_EDGE('',*,*,#3554,.F.);
#4780=ORIENTED_EDGE('',*,*,#3002,.F.);
#4781=ORIENTED_EDGE('',*,*,#3556,.F.);
#4782=ORIENTED_EDGE('',*,*,#3416,.F.);
#4783=ORIENTED_EDGE('',*,*,#3555,.F.);
#4784=ORIENTED_EDGE('',*,*,#3007,.T.);
#4785=ORIENTED_EDGE('',*,*,#3410,.T.);
#4786=ORIENTED_EDGE('',*,*,#3557,.T.);
#4787=ORIENTED_EDGE('',*,*,#3090,.T.);
#4788=ORIENTED_EDGE('',*,*,#3557,.F.);
#4789=ORIENTED_EDGE('',*,*,#3417,.T.);
#4790=ORIENTED_EDGE('',*,*,#3556,.T.);
#4791=ORIENTED_EDGE('',*,*,#3006,.F.);
#4792=ORIENTED_EDGE('',*,*,#3550,.T.);
#4793=ORIENTED_EDGE('',*,*,#3558,.F.);
#4794=ORIENTED_EDGE('',*,*,#2999,.T.);
#4795=ORIENTED_EDGE('',*,*,#3559,.T.);
#4796=ORIENTED_EDGE('',*,*,#3420,.F.);
#4797=ORIENTED_EDGE('',*,*,#2998,.F.);
#4798=ORIENTED_EDGE('',*,*,#3560,.T.);
#4799=ORIENTED_EDGE('',*,*,#3421,.T.);
#4800=ORIENTED_EDGE('',*,*,#3559,.F.);
#4801=ORIENTED_EDGE('',*,*,#3561,.T.);
#4802=ORIENTED_EDGE('',*,*,#3418,.T.);
#4803=ORIENTED_EDGE('',*,*,#3560,.F.);
#4804=ORIENTED_EDGE('',*,*,#3001,.F.);
#4805=ORIENTED_EDGE('',*,*,#3000,.T.);
#4806=ORIENTED_EDGE('',*,*,#3558,.T.);
#4807=ORIENTED_EDGE('',*,*,#3419,.F.);
#4808=ORIENTED_EDGE('',*,*,#3561,.F.);
#4809=ORIENTED_EDGE('',*,*,#3562,.F.);
#4810=ORIENTED_EDGE('',*,*,#2995,.T.);
#4811=ORIENTED_EDGE('',*,*,#3563,.T.);
#4812=ORIENTED_EDGE('',*,*,#3424,.F.);
#4813=ORIENTED_EDGE('',*,*,#2994,.F.);
#4814=ORIENTED_EDGE('',*,*,#3564,.T.);
#4815=ORIENTED_EDGE('',*,*,#3425,.T.);
#4816=ORIENTED_EDGE('',*,*,#3563,.F.);
#4817=ORIENTED_EDGE('',*,*,#3565,.T.);
#4818=ORIENTED_EDGE('',*,*,#3422,.T.);
#4819=ORIENTED_EDGE('',*,*,#3564,.F.);
#4820=ORIENTED_EDGE('',*,*,#2997,.F.);
#4821=ORIENTED_EDGE('',*,*,#2996,.T.);
#4822=ORIENTED_EDGE('',*,*,#3562,.T.);
#4823=ORIENTED_EDGE('',*,*,#3423,.F.);
#4824=ORIENTED_EDGE('',*,*,#3565,.F.);
#4825=ORIENTED_EDGE('',*,*,#3566,.F.);
#4826=ORIENTED_EDGE('',*,*,#2991,.T.);
#4827=ORIENTED_EDGE('',*,*,#3567,.T.);
#4828=ORIENTED_EDGE('',*,*,#3428,.F.);
#4829=ORIENTED_EDGE('',*,*,#2990,.F.);
#4830=ORIENTED_EDGE('',*,*,#3568,.T.);
#4831=ORIENTED_EDGE('',*,*,#3429,.T.);
#4832=ORIENTED_EDGE('',*,*,#3567,.F.);
#4833=ORIENTED_EDGE('',*,*,#3569,.T.);
#4834=ORIENTED_EDGE('',*,*,#3426,.T.);
#4835=ORIENTED_EDGE('',*,*,#3568,.F.);
#4836=ORIENTED_EDGE('',*,*,#2993,.F.);
#4837=ORIENTED_EDGE('',*,*,#2992,.T.);
#4838=ORIENTED_EDGE('',*,*,#3566,.T.);
#4839=ORIENTED_EDGE('',*,*,#3427,.F.);
#4840=ORIENTED_EDGE('',*,*,#3569,.F.);
#4841=ORIENTED_EDGE('',*,*,#3570,.F.);
#4842=ORIENTED_EDGE('',*,*,#2987,.T.);
#4843=ORIENTED_EDGE('',*,*,#3571,.T.);
#4844=ORIENTED_EDGE('',*,*,#3432,.F.);
#4845=ORIENTED_EDGE('',*,*,#2986,.F.);
#4846=ORIENTED_EDGE('',*,*,#3572,.T.);
#4847=ORIENTED_EDGE('',*,*,#3433,.T.);
#4848=ORIENTED_EDGE('',*,*,#3571,.F.);
#4849=ORIENTED_EDGE('',*,*,#3573,.T.);
#4850=ORIENTED_EDGE('',*,*,#3430,.T.);
#4851=ORIENTED_EDGE('',*,*,#3572,.F.);
#4852=ORIENTED_EDGE('',*,*,#2989,.F.);
#4853=ORIENTED_EDGE('',*,*,#2988,.T.);
#4854=ORIENTED_EDGE('',*,*,#3570,.T.);
#4855=ORIENTED_EDGE('',*,*,#3431,.F.);
#4856=ORIENTED_EDGE('',*,*,#3573,.F.);
#4857=ORIENTED_EDGE('',*,*,#3574,.F.);
#4858=ORIENTED_EDGE('',*,*,#2983,.T.);
#4859=ORIENTED_EDGE('',*,*,#3575,.T.);
#4860=ORIENTED_EDGE('',*,*,#3436,.F.);
#4861=ORIENTED_EDGE('',*,*,#2982,.F.);
#4862=ORIENTED_EDGE('',*,*,#3576,.T.);
#4863=ORIENTED_EDGE('',*,*,#3437,.T.);
#4864=ORIENTED_EDGE('',*,*,#3575,.F.);
#4865=ORIENTED_EDGE('',*,*,#3577,.T.);
#4866=ORIENTED_EDGE('',*,*,#3434,.T.);
#4867=ORIENTED_EDGE('',*,*,#3576,.F.);
#4868=ORIENTED_EDGE('',*,*,#2985,.F.);
#4869=ORIENTED_EDGE('',*,*,#2984,.T.);
#4870=ORIENTED_EDGE('',*,*,#3574,.T.);
#4871=ORIENTED_EDGE('',*,*,#3435,.F.);
#4872=ORIENTED_EDGE('',*,*,#3577,.F.);
#4873=ORIENTED_EDGE('',*,*,#3578,.F.);
#4874=ORIENTED_EDGE('',*,*,#3038,.T.);
#4875=ORIENTED_EDGE('',*,*,#3579,.T.);
#4876=ORIENTED_EDGE('',*,*,#3440,.F.);
#4877=ORIENTED_EDGE('',*,*,#3037,.F.);
#4878=ORIENTED_EDGE('',*,*,#3580,.T.);
#4879=ORIENTED_EDGE('',*,*,#3441,.T.);
#4880=ORIENTED_EDGE('',*,*,#3579,.F.);
#4881=ORIENTED_EDGE('',*,*,#3036,.F.);
#4882=ORIENTED_EDGE('',*,*,#3581,.T.);
#4883=ORIENTED_EDGE('',*,*,#3438,.T.);
#4884=ORIENTED_EDGE('',*,*,#3580,.F.);
#4885=ORIENTED_EDGE('',*,*,#3039,.T.);
#4886=ORIENTED_EDGE('',*,*,#3578,.T.);
#4887=ORIENTED_EDGE('',*,*,#3439,.F.);
#4888=ORIENTED_EDGE('',*,*,#3581,.F.);
#4889=ORIENTED_EDGE('',*,*,#3582,.T.);
#4890=ORIENTED_EDGE('',*,*,#3583,.T.);
#4891=ORIENTED_EDGE('',*,*,#3584,.F.);
#4892=ORIENTED_EDGE('',*,*,#2919,.F.);
#4893=ORIENTED_EDGE('',*,*,#3585,.F.);
#4894=ORIENTED_EDGE('',*,*,#2979,.T.);
#4895=ORIENTED_EDGE('',*,*,#3586,.T.);
#4896=ORIENTED_EDGE('',*,*,#3444,.F.);
#4897=ORIENTED_EDGE('',*,*,#2978,.F.);
#4898=ORIENTED_EDGE('',*,*,#3587,.T.);
#4899=ORIENTED_EDGE('',*,*,#3445,.T.);
#4900=ORIENTED_EDGE('',*,*,#3586,.F.);
#4901=ORIENTED_EDGE('',*,*,#3588,.T.);
#4902=ORIENTED_EDGE('',*,*,#3442,.T.);
#4903=ORIENTED_EDGE('',*,*,#3587,.F.);
#4904=ORIENTED_EDGE('',*,*,#2981,.F.);
#4905=ORIENTED_EDGE('',*,*,#2980,.T.);
#4906=ORIENTED_EDGE('',*,*,#3585,.T.);
#4907=ORIENTED_EDGE('',*,*,#3443,.F.);
#4908=ORIENTED_EDGE('',*,*,#3588,.F.);
#4909=ORIENTED_EDGE('',*,*,#3589,.F.);
#4910=ORIENTED_EDGE('',*,*,#2975,.T.);
#4911=ORIENTED_EDGE('',*,*,#3590,.T.);
#4912=ORIENTED_EDGE('',*,*,#3448,.F.);
#4913=ORIENTED_EDGE('',*,*,#2974,.F.);
#4914=ORIENTED_EDGE('',*,*,#3591,.T.);
#4915=ORIENTED_EDGE('',*,*,#3449,.T.);
#4916=ORIENTED_EDGE('',*,*,#3590,.F.);
#4917=ORIENTED_EDGE('',*,*,#3592,.T.);
#4918=ORIENTED_EDGE('',*,*,#3446,.T.);
#4919=ORIENTED_EDGE('',*,*,#3591,.F.);
#4920=ORIENTED_EDGE('',*,*,#2977,.F.);
#4921=ORIENTED_EDGE('',*,*,#2976,.T.);
#4922=ORIENTED_EDGE('',*,*,#3589,.T.);
#4923=ORIENTED_EDGE('',*,*,#3447,.F.);
#4924=ORIENTED_EDGE('',*,*,#3592,.F.);
#4925=ORIENTED_EDGE('',*,*,#3593,.F.);
#4926=ORIENTED_EDGE('',*,*,#2971,.T.);
#4927=ORIENTED_EDGE('',*,*,#3594,.T.);
#4928=ORIENTED_EDGE('',*,*,#3452,.F.);
#4929=ORIENTED_EDGE('',*,*,#2970,.F.);
#4930=ORIENTED_EDGE('',*,*,#3595,.T.);
#4931=ORIENTED_EDGE('',*,*,#3453,.T.);
#4932=ORIENTED_EDGE('',*,*,#3594,.F.);
#4933=ORIENTED_EDGE('',*,*,#3596,.T.);
#4934=ORIENTED_EDGE('',*,*,#3450,.T.);
#4935=ORIENTED_EDGE('',*,*,#3595,.F.);
#4936=ORIENTED_EDGE('',*,*,#2973,.F.);
#4937=ORIENTED_EDGE('',*,*,#2972,.T.);
#4938=ORIENTED_EDGE('',*,*,#3593,.T.);
#4939=ORIENTED_EDGE('',*,*,#3451,.F.);
#4940=ORIENTED_EDGE('',*,*,#3596,.F.);
#4941=ORIENTED_EDGE('',*,*,#3597,.F.);
#4942=ORIENTED_EDGE('',*,*,#2967,.T.);
#4943=ORIENTED_EDGE('',*,*,#3598,.T.);
#4944=ORIENTED_EDGE('',*,*,#3456,.F.);
#4945=ORIENTED_EDGE('',*,*,#2966,.F.);
#4946=ORIENTED_EDGE('',*,*,#3599,.T.);
#4947=ORIENTED_EDGE('',*,*,#3457,.T.);
#4948=ORIENTED_EDGE('',*,*,#3598,.F.);
#4949=ORIENTED_EDGE('',*,*,#3600,.T.);
#4950=ORIENTED_EDGE('',*,*,#3454,.T.);
#4951=ORIENTED_EDGE('',*,*,#3599,.F.);
#4952=ORIENTED_EDGE('',*,*,#2969,.F.);
#4953=ORIENTED_EDGE('',*,*,#2968,.T.);
#4954=ORIENTED_EDGE('',*,*,#3597,.T.);
#4955=ORIENTED_EDGE('',*,*,#3455,.F.);
#4956=ORIENTED_EDGE('',*,*,#3600,.F.);
#4957=ORIENTED_EDGE('',*,*,#3601,.F.);
#4958=ORIENTED_EDGE('',*,*,#2963,.T.);
#4959=ORIENTED_EDGE('',*,*,#3602,.T.);
#4960=ORIENTED_EDGE('',*,*,#3460,.F.);
#4961=ORIENTED_EDGE('',*,*,#2962,.F.);
#4962=ORIENTED_EDGE('',*,*,#3603,.T.);
#4963=ORIENTED_EDGE('',*,*,#3461,.T.);
#4964=ORIENTED_EDGE('',*,*,#3602,.F.);
#4965=ORIENTED_EDGE('',*,*,#3604,.T.);
#4966=ORIENTED_EDGE('',*,*,#3458,.T.);
#4967=ORIENTED_EDGE('',*,*,#3603,.F.);
#4968=ORIENTED_EDGE('',*,*,#2965,.F.);
#4969=ORIENTED_EDGE('',*,*,#2964,.T.);
#4970=ORIENTED_EDGE('',*,*,#3601,.T.);
#4971=ORIENTED_EDGE('',*,*,#3459,.F.);
#4972=ORIENTED_EDGE('',*,*,#3604,.F.);
#4973=ORIENTED_EDGE('',*,*,#3605,.F.);
#4974=ORIENTED_EDGE('',*,*,#2959,.T.);
#4975=ORIENTED_EDGE('',*,*,#3606,.T.);
#4976=ORIENTED_EDGE('',*,*,#3464,.F.);
#4977=ORIENTED_EDGE('',*,*,#2958,.F.);
#4978=ORIENTED_EDGE('',*,*,#3607,.T.);
#4979=ORIENTED_EDGE('',*,*,#3465,.T.);
#4980=ORIENTED_EDGE('',*,*,#3606,.F.);
#4981=ORIENTED_EDGE('',*,*,#3608,.T.);
#4982=ORIENTED_EDGE('',*,*,#3462,.T.);
#4983=ORIENTED_EDGE('',*,*,#3607,.F.);
#4984=ORIENTED_EDGE('',*,*,#2961,.F.);
#4985=ORIENTED_EDGE('',*,*,#2960,.T.);
#4986=ORIENTED_EDGE('',*,*,#3605,.T.);
#4987=ORIENTED_EDGE('',*,*,#3463,.F.);
#4988=ORIENTED_EDGE('',*,*,#3608,.F.);
#4989=ORIENTED_EDGE('',*,*,#3609,.F.);
#4990=ORIENTED_EDGE('',*,*,#2957,.T.);
#4991=ORIENTED_EDGE('',*,*,#3610,.T.);
#4992=ORIENTED_EDGE('',*,*,#3611,.F.);
#4993=ORIENTED_EDGE('',*,*,#3612,.F.);
#4994=ORIENTED_EDGE('',*,*,#2922,.F.);
#4995=ORIENTED_EDGE('',*,*,#3613,.T.);
#4996=ORIENTED_EDGE('',*,*,#3466,.T.);
#4997=ORIENTED_EDGE('',*,*,#2949,.T.);
#4998=ORIENTED_EDGE('',*,*,#3614,.T.);
#4999=ORIENTED_EDGE('',*,*,#3467,.F.);
#5000=ORIENTED_EDGE('',*,*,#3613,.F.);
#5001=ORIENTED_EDGE('',*,*,#3615,.F.);
#5002=ORIENTED_EDGE('',*,*,#3468,.F.);
#5003=ORIENTED_EDGE('',*,*,#3614,.F.);
#5004=ORIENTED_EDGE('',*,*,#2948,.T.);
#5005=ORIENTED_EDGE('',*,*,#2947,.F.);
#5006=ORIENTED_EDGE('',*,*,#3616,.T.);
#5007=ORIENTED_EDGE('',*,*,#3469,.T.);
#5008=ORIENTED_EDGE('',*,*,#3615,.T.);
#5009=ORIENTED_EDGE('',*,*,#3616,.F.);
#5010=ORIENTED_EDGE('',*,*,#2946,.F.);
#5011=ORIENTED_EDGE('',*,*,#3617,.T.);
#5012=ORIENTED_EDGE('',*,*,#3470,.T.);
#5013=ORIENTED_EDGE('',*,*,#2945,.T.);
#5014=ORIENTED_EDGE('',*,*,#3618,.T.);
#5015=ORIENTED_EDGE('',*,*,#3471,.F.);
#5016=ORIENTED_EDGE('',*,*,#3617,.F.);
#5017=ORIENTED_EDGE('',*,*,#3619,.F.);
#5018=ORIENTED_EDGE('',*,*,#3472,.F.);
#5019=ORIENTED_EDGE('',*,*,#3618,.F.);
#5020=ORIENTED_EDGE('',*,*,#2944,.T.);
#5021=ORIENTED_EDGE('',*,*,#2943,.F.);
#5022=ORIENTED_EDGE('',*,*,#3620,.T.);
#5023=ORIENTED_EDGE('',*,*,#3473,.T.);
#5024=ORIENTED_EDGE('',*,*,#3619,.T.);
#5025=ORIENTED_EDGE('',*,*,#3620,.F.);
#5026=ORIENTED_EDGE('',*,*,#2942,.F.);
#5027=ORIENTED_EDGE('',*,*,#3621,.T.);
#5028=ORIENTED_EDGE('',*,*,#3474,.T.);
#5029=ORIENTED_EDGE('',*,*,#2941,.T.);
#5030=ORIENTED_EDGE('',*,*,#3622,.T.);
#5031=ORIENTED_EDGE('',*,*,#3475,.F.);
#5032=ORIENTED_EDGE('',*,*,#3621,.F.);
#5033=ORIENTED_EDGE('',*,*,#3622,.F.);
#5034=ORIENTED_EDGE('',*,*,#2940,.T.);
#5035=ORIENTED_EDGE('',*,*,#3623,.T.);
#5036=ORIENTED_EDGE('',*,*,#3476,.F.);
#5037=ORIENTED_EDGE('',*,*,#2939,.F.);
#5038=ORIENTED_EDGE('',*,*,#3624,.T.);
#5039=ORIENTED_EDGE('',*,*,#3477,.T.);
#5040=ORIENTED_EDGE('',*,*,#3623,.F.);
#5041=ORIENTED_EDGE('',*,*,#3625,.F.);
#5042=ORIENTED_EDGE('',*,*,#3478,.T.);
#5043=ORIENTED_EDGE('',*,*,#3624,.F.);
#5044=ORIENTED_EDGE('',*,*,#2938,.F.);
#5045=ORIENTED_EDGE('',*,*,#2937,.F.);
#5046=ORIENTED_EDGE('',*,*,#3626,.T.);
#5047=ORIENTED_EDGE('',*,*,#3479,.T.);
#5048=ORIENTED_EDGE('',*,*,#3625,.T.);
#5049=ORIENTED_EDGE('',*,*,#3626,.F.);
#5050=ORIENTED_EDGE('',*,*,#2936,.T.);
#5051=ORIENTED_EDGE('',*,*,#3627,.T.);
#5052=ORIENTED_EDGE('',*,*,#3480,.F.);
#5053=ORIENTED_EDGE('',*,*,#2935,.F.);
#5054=ORIENTED_EDGE('',*,*,#3628,.T.);
#5055=ORIENTED_EDGE('',*,*,#3481,.T.);
#5056=ORIENTED_EDGE('',*,*,#3627,.F.);
#5057=ORIENTED_EDGE('',*,*,#3629,.F.);
#5058=ORIENTED_EDGE('',*,*,#3482,.T.);
#5059=ORIENTED_EDGE('',*,*,#3628,.F.);
#5060=ORIENTED_EDGE('',*,*,#2934,.F.);
#5061=ORIENTED_EDGE('',*,*,#2933,.F.);
#5062=ORIENTED_EDGE('',*,*,#3630,.T.);
#5063=ORIENTED_EDGE('',*,*,#3483,.T.);
#5064=ORIENTED_EDGE('',*,*,#3629,.T.);
#5065=ORIENTED_EDGE('',*,*,#3630,.F.);
#5066=ORIENTED_EDGE('',*,*,#2932,.T.);
#5067=ORIENTED_EDGE('',*,*,#3631,.T.);
#5068=ORIENTED_EDGE('',*,*,#3484,.F.);
#5069=ORIENTED_EDGE('',*,*,#2931,.F.);
#5070=ORIENTED_EDGE('',*,*,#3632,.T.);
#5071=ORIENTED_EDGE('',*,*,#3485,.T.);
#5072=ORIENTED_EDGE('',*,*,#3631,.F.);
#5073=ORIENTED_EDGE('',*,*,#3633,.F.);
#5074=ORIENTED_EDGE('',*,*,#3486,.T.);
#5075=ORIENTED_EDGE('',*,*,#3632,.F.);
#5076=ORIENTED_EDGE('',*,*,#2930,.F.);
#5077=ORIENTED_EDGE('',*,*,#2929,.F.);
#5078=ORIENTED_EDGE('',*,*,#3634,.T.);
#5079=ORIENTED_EDGE('',*,*,#3487,.T.);
#5080=ORIENTED_EDGE('',*,*,#3633,.T.);
#5081=ORIENTED_EDGE('',*,*,#3634,.F.);
#5082=ORIENTED_EDGE('',*,*,#2928,.T.);
#5083=ORIENTED_EDGE('',*,*,#3635,.T.);
#5084=ORIENTED_EDGE('',*,*,#3488,.F.);
#5085=ORIENTED_EDGE('',*,*,#2927,.F.);
#5086=ORIENTED_EDGE('',*,*,#3636,.T.);
#5087=ORIENTED_EDGE('',*,*,#3489,.T.);
#5088=ORIENTED_EDGE('',*,*,#3635,.F.);
#5089=ORIENTED_EDGE('',*,*,#2926,.F.);
#5090=ORIENTED_EDGE('',*,*,#3637,.T.);
#5091=ORIENTED_EDGE('',*,*,#3490,.T.);
#5092=ORIENTED_EDGE('',*,*,#3636,.F.);
#5093=ORIENTED_EDGE('',*,*,#2925,.T.);
#5094=ORIENTED_EDGE('',*,*,#3638,.T.);
#5095=ORIENTED_EDGE('',*,*,#3491,.F.);
#5096=ORIENTED_EDGE('',*,*,#3637,.F.);
#5097=ORIENTED_EDGE('',*,*,#3639,.F.);
#5098=ORIENTED_EDGE('',*,*,#3492,.F.);
#5099=ORIENTED_EDGE('',*,*,#3638,.F.);
#5100=ORIENTED_EDGE('',*,*,#2924,.T.);
#5101=ORIENTED_EDGE('',*,*,#2923,.F.);
#5102=ORIENTED_EDGE('',*,*,#3612,.T.);
#5103=ORIENTED_EDGE('',*,*,#3493,.T.);
#5104=ORIENTED_EDGE('',*,*,#3639,.T.);
#5105=ORIENTED_EDGE('',*,*,#3640,.T.);
#5106=ORIENTED_EDGE('',*,*,#3641,.T.);
#5107=ORIENTED_EDGE('',*,*,#2906,.F.);
#5108=ORIENTED_EDGE('',*,*,#3642,.F.);
#5109=ORIENTED_EDGE('',*,*,#3641,.F.);
#5110=ORIENTED_EDGE('',*,*,#3643,.T.);
#5111=ORIENTED_EDGE('',*,*,#3644,.T.);
#5112=ORIENTED_EDGE('',*,*,#2907,.F.);
#5113=ORIENTED_EDGE('',*,*,#3513,.F.);
#5114=ORIENTED_EDGE('',*,*,#3511,.F.);
#5115=ORIENTED_EDGE('',*,*,#3509,.F.);
#5116=ORIENTED_EDGE('',*,*,#3507,.F.);
#5117=ORIENTED_EDGE('',*,*,#3505,.F.);
#5118=ORIENTED_EDGE('',*,*,#3503,.F.);
#5119=ORIENTED_EDGE('',*,*,#3501,.F.);
#5120=ORIENTED_EDGE('',*,*,#3499,.F.);
#5121=ORIENTED_EDGE('',*,*,#3497,.F.);
#5122=ORIENTED_EDGE('',*,*,#3495,.F.);
#5123=ORIENTED_EDGE('',*,*,#3645,.F.);
#5124=ORIENTED_EDGE('',*,*,#3646,.T.);
#5125=ORIENTED_EDGE('',*,*,#2908,.T.);
#5126=ORIENTED_EDGE('',*,*,#3644,.F.);
#5127=ORIENTED_EDGE('',*,*,#3647,.F.);
#5128=ORIENTED_EDGE('',*,*,#3648,.F.);
#5129=ORIENTED_EDGE('',*,*,#3649,.T.);
#5130=ORIENTED_EDGE('',*,*,#3650,.F.);
#5131=ORIENTED_EDGE('',*,*,#3651,.T.);
#5132=ORIENTED_EDGE('',*,*,#3652,.T.);
#5133=ORIENTED_EDGE('',*,*,#3653,.F.);
#5134=ORIENTED_EDGE('',*,*,#3654,.T.);
#5135=ORIENTED_EDGE('',*,*,#3655,.T.);
#5136=ORIENTED_EDGE('',*,*,#3656,.T.);
#5137=ORIENTED_EDGE('',*,*,#3657,.F.);
#5138=ORIENTED_EDGE('',*,*,#3658,.F.);
#5139=ORIENTED_EDGE('',*,*,#3642,.T.);
#5140=ORIENTED_EDGE('',*,*,#2909,.T.);
#5141=ORIENTED_EDGE('',*,*,#3646,.F.);
#5142=ORIENTED_EDGE('',*,*,#3659,.F.);
#5143=ORIENTED_EDGE('',*,*,#3660,.T.);
#5144=ORIENTED_EDGE('',*,*,#3661,.T.);
#5145=ORIENTED_EDGE('',*,*,#3662,.F.);
#5146=ORIENTED_EDGE('',*,*,#3521,.F.);
#5147=ORIENTED_EDGE('',*,*,#3663,.F.);
#5148=ORIENTED_EDGE('',*,*,#3177,.T.);
#5149=ORIENTED_EDGE('',*,*,#3514,.T.);
#5150=ORIENTED_EDGE('',*,*,#3662,.T.);
#5151=ORIENTED_EDGE('',*,*,#3176,.T.);
#5152=ORIENTED_EDGE('',*,*,#3664,.T.);
#5153=ORIENTED_EDGE('',*,*,#3664,.F.);
#5154=ORIENTED_EDGE('',*,*,#3175,.T.);
#5155=ORIENTED_EDGE('',*,*,#3665,.F.);
#5156=ORIENTED_EDGE('',*,*,#3515,.F.);
#5157=ORIENTED_EDGE('',*,*,#3516,.T.);
#5158=ORIENTED_EDGE('',*,*,#3665,.T.);
#5159=ORIENTED_EDGE('',*,*,#3174,.T.);
#5160=ORIENTED_EDGE('',*,*,#3666,.T.);
#5161=ORIENTED_EDGE('',*,*,#3666,.F.);
#5162=ORIENTED_EDGE('',*,*,#3173,.T.);
#5163=ORIENTED_EDGE('',*,*,#3667,.F.);
#5164=ORIENTED_EDGE('',*,*,#3517,.F.);
#5165=ORIENTED_EDGE('',*,*,#3518,.T.);
#5166=ORIENTED_EDGE('',*,*,#3667,.T.);
#5167=ORIENTED_EDGE('',*,*,#3172,.T.);
#5168=ORIENTED_EDGE('',*,*,#3668,.T.);
#5169=ORIENTED_EDGE('',*,*,#3669,.F.);
#5170=ORIENTED_EDGE('',*,*,#3519,.F.);
#5171=ORIENTED_EDGE('',*,*,#3668,.F.);
#5172=ORIENTED_EDGE('',*,*,#3171,.T.);
#5173=ORIENTED_EDGE('',*,*,#3520,.T.);
#5174=ORIENTED_EDGE('',*,*,#3669,.T.);
#5175=ORIENTED_EDGE('',*,*,#3170,.T.);
#5176=ORIENTED_EDGE('',*,*,#3663,.T.);
#5177=ORIENTED_EDGE('',*,*,#3670,.F.);
#5178=ORIENTED_EDGE('',*,*,#3152,.T.);
#5179=ORIENTED_EDGE('',*,*,#3671,.F.);
#5180=ORIENTED_EDGE('',*,*,#3672,.F.);
#5181=ORIENTED_EDGE('',*,*,#3673,.T.);
#5182=ORIENTED_EDGE('',*,*,#3671,.T.);
#5183=ORIENTED_EDGE('',*,*,#3151,.T.);
#5184=ORIENTED_EDGE('',*,*,#3674,.T.);
#5185=ORIENTED_EDGE('',*,*,#3674,.F.);
#5186=ORIENTED_EDGE('',*,*,#3150,.T.);
#5187=ORIENTED_EDGE('',*,*,#3675,.F.);
#5188=ORIENTED_EDGE('',*,*,#3676,.F.);
#5189=ORIENTED_EDGE('',*,*,#3677,.F.);
#5190=ORIENTED_EDGE('',*,*,#2950,.T.);
#5191=ORIENTED_EDGE('',*,*,#3609,.T.);
#5192=ORIENTED_EDGE('',*,*,#3678,.F.);
#5193=ORIENTED_EDGE('',*,*,#3679,.F.);
#5194=ORIENTED_EDGE('',*,*,#3680,.F.);
#5195=ORIENTED_EDGE('',*,*,#3582,.F.);
#5196=ORIENTED_EDGE('',*,*,#2918,.T.);
#5197=ORIENTED_EDGE('',*,*,#3681,.F.);
#5198=ORIENTED_EDGE('',*,*,#2916,.T.);
#5199=ORIENTED_EDGE('',*,*,#3263,.T.);
#5200=ORIENTED_EDGE('',*,*,#3261,.F.);
#5201=ORIENTED_EDGE('',*,*,#3682,.F.);
#5202=ORIENTED_EDGE('',*,*,#3683,.T.);
#5203=ORIENTED_EDGE('',*,*,#3684,.F.);
#5204=ORIENTED_EDGE('',*,*,#2953,.F.);
#5205=ORIENTED_EDGE('',*,*,#3685,.F.);
#5206=ORIENTED_EDGE('',*,*,#3686,.T.);
#5207=ORIENTED_EDGE('',*,*,#3610,.F.);
#5208=ORIENTED_EDGE('',*,*,#2956,.F.);
#5209=ORIENTED_EDGE('',*,*,#3687,.F.);
#5210=ORIENTED_EDGE('',*,*,#3678,.T.);
#5211=ORIENTED_EDGE('',*,*,#3611,.T.);
#5212=ORIENTED_EDGE('',*,*,#3686,.F.);
#5213=ORIENTED_EDGE('',*,*,#3688,.F.);
#5214=ORIENTED_EDGE('',*,*,#3683,.F.);
#5215=ORIENTED_EDGE('',*,*,#3689,.F.);
#5216=ORIENTED_EDGE('',*,*,#3690,.T.);
#5217=ORIENTED_EDGE('',*,*,#2891,.T.);
#5218=ORIENTED_EDGE('',*,*,#2887,.T.);
#5219=ORIENTED_EDGE('',*,*,#2910,.T.);
#5220=ORIENTED_EDGE('',*,*,#3691,.F.);
#5221=ORIENTED_EDGE('',*,*,#3680,.T.);
#5222=ORIENTED_EDGE('',*,*,#3692,.T.);
#5223=ORIENTED_EDGE('',*,*,#3693,.T.);
#5224=ORIENTED_EDGE('',*,*,#3689,.T.);
#5225=ORIENTED_EDGE('',*,*,#3694,.T.);
#5226=ORIENTED_EDGE('',*,*,#3695,.T.);
#5227=ORIENTED_EDGE('',*,*,#3696,.F.);
#5228=ORIENTED_EDGE('',*,*,#3583,.F.);
#5229=ORIENTED_EDGE('',*,*,#3697,.F.);
#5230=ORIENTED_EDGE('',*,*,#2920,.F.);
#5231=ORIENTED_EDGE('',*,*,#3584,.T.);
#5232=ORIENTED_EDGE('',*,*,#3696,.T.);
#5233=ORIENTED_EDGE('',*,*,#3251,.F.);
#5234=ORIENTED_EDGE('',*,*,#3698,.T.);
#5235=ORIENTED_EDGE('',*,*,#3660,.F.);
#5236=ORIENTED_EDGE('',*,*,#3698,.F.);
#5237=ORIENTED_EDGE('',*,*,#3252,.F.);
#5238=ORIENTED_EDGE('',*,*,#3699,.T.);
#5239=ORIENTED_EDGE('',*,*,#3661,.F.);
#5240=ORIENTED_EDGE('',*,*,#3699,.F.);
#5241=ORIENTED_EDGE('',*,*,#3700,.T.);
#5242=ORIENTED_EDGE('',*,*,#3649,.F.);
#5243=ORIENTED_EDGE('',*,*,#3701,.T.);
#5244=ORIENTED_EDGE('',*,*,#3247,.F.);
#5245=ORIENTED_EDGE('',*,*,#3700,.F.);
#5246=ORIENTED_EDGE('',*,*,#3246,.F.);
#5247=ORIENTED_EDGE('',*,*,#3702,.F.);
#5248=ORIENTED_EDGE('',*,*,#3650,.T.);
#5249=ORIENTED_EDGE('',*,*,#3702,.T.);
#5250=ORIENTED_EDGE('',*,*,#3245,.T.);
#5251=ORIENTED_EDGE('',*,*,#3703,.F.);
#5252=ORIENTED_EDGE('',*,*,#3651,.F.);
#5253=ORIENTED_EDGE('',*,*,#3703,.T.);
#5254=ORIENTED_EDGE('',*,*,#3244,.T.);
#5255=ORIENTED_EDGE('',*,*,#3704,.F.);
#5256=ORIENTED_EDGE('',*,*,#3652,.F.);
#5257=ORIENTED_EDGE('',*,*,#3705,.F.);
#5258=ORIENTED_EDGE('',*,*,#3653,.T.);
#5259=ORIENTED_EDGE('',*,*,#3704,.T.);
#5260=ORIENTED_EDGE('',*,*,#3243,.F.);
#5261=ORIENTED_EDGE('',*,*,#3706,.F.);
#5262=ORIENTED_EDGE('',*,*,#3654,.F.);
#5263=ORIENTED_EDGE('',*,*,#3705,.T.);
#5264=ORIENTED_EDGE('',*,*,#3242,.F.);
#5265=ORIENTED_EDGE('',*,*,#3706,.T.);
#5266=ORIENTED_EDGE('',*,*,#3241,.T.);
#5267=ORIENTED_EDGE('',*,*,#3707,.F.);
#5268=ORIENTED_EDGE('',*,*,#3655,.F.);
#5269=ORIENTED_EDGE('',*,*,#3707,.T.);
#5270=ORIENTED_EDGE('',*,*,#3240,.T.);
#5271=ORIENTED_EDGE('',*,*,#3708,.F.);
#5272=ORIENTED_EDGE('',*,*,#3656,.F.);
#5273=ORIENTED_EDGE('',*,*,#3709,.F.);
#5274=ORIENTED_EDGE('',*,*,#3657,.T.);
#5275=ORIENTED_EDGE('',*,*,#3708,.T.);
#5276=ORIENTED_EDGE('',*,*,#3239,.F.);
#5277=ORIENTED_EDGE('',*,*,#3710,.T.);
#5278=ORIENTED_EDGE('',*,*,#3647,.T.);
#5279=ORIENTED_EDGE('',*,*,#3711,.T.);
#5280=ORIENTED_EDGE('',*,*,#3249,.F.);
#5281=ORIENTED_EDGE('',*,*,#3710,.F.);
#5282=ORIENTED_EDGE('',*,*,#3248,.F.);
#5283=ORIENTED_EDGE('',*,*,#3701,.F.);
#5284=ORIENTED_EDGE('',*,*,#3648,.T.);
#5285=ORIENTED_EDGE('',*,*,#3196,.T.);
#5286=ORIENTED_EDGE('',*,*,#3210,.F.);
#5287=ORIENTED_EDGE('',*,*,#3214,.F.);
#5288=ORIENTED_EDGE('',*,*,#3236,.F.);
#5289=ORIENTED_EDGE('',*,*,#3250,.F.);
#5290=ORIENTED_EDGE('',*,*,#3711,.F.);
#5291=ORIENTED_EDGE('',*,*,#3659,.T.);
#5292=ORIENTED_EDGE('',*,*,#3645,.T.);
#5293=ORIENTED_EDGE('',*,*,#3643,.F.);
#5294=ORIENTED_EDGE('',*,*,#3640,.F.);
#5295=ORIENTED_EDGE('',*,*,#3658,.T.);
#5296=ORIENTED_EDGE('',*,*,#3709,.T.);
#5297=ORIENTED_EDGE('',*,*,#3238,.F.);
#5298=ORIENTED_EDGE('',*,*,#3255,.F.);
#5299=ORIENTED_EDGE('',*,*,#3258,.T.);
#5300=ORIENTED_EDGE('',*,*,#3259,.F.);
#5301=ORIENTED_EDGE('',*,*,#3085,.F.);
#5302=ORIENTED_EDGE('',*,*,#3217,.F.);
#5303=ORIENTED_EDGE('',*,*,#3234,.F.);
#5304=ORIENTED_EDGE('',*,*,#3253,.F.);
#5305=ORIENTED_EDGE('',*,*,#3056,.T.);
#5306=ORIENTED_EDGE('',*,*,#3054,.F.);
#5307=ORIENTED_EDGE('',*,*,#3068,.T.);
#5308=ORIENTED_EDGE('',*,*,#3065,.F.);
#5309=ORIENTED_EDGE('',*,*,#3712,.T.);
#5310=ORIENTED_EDGE('',*,*,#3675,.T.);
#5311=ORIENTED_EDGE('',*,*,#3149,.T.);
#5312=ORIENTED_EDGE('',*,*,#3187,.T.);
#5313=ORIENTED_EDGE('',*,*,#3713,.T.);
#5314=ORIENTED_EDGE('',*,*,#3714,.T.);
#5315=ORIENTED_EDGE('',*,*,#3181,.T.);
#5316=ORIENTED_EDGE('',*,*,#3276,.F.);
#5317=ORIENTED_EDGE('',*,*,#3278,.F.);
#5318=ORIENTED_EDGE('',*,*,#3715,.T.);
#5319=ORIENTED_EDGE('',*,*,#3190,.F.);
#5320=ORIENTED_EDGE('',*,*,#3716,.F.);
#5321=ORIENTED_EDGE('',*,*,#3159,.T.);
#5322=ORIENTED_EDGE('',*,*,#3191,.F.);
#5323=ORIENTED_EDGE('',*,*,#3715,.F.);
#5324=ORIENTED_EDGE('',*,*,#3277,.T.);
#5325=ORIENTED_EDGE('',*,*,#3717,.F.);
#5326=ORIENTED_EDGE('',*,*,#3280,.T.);
#5327=ORIENTED_EDGE('',*,*,#3718,.F.);
#5328=ORIENTED_EDGE('',*,*,#3672,.T.);
#5329=ORIENTED_EDGE('',*,*,#3673,.F.);
#5330=ORIENTED_EDGE('',*,*,#3676,.T.);
#5331=ORIENTED_EDGE('',*,*,#3712,.F.);
#5332=ORIENTED_EDGE('',*,*,#3186,.T.);
#5333=ORIENTED_EDGE('',*,*,#3718,.T.);
#5334=ORIENTED_EDGE('',*,*,#3279,.T.);
#5335=ORIENTED_EDGE('',*,*,#3153,.T.);
#5336=ORIENTED_EDGE('',*,*,#3670,.T.);
#5337=ORIENTED_EDGE('',*,*,#3717,.T.);
#5338=ORIENTED_EDGE('',*,*,#3185,.T.);
#5339=ORIENTED_EDGE('',*,*,#3155,.T.);
#5340=ORIENTED_EDGE('',*,*,#3281,.T.);
#5341=ORIENTED_EDGE('',*,*,#3165,.T.);
#5342=ORIENTED_EDGE('',*,*,#3274,.T.);
#5343=ORIENTED_EDGE('',*,*,#3719,.T.);
#5344=ORIENTED_EDGE('',*,*,#3270,.T.);
#5345=ORIENTED_EDGE('',*,*,#3687,.T.);
#5346=ORIENTED_EDGE('',*,*,#3682,.T.);
#5347=ORIENTED_EDGE('',*,*,#2952,.F.);
#5348=ORIENTED_EDGE('',*,*,#3720,.T.);
#5349=ORIENTED_EDGE('',*,*,#3140,.T.);
#5350=ORIENTED_EDGE('',*,*,#3720,.F.);
#5351=ORIENTED_EDGE('',*,*,#2951,.F.);
#5352=ORIENTED_EDGE('',*,*,#3677,.T.);
#5353=ORIENTED_EDGE('',*,*,#2917,.T.);
#5354=ORIENTED_EDGE('',*,*,#3681,.T.);
#5355=ORIENTED_EDGE('',*,*,#3260,.F.);
#5356=ORIENTED_EDGE('',*,*,#3050,.T.);
#5357=ORIENTED_EDGE('',*,*,#2892,.F.);
#5358=ORIENTED_EDGE('',*,*,#3690,.F.);
#5359=ORIENTED_EDGE('',*,*,#3693,.F.);
#5360=ORIENTED_EDGE('',*,*,#3721,.T.);
#5361=ORIENTED_EDGE('',*,*,#3141,.T.);
#5362=ORIENTED_EDGE('',*,*,#3721,.F.);
#5363=ORIENTED_EDGE('',*,*,#3692,.F.);
#5364=ORIENTED_EDGE('',*,*,#3679,.T.);
#5365=ORIENTED_EDGE('',*,*,#3688,.T.);
#5366=ORIENTED_EDGE('',*,*,#3685,.T.);
#5367=ORIENTED_EDGE('',*,*,#2955,.F.);
#5368=ORIENTED_EDGE('',*,*,#3722,.T.);
#5369=ORIENTED_EDGE('',*,*,#3142,.T.);
#5370=ORIENTED_EDGE('',*,*,#3722,.F.);
#5371=ORIENTED_EDGE('',*,*,#2954,.F.);
#5372=ORIENTED_EDGE('',*,*,#3684,.T.);
#5373=ORIENTED_EDGE('',*,*,#2921,.F.);
#5374=ORIENTED_EDGE('',*,*,#3697,.T.);
#5375=ORIENTED_EDGE('',*,*,#3695,.F.);
#5376=ORIENTED_EDGE('',*,*,#3723,.T.);
#5377=ORIENTED_EDGE('',*,*,#3143,.T.);
#5378=ORIENTED_EDGE('',*,*,#3723,.F.);
#5379=ORIENTED_EDGE('',*,*,#3694,.F.);
#5380=ORIENTED_EDGE('',*,*,#3691,.T.);
#5381=ORIENTED_EDGE('',*,*,#3147,.T.);
#5382=ORIENTED_EDGE('',*,*,#3204,.T.);
#5383=ORIENTED_EDGE('',*,*,#3128,.T.);
#5384=ORIENTED_EDGE('',*,*,#3188,.T.);
#5385=ORIENTED_EDGE('',*,*,#3716,.T.);
#5386=ORIENTED_EDGE('',*,*,#3189,.T.);
#5387=ORIENTED_EDGE('',*,*,#3124,.F.);
#5388=ORIENTED_EDGE('',*,*,#3724,.F.);
#5389=ORIENTED_EDGE('',*,*,#3123,.T.);
#5390=ORIENTED_EDGE('',*,*,#3725,.F.);
#5391=ORIENTED_EDGE('',*,*,#3713,.F.);
#5392=ORIENTED_EDGE('',*,*,#3724,.T.);
#5393=ORIENTED_EDGE('',*,*,#3714,.F.);
#5394=ORIENTED_EDGE('',*,*,#3725,.T.);
#5395=ORIENTED_EDGE('',*,*,#3122,.T.);
#5396=ORIENTED_EDGE('',*,*,#3182,.F.);
#5397=ORIENTED_EDGE('',*,*,#3726,.T.);
#5398=ORIENTED_EDGE('',*,*,#3272,.T.);
#5399=ORIENTED_EDGE('',*,*,#3118,.T.);
#5400=ORIENTED_EDGE('',*,*,#3115,.T.);
#5401=ORIENTED_EDGE('',*,*,#3726,.F.);
#5402=ORIENTED_EDGE('',*,*,#3114,.T.);
#5403=ORIENTED_EDGE('',*,*,#3265,.F.);
#5404=ORIENTED_EDGE('',*,*,#3267,.F.);
#5405=ORIENTED_EDGE('',*,*,#3269,.F.);
#5406=ORIENTED_EDGE('',*,*,#3271,.F.);
#5407=ORIENTED_EDGE('',*,*,#3719,.F.);
#5408=ORIENTED_EDGE('',*,*,#3273,.T.);
#5409=PLANE('',#5943);
#5410=PLANE('',#5946);
#5411=PLANE('',#5951);
#5412=PLANE('',#5955);
#5413=PLANE('',#5956);
#5414=PLANE('',#5979);
#5415=PLANE('',#5984);
#5416=PLANE('',#5985);
#5417=PLANE('',#5989);
#5418=PLANE('',#5993);
#5419=PLANE('',#6004);
#5420=PLANE('',#6005);
#5421=PLANE('',#6017);
#5422=PLANE('',#6021);
#5423=PLANE('',#6024);
#5424=PLANE('',#6040);
#5425=PLANE('',#6059);
#5426=PLANE('',#6061);
#5427=PLANE('',#6062);
#5428=PLANE('',#6065);
#5429=PLANE('',#6068);
#5430=PLANE('',#6069);
#5431=PLANE('',#6070);
#5432=PLANE('',#6076);
#5433=PLANE('',#6077);
#5434=PLANE('',#6081);
#5435=PLANE('',#6087);
#5436=PLANE('',#6092);
#5437=PLANE('',#6093);
#5438=PLANE('',#6094);
#5439=PLANE('',#6097);
#5440=PLANE('',#6108);
#5441=PLANE('',#6112);
#5442=PLANE('',#6114);
#5443=PLANE('',#6117);
#5444=PLANE('',#6120);
#5445=PLANE('',#6121);
#5446=PLANE('',#6124);
#5447=PLANE('',#6125);
#5448=PLANE('',#6126);
#5449=PLANE('',#6128);
#5450=PLANE('',#6131);
#5451=PLANE('',#6134);
#5452=PLANE('',#6137);
#5453=PLANE('',#6139);
#5454=PLANE('',#6141);
#5455=PLANE('',#6144);
#5456=PLANE('',#6147);
#5457=PLANE('',#6150);
#5458=PLANE('',#6152);
#5459=PLANE('',#6161);
#5460=PLANE('',#6164);
#5461=PLANE('',#6167);
#5462=PLANE('',#6170);
#5463=PLANE('',#6173);
#5464=PLANE('',#6176);
#5465=PLANE('',#6183);
#5466=PLANE('',#6186);
#5467=PLANE('',#6189);
#5468=PLANE('',#6192);
#5469=PLANE('',#6195);
#5470=PLANE('',#6198);
#5471=PLANE('',#6201);
#5472=PLANE('',#6203);
#5473=PLANE('',#6205);
#5474=PLANE('',#6207);
#5475=PLANE('',#6209);
#5476=PLANE('',#6216);
#5477=PLANE('',#6221);
#5478=PLANE('',#6222);
#5479=PLANE('',#6223);
#5480=PLANE('',#6224);
#5481=PLANE('',#6225);
#5482=PLANE('',#6226);
#5483=PLANE('',#6227);
#5484=PLANE('',#6228);
#5485=PLANE('',#6229);
#5486=PLANE('',#6230);
#5487=PLANE('',#6231);
#5488=PLANE('',#6232);
#5489=PLANE('',#6233);
#5490=PLANE('',#6260);
#5491=PLANE('',#6265);
#5492=PLANE('',#6266);
#5493=PLANE('',#6268);
#5494=PLANE('',#6269);
#5495=PLANE('',#6270);
#5496=PLANE('',#6272);
#5497=PLANE('',#6273);
#5498=PLANE('',#6274);
#5499=PLANE('',#6275);
#5500=PLANE('',#6276);
#5501=PLANE('',#6278);
#5502=PLANE('',#6279);
#5503=PLANE('',#6280);
#5504=PLANE('',#6282);
#5505=PLANE('',#6283);
#5506=PLANE('',#6284);
#5507=PLANE('',#6286);
#5508=PLANE('',#6287);
#5509=PLANE('',#6288);
#5510=PLANE('',#6289);
#5511=PLANE('',#6290);
#5512=PLANE('',#6292);
#5513=PLANE('',#6293);
#5514=PLANE('',#6295);
#5515=PLANE('',#6296);
#5516=PLANE('',#6297);
#5517=PLANE('',#6299);
#5518=PLANE('',#6300);
#5519=PLANE('',#6301);
#5520=PLANE('',#6302);
#5521=PLANE('',#6303);
#5522=PLANE('',#6304);
#5523=PLANE('',#6305);
#5524=PLANE('',#6306);
#5525=PLANE('',#6307);
#5526=PLANE('',#6308);
#5527=PLANE('',#6309);
#5528=PLANE('',#6310);
#5529=PLANE('',#6311);
#5530=PLANE('',#6312);
#5531=PLANE('',#6313);
#5532=PLANE('',#6314);
#5533=PLANE('',#6315);
#5534=PLANE('',#6316);
#5535=PLANE('',#6317);
#5536=PLANE('',#6318);
#5537=PLANE('',#6319);
#5538=PLANE('',#6320);
#5539=PLANE('',#6321);
#5540=PLANE('',#6322);
#5541=PLANE('',#6323);
#5542=PLANE('',#6324);
#5543=PLANE('',#6325);
#5544=PLANE('',#6326);
#5545=PLANE('',#6327);
#5546=PLANE('',#6328);
#5547=PLANE('',#6329);
#5548=PLANE('',#6330);
#5549=PLANE('',#6331);
#5550=PLANE('',#6332);
#5551=PLANE('',#6333);
#5552=PLANE('',#6334);
#5553=PLANE('',#6335);
#5554=PLANE('',#6336);
#5555=PLANE('',#6337);
#5556=PLANE('',#6338);
#5557=PLANE('',#6339);
#5558=PLANE('',#6340);
#5559=PLANE('',#6341);
#5560=PLANE('',#6342);
#5561=PLANE('',#6343);
#5562=PLANE('',#6344);
#5563=PLANE('',#6345);
#5564=PLANE('',#6346);
#5565=PLANE('',#6347);
#5566=PLANE('',#6348);
#5567=PLANE('',#6349);
#5568=PLANE('',#6350);
#5569=PLANE('',#6351);
#5570=PLANE('',#6353);
#5571=PLANE('',#6354);
#5572=PLANE('',#6355);
#5573=PLANE('',#6357);
#5574=PLANE('',#6358);
#5575=PLANE('',#6359);
#5576=PLANE('',#6360);
#5577=PLANE('',#6361);
#5578=PLANE('',#6363);
#5579=PLANE('',#6364);
#5580=PLANE('',#6365);
#5581=PLANE('',#6367);
#5582=PLANE('',#6368);
#5583=PLANE('',#6369);
#5584=PLANE('',#6371);
#5585=PLANE('',#6372);
#5586=PLANE('',#6373);
#5587=PLANE('',#6374);
#5588=PLANE('',#6375);
#5589=PLANE('',#6377);
#5590=PLANE('',#6378);
#5591=PLANE('',#6379);
#5592=PLANE('',#6380);
#5593=PLANE('',#6385);
#5594=PLANE('',#6387);
#5595=PLANE('',#6389);
#5596=PLANE('',#6391);
#5597=PLANE('',#6393);
#5598=PLANE('',#6396);
#5599=PLANE('',#6397);
#5600=PLANE('',#6398);
#5601=PLANE('',#6399);
#5602=PLANE('',#6400);
#5603=PLANE('',#6401);
#5604=PLANE('',#6402);
#5605=PLANE('',#6405);
#5606=PLANE('',#6406);
#5607=PLANE('',#6411);
#5608=PLANE('',#6415);
#5609=PLANE('',#6416);
#5610=PLANE('',#6417);
#5611=PLANE('',#6418);
#5612=PLANE('',#6419);
#5613=PLANE('',#6420);
#5614=PLANE('',#6421);
#5615=PLANE('',#6422);
#5616=PLANE('',#6424);
#5617=PLANE('',#6425);
#5618=PLANE('',#6428);
#5619=PLANE('',#6433);
#5620=PLANE('',#6446);
#5621=PLANE('',#6450);
#5622=ADVANCED_FACE('',(#173),#5409,.F.);
#5623=ADVANCED_FACE('',(#174),#5410,.T.);
#5624=ADVANCED_FACE('',(#175),#80,.F.);
#5625=ADVANCED_FACE('',(#176),#5411,.F.);
#5626=ADVANCED_FACE('',(#177),#81,.F.);
#5627=ADVANCED_FACE('',(#178),#5412,.F.);
#5628=ADVANCED_FACE('',(#179,#19,#20,#21,#22,#23,#24,#25,#26,#27,#28,#29,
#30,#31,#32,#33,#34,#35),#5413,.T.);
#5629=ADVANCED_FACE('',(#180),#5414,.F.);
#5630=ADVANCED_FACE('',(#181),#82,.F.);
#5631=ADVANCED_FACE('',(#182),#83,.F.);
#5632=ADVANCED_FACE('',(#183),#5415,.F.);
#5633=ADVANCED_FACE('',(#184),#5416,.F.);
#5634=ADVANCED_FACE('',(#185),#84,.F.);
#5635=ADVANCED_FACE('',(#186),#5417,.T.);
#5636=ADVANCED_FACE('',(#187),#85,.F.);
#5637=ADVANCED_FACE('',(#188,#36,#37,#38,#39,#40,#41,#42,#43,#44,#45),#5418,
 .F.);
#5638=ADVANCED_FACE('',(#189),#5419,.F.);
#5639=ADVANCED_FACE('',(#190,#46,#47,#48),#5420,.F.);
#5640=ADVANCED_FACE('',(#191),#86,.F.);
#5641=ADVANCED_FACE('',(#192),#5421,.F.);
#5642=ADVANCED_FACE('',(#193),#5422,.T.);
#5643=ADVANCED_FACE('',(#194),#87,.F.);
#5644=ADVANCED_FACE('',(#195,#49,#50,#51,#52,#53),#5423,.F.);
#5645=ADVANCED_FACE('',(#196,#54),#5424,.T.);
#5646=ADVANCED_FACE('',(#197),#88,.F.);
#5647=ADVANCED_FACE('',(#198),#5425,.T.);
#5648=ADVANCED_FACE('',(#199),#89,.F.);
#5649=ADVANCED_FACE('',(#200),#5426,.T.);
#5650=ADVANCED_FACE('',(#201),#5427,.F.);
#5651=ADVANCED_FACE('',(#202),#90,.F.);
#5652=ADVANCED_FACE('',(#203),#5428,.F.);
#5653=ADVANCED_FACE('',(#204),#91,.F.);
#5654=ADVANCED_FACE('',(#205),#5429,.F.);
#5655=ADVANCED_FACE('',(#206),#5430,.T.);
#5656=ADVANCED_FACE('',(#207),#5431,.F.);
#5657=ADVANCED_FACE('',(#208),#92,.F.);
#5658=ADVANCED_FACE('',(#209),#93,.F.);
#5659=ADVANCED_FACE('',(#210),#5432,.F.);
#5660=ADVANCED_FACE('',(#211),#5433,.F.);
#5661=ADVANCED_FACE('',(#212),#94,.F.);
#5662=ADVANCED_FACE('',(#213),#5434,.F.);
#5663=ADVANCED_FACE('',(#214),#95,.F.);
#5664=ADVANCED_FACE('',(#215),#5435,.F.);
#5665=ADVANCED_FACE('',(#216),#96,.F.);
#5666=ADVANCED_FACE('',(#217),#5436,.T.);
#5667=ADVANCED_FACE('',(#218),#5437,.T.);
#5668=ADVANCED_FACE('',(#219),#5438,.T.);
#5669=ADVANCED_FACE('',(#220),#97,.F.);
#5670=ADVANCED_FACE('',(#221,#55,#56),#5439,.T.);
#5671=ADVANCED_FACE('',(#222),#98,.F.);
#5672=ADVANCED_FACE('',(#223),#99,.F.);
#5673=ADVANCED_FACE('',(#224),#100,.F.);
#5674=ADVANCED_FACE('',(#225),#101,.F.);
#5675=ADVANCED_FACE('',(#226),#5440,.T.);
#5676=ADVANCED_FACE('',(#227),#102,.F.);
#5677=ADVANCED_FACE('',(#228),#103,.F.);
#5678=ADVANCED_FACE('',(#229),#5441,.T.);
#5679=ADVANCED_FACE('',(#230),#5442,.T.);
#5680=ADVANCED_FACE('',(#231),#104,.T.);
#5681=ADVANCED_FACE('',(#232),#5443,.T.);
#5682=ADVANCED_FACE('',(#233),#105,.T.);
#5683=ADVANCED_FACE('',(#234),#5444,.F.);
#5684=ADVANCED_FACE('',(#235),#5445,.F.);
#5685=ADVANCED_FACE('',(#236),#106,.T.);
#5686=ADVANCED_FACE('',(#237),#5446,.T.);
#5687=ADVANCED_FACE('',(#238),#5447,.T.);
#5688=ADVANCED_FACE('',(#239),#5448,.T.);
#5689=ADVANCED_FACE('',(#240),#5449,.T.);
#5690=ADVANCED_FACE('',(#241),#5450,.T.);
#5691=ADVANCED_FACE('',(#242),#5451,.T.);
#5692=ADVANCED_FACE('',(#243),#5452,.T.);
#5693=ADVANCED_FACE('',(#244),#5453,.T.);
#5694=ADVANCED_FACE('',(#245),#5454,.T.);
#5695=ADVANCED_FACE('',(#246),#5455,.T.);
#5696=ADVANCED_FACE('',(#247),#5456,.T.);
#5697=ADVANCED_FACE('',(#248),#5457,.T.);
#5698=ADVANCED_FACE('',(#249),#5458,.F.);
#5699=ADVANCED_FACE('',(#250),#107,.F.);
#5700=ADVANCED_FACE('',(#251),#108,.F.);
#5701=ADVANCED_FACE('',(#252),#5459,.F.);
#5702=ADVANCED_FACE('',(#253),#109,.F.);
#5703=ADVANCED_FACE('',(#254),#5460,.T.);
#5704=ADVANCED_FACE('',(#255),#110,.F.);
#5705=ADVANCED_FACE('',(#256),#5461,.F.);
#5706=ADVANCED_FACE('',(#257),#111,.F.);
#5707=ADVANCED_FACE('',(#258),#5462,.T.);
#5708=ADVANCED_FACE('',(#259),#112,.F.);
#5709=ADVANCED_FACE('',(#260),#5463,.F.);
#5710=ADVANCED_FACE('',(#261),#113,.F.);
#5711=ADVANCED_FACE('',(#262),#5464,.T.);
#5712=ADVANCED_FACE('',(#263),#114,.F.);
#5713=ADVANCED_FACE('',(#264),#115,.F.);
#5714=ADVANCED_FACE('',(#265),#116,.F.);
#5715=ADVANCED_FACE('',(#266),#5465,.F.);
#5716=ADVANCED_FACE('',(#267),#117,.F.);
#5717=ADVANCED_FACE('',(#268),#5466,.T.);
#5718=ADVANCED_FACE('',(#269),#118,.F.);
#5719=ADVANCED_FACE('',(#270),#5467,.F.);
#5720=ADVANCED_FACE('',(#271),#119,.F.);
#5721=ADVANCED_FACE('',(#272),#5468,.T.);
#5722=ADVANCED_FACE('',(#273),#120,.F.);
#5723=ADVANCED_FACE('',(#274),#5469,.F.);
#5724=ADVANCED_FACE('',(#275),#121,.F.);
#5725=ADVANCED_FACE('',(#276),#5470,.T.);
#5726=ADVANCED_FACE('',(#277),#122,.F.);
#5727=ADVANCED_FACE('',(#278),#5471,.F.);
#5728=ADVANCED_FACE('',(#279),#123,.T.);
#5729=ADVANCED_FACE('',(#280),#5472,.T.);
#5730=ADVANCED_FACE('',(#281),#124,.T.);
#5731=ADVANCED_FACE('',(#282),#5473,.T.);
#5732=ADVANCED_FACE('',(#283),#125,.T.);
#5733=ADVANCED_FACE('',(#284),#5474,.F.);
#5734=ADVANCED_FACE('',(#285),#126,.T.);
#5735=ADVANCED_FACE('',(#286,#57,#58,#59,#60,#61),#5475,.T.);
#5736=ADVANCED_FACE('',(#287),#5476,.T.);
#5737=ADVANCED_FACE('',(#288),#5477,.T.);
#5738=ADVANCED_FACE('',(#289),#5478,.T.);
#5739=ADVANCED_FACE('',(#290),#5479,.T.);
#5740=ADVANCED_FACE('',(#291),#5480,.T.);
#5741=ADVANCED_FACE('',(#292),#5481,.T.);
#5742=ADVANCED_FACE('',(#293),#5482,.T.);
#5743=ADVANCED_FACE('',(#294),#5483,.T.);
#5744=ADVANCED_FACE('',(#295),#5484,.T.);
#5745=ADVANCED_FACE('',(#296),#5485,.T.);
#5746=ADVANCED_FACE('',(#297),#5486,.T.);
#5747=ADVANCED_FACE('',(#298),#5487,.T.);
#5748=ADVANCED_FACE('',(#299),#5488,.T.);
#5749=ADVANCED_FACE('',(#300,#62,#63,#64,#65,#66),#5489,.T.);
#5750=ADVANCED_FACE('',(#301),#127,.F.);
#5751=ADVANCED_FACE('',(#302),#128,.F.);
#5752=ADVANCED_FACE('',(#303),#129,.F.);
#5753=ADVANCED_FACE('',(#304),#130,.F.);
#5754=ADVANCED_FACE('',(#305),#131,.F.);
#5755=ADVANCED_FACE('',(#306),#132,.F.);
#5756=ADVANCED_FACE('',(#307),#133,.F.);
#5757=ADVANCED_FACE('',(#308),#134,.F.);
#5758=ADVANCED_FACE('',(#309),#135,.F.);
#5759=ADVANCED_FACE('',(#310),#136,.F.);
#5760=ADVANCED_FACE('',(#311),#5490,.T.);
#5761=ADVANCED_FACE('',(#312),#5491,.F.);
#5762=ADVANCED_FACE('',(#313),#5492,.T.);
#5763=ADVANCED_FACE('',(#314),#137,.F.);
#5764=ADVANCED_FACE('',(#315),#5493,.F.);
#5765=ADVANCED_FACE('',(#316),#5494,.F.);
#5766=ADVANCED_FACE('',(#317),#5495,.T.);
#5767=ADVANCED_FACE('',(#318),#138,.F.);
#5768=ADVANCED_FACE('',(#319),#5496,.F.);
#5769=ADVANCED_FACE('',(#320),#5497,.F.);
#5770=ADVANCED_FACE('',(#321),#5498,.T.);
#5771=ADVANCED_FACE('',(#322),#5499,.T.);
#5772=ADVANCED_FACE('',(#323),#5500,.F.);
#5773=ADVANCED_FACE('',(#324),#139,.F.);
#5774=ADVANCED_FACE('',(#325),#5501,.T.);
#5775=ADVANCED_FACE('',(#326),#5502,.T.);
#5776=ADVANCED_FACE('',(#327),#5503,.F.);
#5777=ADVANCED_FACE('',(#328),#140,.F.);
#5778=ADVANCED_FACE('',(#329),#5504,.T.);
#5779=ADVANCED_FACE('',(#330),#5505,.T.);
#5780=ADVANCED_FACE('',(#331),#5506,.F.);
#5781=ADVANCED_FACE('',(#332),#141,.F.);
#5782=ADVANCED_FACE('',(#333),#5507,.T.);
#5783=ADVANCED_FACE('',(#334),#5508,.T.);
#5784=ADVANCED_FACE('',(#335),#5509,.F.);
#5785=ADVANCED_FACE('',(#336),#5510,.F.);
#5786=ADVANCED_FACE('',(#337),#5511,.T.);
#5787=ADVANCED_FACE('',(#338),#142,.F.);
#5788=ADVANCED_FACE('',(#339),#5512,.F.);
#5789=ADVANCED_FACE('',(#340),#5513,.T.);
#5790=ADVANCED_FACE('',(#341),#143,.F.);
#5791=ADVANCED_FACE('',(#342),#5514,.T.);
#5792=ADVANCED_FACE('',(#343),#5515,.F.);
#5793=ADVANCED_FACE('',(#344),#5516,.F.);
#5794=ADVANCED_FACE('',(#345),#144,.F.);
#5795=ADVANCED_FACE('',(#346),#5517,.T.);
#5796=ADVANCED_FACE('',(#347),#5518,.T.);
#5797=ADVANCED_FACE('',(#348),#5519,.F.);
#5798=ADVANCED_FACE('',(#349),#5520,.F.);
#5799=ADVANCED_FACE('',(#350),#5521,.T.);
#5800=ADVANCED_FACE('',(#351),#5522,.T.);
#5801=ADVANCED_FACE('',(#352),#5523,.F.);
#5802=ADVANCED_FACE('',(#353),#5524,.F.);
#5803=ADVANCED_FACE('',(#354),#5525,.T.);
#5804=ADVANCED_FACE('',(#355),#5526,.T.);
#5805=ADVANCED_FACE('',(#356),#5527,.F.);
#5806=ADVANCED_FACE('',(#357),#5528,.F.);
#5807=ADVANCED_FACE('',(#358),#5529,.T.);
#5808=ADVANCED_FACE('',(#359),#5530,.T.);
#5809=ADVANCED_FACE('',(#360),#5531,.F.);
#5810=ADVANCED_FACE('',(#361),#5532,.F.);
#5811=ADVANCED_FACE('',(#362),#5533,.T.);
#5812=ADVANCED_FACE('',(#363),#5534,.T.);
#5813=ADVANCED_FACE('',(#364),#5535,.F.);
#5814=ADVANCED_FACE('',(#365),#5536,.F.);
#5815=ADVANCED_FACE('',(#366),#5537,.T.);
#5816=ADVANCED_FACE('',(#367),#5538,.T.);
#5817=ADVANCED_FACE('',(#368),#5539,.F.);
#5818=ADVANCED_FACE('',(#369),#5540,.F.);
#5819=ADVANCED_FACE('',(#370),#5541,.F.);
#5820=ADVANCED_FACE('',(#371),#5542,.T.);
#5821=ADVANCED_FACE('',(#372),#5543,.T.);
#5822=ADVANCED_FACE('',(#373),#5544,.F.);
#5823=ADVANCED_FACE('',(#374),#5545,.F.);
#5824=ADVANCED_FACE('',(#375),#5546,.T.);
#5825=ADVANCED_FACE('',(#376),#5547,.T.);
#5826=ADVANCED_FACE('',(#377),#5548,.F.);
#5827=ADVANCED_FACE('',(#378),#5549,.F.);
#5828=ADVANCED_FACE('',(#379),#5550,.T.);
#5829=ADVANCED_FACE('',(#380),#5551,.T.);
#5830=ADVANCED_FACE('',(#381),#5552,.F.);
#5831=ADVANCED_FACE('',(#382),#5553,.F.);
#5832=ADVANCED_FACE('',(#383),#5554,.T.);
#5833=ADVANCED_FACE('',(#384),#5555,.T.);
#5834=ADVANCED_FACE('',(#385),#5556,.F.);
#5835=ADVANCED_FACE('',(#386),#5557,.F.);
#5836=ADVANCED_FACE('',(#387),#5558,.T.);
#5837=ADVANCED_FACE('',(#388),#5559,.T.);
#5838=ADVANCED_FACE('',(#389),#5560,.F.);
#5839=ADVANCED_FACE('',(#390),#5561,.F.);
#5840=ADVANCED_FACE('',(#391),#5562,.T.);
#5841=ADVANCED_FACE('',(#392),#5563,.T.);
#5842=ADVANCED_FACE('',(#393),#5564,.F.);
#5843=ADVANCED_FACE('',(#394),#5565,.F.);
#5844=ADVANCED_FACE('',(#395),#5566,.T.);
#5845=ADVANCED_FACE('',(#396),#5567,.F.);
#5846=ADVANCED_FACE('',(#397),#5568,.F.);
#5847=ADVANCED_FACE('',(#398),#5569,.T.);
#5848=ADVANCED_FACE('',(#399),#145,.F.);
#5849=ADVANCED_FACE('',(#400),#5570,.F.);
#5850=ADVANCED_FACE('',(#401),#5571,.F.);
#5851=ADVANCED_FACE('',(#402),#5572,.T.);
#5852=ADVANCED_FACE('',(#403),#146,.F.);
#5853=ADVANCED_FACE('',(#404),#5573,.F.);
#5854=ADVANCED_FACE('',(#405),#5574,.F.);
#5855=ADVANCED_FACE('',(#406),#5575,.T.);
#5856=ADVANCED_FACE('',(#407),#5576,.T.);
#5857=ADVANCED_FACE('',(#408),#5577,.F.);
#5858=ADVANCED_FACE('',(#409),#147,.F.);
#5859=ADVANCED_FACE('',(#410),#5578,.T.);
#5860=ADVANCED_FACE('',(#411),#5579,.T.);
#5861=ADVANCED_FACE('',(#412),#5580,.F.);
#5862=ADVANCED_FACE('',(#413),#148,.F.);
#5863=ADVANCED_FACE('',(#414),#5581,.T.);
#5864=ADVANCED_FACE('',(#415),#5582,.T.);
#5865=ADVANCED_FACE('',(#416),#5583,.F.);
#5866=ADVANCED_FACE('',(#417),#149,.F.);
#5867=ADVANCED_FACE('',(#418),#5584,.T.);
#5868=ADVANCED_FACE('',(#419),#5585,.T.);
#5869=ADVANCED_FACE('',(#420),#5586,.F.);
#5870=ADVANCED_FACE('',(#421),#5587,.F.);
#5871=ADVANCED_FACE('',(#422),#5588,.T.);
#5872=ADVANCED_FACE('',(#423),#150,.F.);
#5873=ADVANCED_FACE('',(#424),#5589,.F.);
#5874=ADVANCED_FACE('',(#425,#67,#68,#69,#70,#71,#72,#73,#74,#75,#76),#5590,
 .T.);
#5875=ADVANCED_FACE('',(#426),#5591,.T.);
#5876=ADVANCED_FACE('',(#427,#77,#78),#5592,.F.);
#5877=ADVANCED_FACE('',(#428),#5593,.T.);
#5878=ADVANCED_FACE('',(#429),#151,.T.);
#5879=ADVANCED_FACE('',(#430),#5594,.T.);
#5880=ADVANCED_FACE('',(#431),#152,.T.);
#5881=ADVANCED_FACE('',(#432),#5595,.T.);
#5882=ADVANCED_FACE('',(#433),#153,.T.);
#5883=ADVANCED_FACE('',(#434),#5596,.T.);
#5884=ADVANCED_FACE('',(#435),#154,.T.);
#5885=ADVANCED_FACE('',(#436),#5597,.T.);
#5886=ADVANCED_FACE('',(#437),#155,.T.);
#5887=ADVANCED_FACE('',(#438),#5598,.T.);
#5888=ADVANCED_FACE('',(#439),#5599,.F.);
#5889=ADVANCED_FACE('',(#440),#5600,.F.);
#5890=ADVANCED_FACE('',(#441),#5601,.F.);
#5891=ADVANCED_FACE('',(#442),#5602,.F.);
#5892=ADVANCED_FACE('',(#443),#5603,.T.);
#5893=ADVANCED_FACE('',(#444),#5604,.T.);
#5894=ADVANCED_FACE('',(#445),#5605,.T.);
#5895=ADVANCED_FACE('',(#446),#5606,.T.);
#5896=ADVANCED_FACE('',(#447),#5607,.T.);
#5897=ADVANCED_FACE('',(#448),#156,.F.);
#5898=ADVANCED_FACE('',(#449),#157,.F.);
#5899=ADVANCED_FACE('',(#450),#158,.F.);
#5900=ADVANCED_FACE('',(#451),#5608,.F.);
#5901=ADVANCED_FACE('',(#452),#5609,.F.);
#5902=ADVANCED_FACE('',(#453),#5610,.F.);
#5903=ADVANCED_FACE('',(#454),#5611,.T.);
#5904=ADVANCED_FACE('',(#455),#5612,.F.);
#5905=ADVANCED_FACE('',(#456),#5613,.F.);
#5906=ADVANCED_FACE('',(#457),#5614,.F.);
#5907=ADVANCED_FACE('',(#458),#5615,.T.);
#5908=ADVANCED_FACE('',(#459),#159,.F.);
#5909=ADVANCED_FACE('',(#460),#5616,.F.);
#5910=ADVANCED_FACE('',(#461,#79),#5617,.F.);
#5911=ADVANCED_FACE('',(#462),#160,.T.);
#5912=ADVANCED_FACE('',(#463),#5618,.F.);
#5913=ADVANCED_FACE('',(#464),#161,.T.);
#5914=ADVANCED_FACE('',(#465),#5619,.T.);
#5915=ADVANCED_FACE('',(#466),#162,.T.);
#5916=ADVANCED_FACE('',(#467),#163,.T.);
#5917=ADVANCED_FACE('',(#468),#164,.T.);
#5918=ADVANCED_FACE('',(#469),#165,.F.);
#5919=ADVANCED_FACE('',(#470),#166,.F.);
#5920=ADVANCED_FACE('',(#471),#167,.F.);
#5921=ADVANCED_FACE('',(#472),#168,.F.);
#5922=ADVANCED_FACE('',(#473),#169,.T.);
#5923=ADVANCED_FACE('',(#474),#170,.T.);
#5924=ADVANCED_FACE('',(#475),#5620,.F.);
#5925=ADVANCED_FACE('',(#476),#171,.T.);
#5926=ADVANCED_FACE('',(#477),#172,.T.);
#5927=ADVANCED_FACE('',(#478),#5621,.F.);
#5928=CLOSED_SHELL('',(#5622,#5623,#5624,#5625,#5626,#5627,#5628,#5629,
#5630,#5631,#5632,#5633,#5634,#5635,#5636,#5637,#5638,#5639,#5640,#5641,
#5642,#5643,#5644,#5645,#5646,#5647,#5648,#5649,#5650,#5651,#5652,#5653,
#5654,#5655,#5656,#5657,#5658,#5659,#5660,#5661,#5662,#5663,#5664,#5665,
#5666,#5667,#5668,#5669,#5670,#5671,#5672,#5673,#5674,#5675,#5676,#5677,
#5678,#5679,#5680,#5681,#5682,#5683,#5684,#5685,#5686,#5687,#5688,#5689,
#5690,#5691,#5692,#5693,#5694,#5695,#5696,#5697,#5698,#5699,#5700,#5701,
#5702,#5703,#5704,#5705,#5706,#5707,#5708,#5709,#5710,#5711,#5712,#5713,
#5714,#5715,#5716,#5717,#5718,#5719,#5720,#5721,#5722,#5723,#5724,#5725,
#5726,#5727,#5728,#5729,#5730,#5731,#5732,#5733,#5734,#5735,#5736,#5737,
#5738,#5739,#5740,#5741,#5742,#5743,#5744,#5745,#5746,#5747,#5748,#5749,
#5750,#5751,#5752,#5753,#5754,#5755,#5756,#5757,#5758,#5759,#5760,#5761,
#5762,#5763,#5764,#5765,#5766,#5767,#5768,#5769,#5770,#5771,#5772,#5773,
#5774,#5775,#5776,#5777,#5778,#5779,#5780,#5781,#5782,#5783,#5784,#5785,
#5786,#5787,#5788,#5789,#5790,#5791,#5792,#5793,#5794,#5795,#5796,#5797,
#5798,#5799,#5800,#5801,#5802,#5803,#5804,#5805,#5806,#5807,#5808,#5809,
#5810,#5811,#5812,#5813,#5814,#5815,#5816,#5817,#5818,#5819,#5820,#5821,
#5822,#5823,#5824,#5825,#5826,#5827,#5828,#5829,#5830,#5831,#5832,#5833,
#5834,#5835,#5836,#5837,#5838,#5839,#5840,#5841,#5842,#5843,#5844,#5845,
#5846,#5847,#5848,#5849,#5850,#5851,#5852,#5853,#5854,#5855,#5856,#5857,
#5858,#5859,#5860,#5861,#5862,#5863,#5864,#5865,#5866,#5867,#5868,#5869,
#5870,#5871,#5872,#5873,#5874,#5875,#5876,#5877,#5878,#5879,#5880,#5881,
#5882,#5883,#5884,#5885,#5886,#5887,#5888,#5889,#5890,#5891,#5892,#5893,
#5894,#5895,#5896,#5897,#5898,#5899,#5900,#5901,#5902,#5903,#5904,#5905,
#5906,#5907,#5908,#5909,#5910,#5911,#5912,#5913,#5914,#5915,#5916,#5917,
#5918,#5919,#5920,#5921,#5922,#5923,#5924,#5925,#5926,#5927));
#5929=DERIVED_UNIT_ELEMENT(#5931,1.);
#5930=DERIVED_UNIT_ELEMENT(#9830,-3.);
#5931=(
MASS_UNIT()
NAMED_UNIT(*)
SI_UNIT(.KILO.,.GRAM.)
);
#5932=DERIVED_UNIT((#5929,#5930));
#5933=MEASURE_REPRESENTATION_ITEM('density measure',
POSITIVE_RATIO_MEASURE(7850.),#5932);
#5934=PROPERTY_DEFINITION_REPRESENTATION(#5939,#5936);
#5935=PROPERTY_DEFINITION_REPRESENTATION(#5940,#5937);
#5936=REPRESENTATION('material name',(#5938),#9827);
#5937=REPRESENTATION('density',(#5933),#9827);
#5938=DESCRIPTIVE_REPRESENTATION_ITEM('Steel','Steel');
#5939=PROPERTY_DEFINITION('material property','material name',#9842);
#5940=PROPERTY_DEFINITION('material property','density of part',#9842);
#5941=AXIS2_PLACEMENT_3D('',#8113,#6452,#6453);
#5942=AXIS2_PLACEMENT_3D('',#8114,#6454,#6455);
#5943=AXIS2_PLACEMENT_3D('',#8115,#6456,#6457);
#5944=AXIS2_PLACEMENT_3D('',#8118,#6458,#6459);
#5945=AXIS2_PLACEMENT_3D('',#8122,#6461,#6462);
#5946=AXIS2_PLACEMENT_3D('',#8124,#6464,#6465);
#5947=AXIS2_PLACEMENT_3D('',#8126,#6466,#6467);
#5948=AXIS2_PLACEMENT_3D('',#8130,#6469,#6470);
#5949=AXIS2_PLACEMENT_3D('',#8134,#6473,#6474);
#5950=AXIS2_PLACEMENT_3D('',#8137,#6475,#6476);
#5951=AXIS2_PLACEMENT_3D('',#8140,#6479,#6480);
#5952=AXIS2_PLACEMENT_3D('',#8144,#6483,#6484);
#5953=AXIS2_PLACEMENT_3D('',#8146,#6485,#6486);
#5954=AXIS2_PLACEMENT_3D('',#8149,#6488,#6489);
#5955=AXIS2_PLACEMENT_3D('',#8150,#6490,#6491);
#5956=AXIS2_PLACEMENT_3D('',#8156,#6495,#6496);
#5957=AXIS2_PLACEMENT_3D('',#8168,#6502,#6503);
#5958=AXIS2_PLACEMENT_3D('',#8172,#6505,#6506);
#5959=AXIS2_PLACEMENT_3D('',#8180,#6510,#6511);
#5960=AXIS2_PLACEMENT_3D('',#8187,#6515,#6516);
#5961=AXIS2_PLACEMENT_3D('',#8192,#6518,#6519);
#5962=AXIS2_PLACEMENT_3D('',#8204,#6525,#6526);
#5963=AXIS2_PLACEMENT_3D('',#8212,#6530,#6531);
#5964=AXIS2_PLACEMENT_3D('',#8220,#6535,#6536);
#5965=AXIS2_PLACEMENT_3D('',#8232,#6542,#6543);
#5966=AXIS2_PLACEMENT_3D('',#8240,#6547,#6548);
#5967=AXIS2_PLACEMENT_3D('',#8248,#6552,#6553);
#5968=AXIS2_PLACEMENT_3D('',#8250,#6554,#6555);
#5969=AXIS2_PLACEMENT_3D('',#8254,#6557,#6558);
#5970=AXIS2_PLACEMENT_3D('',#8256,#6559,#6560);
#5971=AXIS2_PLACEMENT_3D('',#8354,#6609,#6610);
#5972=AXIS2_PLACEMENT_3D('',#8358,#6612,#6613);
#5973=AXIS2_PLACEMENT_3D('',#8366,#6617,#6618);
#5974=AXIS2_PLACEMENT_3D('',#8378,#6624,#6625);
#5975=AXIS2_PLACEMENT_3D('',#8386,#6629,#6630);
#5976=AXIS2_PLACEMENT_3D('',#8394,#6634,#6635);
#5977=AXIS2_PLACEMENT_3D('',#8406,#6641,#6642);
#5978=AXIS2_PLACEMENT_3D('',#8414,#6646,#6647);
#5979=AXIS2_PLACEMENT_3D('',#8424,#6653,#6654);
#5980=AXIS2_PLACEMENT_3D('',#8433,#6660,#6661);
#5981=AXIS2_PLACEMENT_3D('',#8435,#6662,#6663);
#5982=AXIS2_PLACEMENT_3D('',#8437,#6665,#6666);
#5983=AXIS2_PLACEMENT_3D('',#8440,#6668,#6669);
#5984=AXIS2_PLACEMENT_3D('',#8441,#6670,#6671);
#5985=AXIS2_PLACEMENT_3D('',#8443,#6673,#6674);
#5986=AXIS2_PLACEMENT_3D('',#8447,#6677,#6678);
#5987=AXIS2_PLACEMENT_3D('',#8450,#6679,#6680);
#5988=AXIS2_PLACEMENT_3D('',#8454,#6682,#6683);
#5989=AXIS2_PLACEMENT_3D('',#8456,#6685,#6686);
#5990=AXIS2_PLACEMENT_3D('',#8470,#6694,#6695);
#5991=AXIS2_PLACEMENT_3D('',#8473,#6696,#6697);
#5992=AXIS2_PLACEMENT_3D('',#8477,#6699,#6700);
#5993=AXIS2_PLACEMENT_3D('',#8479,#6702,#6703);
#5994=AXIS2_PLACEMENT_3D('',#8483,#6706,#6707);
#5995=AXIS2_PLACEMENT_3D('',#8485,#6708,#6709);
#5996=AXIS2_PLACEMENT_3D('',#8487,#6710,#6711);
#5997=AXIS2_PLACEMENT_3D('',#8489,#6712,#6713);
#5998=AXIS2_PLACEMENT_3D('',#8491,#6714,#6715);
#5999=AXIS2_PLACEMENT_3D('',#8493,#6716,#6717);
#6000=AXIS2_PLACEMENT_3D('',#8495,#6718,#6719);
#6001=AXIS2_PLACEMENT_3D('',#8497,#6720,#6721);
#6002=AXIS2_PLACEMENT_3D('',#8499,#6722,#6723);
#6003=AXIS2_PLACEMENT_3D('',#8501,#6724,#6725);
#6004=AXIS2_PLACEMENT_3D('',#8502,#6726,#6727);
#6005=AXIS2_PLACEMENT_3D('',#8516,#6735,#6736);
#6006=AXIS2_PLACEMENT_3D('',#8518,#6737,#6738);
#6007=AXIS2_PLACEMENT_3D('',#8521,#6740,#6741);
#6008=AXIS2_PLACEMENT_3D('',#8523,#6742,#6743);
#6009=AXIS2_PLACEMENT_3D('',#8525,#6744,#6745);
#6010=AXIS2_PLACEMENT_3D('',#8528,#6746,#6747);
#6011=AXIS2_PLACEMENT_3D('',#8532,#6749,#6750);
#6012=AXIS2_PLACEMENT_3D('',#8536,#6752,#6753);
#6013=AXIS2_PLACEMENT_3D('',#8540,#6755,#6756);
#6014=AXIS2_PLACEMENT_3D('',#8542,#6758,#6759);
#6015=AXIS2_PLACEMENT_3D('',#8545,#6760,#6761);
#6016=AXIS2_PLACEMENT_3D('',#8549,#6763,#6764);
#6017=AXIS2_PLACEMENT_3D('',#8551,#6766,#6767);
#6018=AXIS2_PLACEMENT_3D('',#8555,#6769,#6770);
#6019=AXIS2_PLACEMENT_3D('',#8559,#6772,#6773);
#6020=AXIS2_PLACEMENT_3D('',#8563,#6775,#6776);
#6021=AXIS2_PLACEMENT_3D('',#8565,#6778,#6779);
#6022=AXIS2_PLACEMENT_3D('',#8577,#6786,#6787);
#6023=AXIS2_PLACEMENT_3D('',#8579,#6788,#6789);
#6024=AXIS2_PLACEMENT_3D('',#8581,#6791,#6792);
#6025=AXIS2_PLACEMENT_3D('',#8583,#6793,#6794);
#6026=AXIS2_PLACEMENT_3D('',#8587,#6796,#6797);
#6027=AXIS2_PLACEMENT_3D('',#8591,#6799,#6800);
#6028=AXIS2_PLACEMENT_3D('',#8595,#6802,#6803);
#6029=AXIS2_PLACEMENT_3D('',#8599,#6805,#6806);
#6030=AXIS2_PLACEMENT_3D('',#8603,#6808,#6809);
#6031=AXIS2_PLACEMENT_3D('',#8607,#6811,#6812);
#6032=AXIS2_PLACEMENT_3D('',#8611,#6814,#6815);
#6033=AXIS2_PLACEMENT_3D('',#8615,#6817,#6818);
#6034=AXIS2_PLACEMENT_3D('',#8619,#6820,#6821);
#6035=AXIS2_PLACEMENT_3D('',#8623,#6823,#6824);
#6036=AXIS2_PLACEMENT_3D('',#8626,#6826,#6827);
#6037=AXIS2_PLACEMENT_3D('',#8628,#6828,#6829);
#6038=AXIS2_PLACEMENT_3D('',#8630,#6830,#6831);
#6039=AXIS2_PLACEMENT_3D('',#8632,#6832,#6833);
#6040=AXIS2_PLACEMENT_3D('',#8633,#6834,#6835);
#6041=AXIS2_PLACEMENT_3D('',#8637,#6837,#6838);
#6042=AXIS2_PLACEMENT_3D('',#8641,#6840,#6841);
#6043=AXIS2_PLACEMENT_3D('',#8645,#6843,#6844);
#6044=AXIS2_PLACEMENT_3D('',#8649,#6846,#6847);
#6045=AXIS2_PLACEMENT_3D('',#8653,#6849,#6850);
#6046=AXIS2_PLACEMENT_3D('',#8657,#6852,#6853);
#6047=AXIS2_PLACEMENT_3D('',#8661,#6855,#6856);
#6048=AXIS2_PLACEMENT_3D('',#8665,#6858,#6859);
#6049=AXIS2_PLACEMENT_3D('',#8669,#6861,#6862);
#6050=AXIS2_PLACEMENT_3D('',#8673,#6864,#6865);
#6051=AXIS2_PLACEMENT_3D('',#8677,#6867,#6868);
#6052=AXIS2_PLACEMENT_3D('',#8681,#6870,#6871);
#6053=AXIS2_PLACEMENT_3D('',#8684,#6873,#6874);
#6054=AXIS2_PLACEMENT_3D('',#8687,#6875,#6876);
#6055=AXIS2_PLACEMENT_3D('',#8691,#6878,#6879);
#6056=AXIS2_PLACEMENT_3D('',#8695,#6881,#6882);
#6057=AXIS2_PLACEMENT_3D('',#8699,#6884,#6885);
#6058=AXIS2_PLACEMENT_3D('',#8701,#6887,#6888);
#6059=AXIS2_PLACEMENT_3D('',#8704,#6891,#6892);
#6060=AXIS2_PLACEMENT_3D('',#8710,#6896,#6897);
#6061=AXIS2_PLACEMENT_3D('',#8713,#6900,#6901);
#6062=AXIS2_PLACEMENT_3D('',#8720,#6906,#6907);
#6063=AXIS2_PLACEMENT_3D('',#8726,#6911,#6912);
#6064=AXIS2_PLACEMENT_3D('',#8729,#6913,#6914);
#6065=AXIS2_PLACEMENT_3D('',#8732,#6917,#6918);
#6066=AXIS2_PLACEMENT_3D('',#8740,#6923,#6924);
#6067=AXIS2_PLACEMENT_3D('',#8744,#6926,#6927);
#6068=AXIS2_PLACEMENT_3D('',#8746,#6929,#6930);
#6069=AXIS2_PLACEMENT_3D('',#8750,#6933,#6934);
#6070=AXIS2_PLACEMENT_3D('',#8753,#6937,#6938);
#6071=AXIS2_PLACEMENT_3D('',#8755,#6939,#6940);
#6072=AXIS2_PLACEMENT_3D('',#8758,#6942,#6943);
#6073=AXIS2_PLACEMENT_3D('',#8759,#6944,#6945);
#6074=AXIS2_PLACEMENT_3D('',#8762,#6947,#6948);
#6075=AXIS2_PLACEMENT_3D('',#8763,#6949,#6950);
#6076=AXIS2_PLACEMENT_3D('',#8766,#6953,#6954);
#6077=AXIS2_PLACEMENT_3D('',#8767,#6955,#6956);
#6078=AXIS2_PLACEMENT_3D('',#8771,#6959,#6960);
#6079=AXIS2_PLACEMENT_3D('',#8773,#6961,#6962);
#6080=AXIS2_PLACEMENT_3D('',#8776,#6964,#6965);
#6081=AXIS2_PLACEMENT_3D('',#8777,#6966,#6967);
#6082=AXIS2_PLACEMENT_3D('',#8779,#6968,#6969);
#6083=AXIS2_PLACEMENT_3D('',#8782,#6971,#6972);
#6084=AXIS2_PLACEMENT_3D('',#8784,#6973,#6974);
#6085=AXIS2_PLACEMENT_3D('',#8786,#6976,#6977);
#6086=AXIS2_PLACEMENT_3D('',#8788,#6978,#6979);
#6087=AXIS2_PLACEMENT_3D('',#8790,#6981,#6982);
#6088=AXIS2_PLACEMENT_3D('',#8792,#6983,#6984);
#6089=AXIS2_PLACEMENT_3D('',#8795,#6986,#6987);
#6090=AXIS2_PLACEMENT_3D('',#8797,#6988,#6989);
#6091=AXIS2_PLACEMENT_3D('',#8799,#6991,#6992);
#6092=AXIS2_PLACEMENT_3D('',#8801,#6994,#6995);
#6093=AXIS2_PLACEMENT_3D('',#8803,#6997,#6998);
#6094=AXIS2_PLACEMENT_3D('',#8805,#7000,#7001);
#6095=AXIS2_PLACEMENT_3D('',#8809,#7004,#7005);
#6096=AXIS2_PLACEMENT_3D('',#8812,#7007,#7008);
#6097=AXIS2_PLACEMENT_3D('',#8813,#7009,#7010);
#6098=AXIS2_PLACEMENT_3D('',#8835,#7021,#7022);
#6099=AXIS2_PLACEMENT_3D('',#8839,#7024,#7025);
#6100=AXIS2_PLACEMENT_3D('',#8842,#7027,#7028);
#6101=AXIS2_PLACEMENT_3D('',#8844,#7029,#7030);
#6102=AXIS2_PLACEMENT_3D('',#8845,#7031,#7032);
#6103=AXIS2_PLACEMENT_3D('',#8846,#7033,#7034);
#6104=AXIS2_PLACEMENT_3D('',#8847,#7035,#7036);
#6105=AXIS2_PLACEMENT_3D('',#8848,#7037,#7038);
#6106=AXIS2_PLACEMENT_3D('',#8849,#7039,#7040);
#6107=AXIS2_PLACEMENT_3D('',#8852,#7042,#7043);
#6108=AXIS2_PLACEMENT_3D('',#8853,#7044,#7045);
#6109=AXIS2_PLACEMENT_3D('',#8858,#7049,#7050);
#6110=AXIS2_PLACEMENT_3D('',#8859,#7051,#7052);
#6111=AXIS2_PLACEMENT_3D('',#8860,#7053,#7054);
#6112=AXIS2_PLACEMENT_3D('',#8861,#7055,#7056);
#6113=AXIS2_PLACEMENT_3D('',#8863,#7057,#7058);
#6114=AXIS2_PLACEMENT_3D('',#8867,#7061,#7062);
#6115=AXIS2_PLACEMENT_3D('',#8869,#7064,#7065);
#6116=AXIS2_PLACEMENT_3D('',#8872,#7067,#7068);
#6117=AXIS2_PLACEMENT_3D('',#8873,#7069,#7070);
#6118=AXIS2_PLACEMENT_3D('',#8877,#7073,#7074);
#6119=AXIS2_PLACEMENT_3D('',#8880,#7076,#7077);
#6120=AXIS2_PLACEMENT_3D('',#8881,#7078,#7079);
#6121=AXIS2_PLACEMENT_3D('',#8885,#7082,#7083);
#6122=AXIS2_PLACEMENT_3D('',#8891,#7087,#7088);
#6123=AXIS2_PLACEMENT_3D('',#8894,#7090,#7091);
#6124=AXIS2_PLACEMENT_3D('',#8895,#7092,#7093);
#6125=AXIS2_PLACEMENT_3D('',#8899,#7096,#7097);
#6126=AXIS2_PLACEMENT_3D('',#8905,#7101,#7102);
#6127=AXIS2_PLACEMENT_3D('',#8907,#7103,#7104);
#6128=AXIS2_PLACEMENT_3D('',#8908,#7105,#7106);
#6129=AXIS2_PLACEMENT_3D('',#8911,#7107,#7108);
#6130=AXIS2_PLACEMENT_3D('',#8915,#7110,#7111);
#6131=AXIS2_PLACEMENT_3D('',#8917,#7113,#7114);
#6132=AXIS2_PLACEMENT_3D('',#8920,#7115,#7116);
#6133=AXIS2_PLACEMENT_3D('',#8924,#7118,#7119);
#6134=AXIS2_PLACEMENT_3D('',#8926,#7121,#7122);
#6135=AXIS2_PLACEMENT_3D('',#8929,#7123,#7124);
#6136=AXIS2_PLACEMENT_3D('',#8933,#7126,#7127);
#6137=AXIS2_PLACEMENT_3D('',#8935,#7129,#7130);
#6138=AXIS2_PLACEMENT_3D('',#8937,#7131,#7132);
#6139=AXIS2_PLACEMENT_3D('',#8938,#7133,#7134);
#6140=AXIS2_PLACEMENT_3D('',#8940,#7135,#7136);
#6141=AXIS2_PLACEMENT_3D('',#8941,#7137,#7138);
#6142=AXIS2_PLACEMENT_3D('',#8944,#7139,#7140);
#6143=AXIS2_PLACEMENT_3D('',#8948,#7142,#7143);
#6144=AXIS2_PLACEMENT_3D('',#8950,#7145,#7146);
#6145=AXIS2_PLACEMENT_3D('',#8953,#7147,#7148);
#6146=AXIS2_PLACEMENT_3D('',#8957,#7150,#7151);
#6147=AXIS2_PLACEMENT_3D('',#8959,#7153,#7154);
#6148=AXIS2_PLACEMENT_3D('',#8962,#7155,#7156);
#6149=AXIS2_PLACEMENT_3D('',#8966,#7158,#7159);
#6150=AXIS2_PLACEMENT_3D('',#8968,#7161,#7162);
#6151=AXIS2_PLACEMENT_3D('',#8970,#7163,#7164);
#6152=AXIS2_PLACEMENT_3D('',#8971,#7165,#7166);
#6153=AXIS2_PLACEMENT_3D('',#8976,#7168,#7169);
#6154=AXIS2_PLACEMENT_3D('',#8980,#7171,#7172);
#6155=AXIS2_PLACEMENT_3D('',#8984,#7174,#7175);
#6156=AXIS2_PLACEMENT_3D('',#8987,#7177,#7178);
#6157=AXIS2_PLACEMENT_3D('',#8988,#7179,#7180);
#6158=AXIS2_PLACEMENT_3D('',#8991,#7182,#7183);
#6159=AXIS2_PLACEMENT_3D('',#8992,#7184,#7185);
#6160=AXIS2_PLACEMENT_3D('',#8996,#7187,#7188);
#6161=AXIS2_PLACEMENT_3D('',#8998,#7190,#7191);
#6162=AXIS2_PLACEMENT_3D('',#9002,#7194,#7195);
#6163=AXIS2_PLACEMENT_3D('',#9004,#7196,#7197);
#6164=AXIS2_PLACEMENT_3D('',#9006,#7199,#7200);
#6165=AXIS2_PLACEMENT_3D('',#9008,#7202,#7203);
#6166=AXIS2_PLACEMENT_3D('',#9012,#7205,#7206);
#6167=AXIS2_PLACEMENT_3D('',#9014,#7208,#7209);
#6168=AXIS2_PLACEMENT_3D('',#9018,#7212,#7213);
#6169=AXIS2_PLACEMENT_3D('',#9020,#7214,#7215);
#6170=AXIS2_PLACEMENT_3D('',#9022,#7217,#7218);
#6171=AXIS2_PLACEMENT_3D('',#9024,#7220,#7221);
#6172=AXIS2_PLACEMENT_3D('',#9028,#7223,#7224);
#6173=AXIS2_PLACEMENT_3D('',#9030,#7226,#7227);
#6174=AXIS2_PLACEMENT_3D('',#9034,#7230,#7231);
#6175=AXIS2_PLACEMENT_3D('',#9036,#7232,#7233);
#6176=AXIS2_PLACEMENT_3D('',#9038,#7235,#7236);
#6177=AXIS2_PLACEMENT_3D('',#9040,#7238,#7239);
#6178=AXIS2_PLACEMENT_3D('',#9043,#7241,#7242);
#6179=AXIS2_PLACEMENT_3D('',#9044,#7243,#7244);
#6180=AXIS2_PLACEMENT_3D('',#9047,#7246,#7247);
#6181=AXIS2_PLACEMENT_3D('',#9048,#7248,#7249);
#6182=AXIS2_PLACEMENT_3D('',#9052,#7251,#7252);
#6183=AXIS2_PLACEMENT_3D('',#9054,#7254,#7255);
#6184=AXIS2_PLACEMENT_3D('',#9058,#7258,#7259);
#6185=AXIS2_PLACEMENT_3D('',#9060,#7260,#7261);
#6186=AXIS2_PLACEMENT_3D('',#9062,#7263,#7264);
#6187=AXIS2_PLACEMENT_3D('',#9064,#7266,#7267);
#6188=AXIS2_PLACEMENT_3D('',#9068,#7269,#7270);
#6189=AXIS2_PLACEMENT_3D('',#9070,#7272,#7273);
#6190=AXIS2_PLACEMENT_3D('',#9074,#7276,#7277);
#6191=AXIS2_PLACEMENT_3D('',#9076,#7278,#7279);
#6192=AXIS2_PLACEMENT_3D('',#9078,#7281,#7282);
#6193=AXIS2_PLACEMENT_3D('',#9080,#7284,#7285);
#6194=AXIS2_PLACEMENT_3D('',#9084,#7287,#7288);
#6195=AXIS2_PLACEMENT_3D('',#9086,#7290,#7291);
#6196=AXIS2_PLACEMENT_3D('',#9090,#7294,#7295);
#6197=AXIS2_PLACEMENT_3D('',#9092,#7296,#7297);
#6198=AXIS2_PLACEMENT_3D('',#9094,#7299,#7300);
#6199=AXIS2_PLACEMENT_3D('',#9096,#7302,#7303);
#6200=AXIS2_PLACEMENT_3D('',#9099,#7305,#7306);
#6201=AXIS2_PLACEMENT_3D('',#9100,#7307,#7308);
#6202=AXIS2_PLACEMENT_3D('',#9103,#7311,#7312);
#6203=AXIS2_PLACEMENT_3D('',#9105,#7314,#7315);
#6204=AXIS2_PLACEMENT_3D('',#9107,#7317,#7318);
#6205=AXIS2_PLACEMENT_3D('',#9109,#7320,#7321);
#6206=AXIS2_PLACEMENT_3D('',#9111,#7323,#7324);
#6207=AXIS2_PLACEMENT_3D('',#9113,#7326,#7327);
#6208=AXIS2_PLACEMENT_3D('',#9115,#7329,#7330);
#6209=AXIS2_PLACEMENT_3D('',#9116,#7331,#7332);
#6210=AXIS2_PLACEMENT_3D('',#9129,#7338,#7339);
#6211=AXIS2_PLACEMENT_3D('',#9137,#7343,#7344);
#6212=AXIS2_PLACEMENT_3D('',#9145,#7348,#7349);
#6213=AXIS2_PLACEMENT_3D('',#9157,#7355,#7356);
#6214=AXIS2_PLACEMENT_3D('',#9165,#7360,#7361);
#6215=AXIS2_PLACEMENT_3D('',#9172,#7365,#7366);
#6216=AXIS2_PLACEMENT_3D('',#9173,#7367,#7368);
#6217=AXIS2_PLACEMENT_3D('',#9176,#7369,#7370);
#6218=AXIS2_PLACEMENT_3D('',#9180,#7372,#7373);
#6219=AXIS2_PLACEMENT_3D('',#9182,#7374,#7375);
#6220=AXIS2_PLACEMENT_3D('',#9189,#7379,#7380);
#6221=AXIS2_PLACEMENT_3D('',#9190,#7381,#7382);
#6222=AXIS2_PLACEMENT_3D('',#9199,#7387,#7388);
#6223=AXIS2_PLACEMENT_3D('',#9208,#7393,#7394);
#6224=AXIS2_PLACEMENT_3D('',#9217,#7399,#7400);
#6225=AXIS2_PLACEMENT_3D('',#9226,#7405,#7406);
#6226=AXIS2_PLACEMENT_3D('',#9235,#7411,#7412);
#6227=AXIS2_PLACEMENT_3D('',#9244,#7417,#7418);
#6228=AXIS2_PLACEMENT_3D('',#9253,#7423,#7424);
#6229=AXIS2_PLACEMENT_3D('',#9262,#7429,#7430);
#6230=AXIS2_PLACEMENT_3D('',#9271,#7435,#7436);
#6231=AXIS2_PLACEMENT_3D('',#9280,#7441,#7442);
#6232=AXIS2_PLACEMENT_3D('',#9289,#7447,#7448);
#6233=AXIS2_PLACEMENT_3D('',#9298,#7453,#7454);
#6234=AXIS2_PLACEMENT_3D('',#9307,#7458,#7459);
#6235=AXIS2_PLACEMENT_3D('',#9315,#7463,#7464);
#6236=AXIS2_PLACEMENT_3D('',#9327,#7470,#7471);
#6237=AXIS2_PLACEMENT_3D('',#9335,#7475,#7476);
#6238=AXIS2_PLACEMENT_3D('',#9343,#7480,#7481);
#6239=AXIS2_PLACEMENT_3D('',#9354,#7487,#7488);
#6240=AXIS2_PLACEMENT_3D('',#9355,#7489,#7490);
#6241=AXIS2_PLACEMENT_3D('',#9358,#7492,#7493);
#6242=AXIS2_PLACEMENT_3D('',#9359,#7494,#7495);
#6243=AXIS2_PLACEMENT_3D('',#9362,#7497,#7498);
#6244=AXIS2_PLACEMENT_3D('',#9363,#7499,#7500);
#6245=AXIS2_PLACEMENT_3D('',#9366,#7502,#7503);
#6246=AXIS2_PLACEMENT_3D('',#9367,#7504,#7505);
#6247=AXIS2_PLACEMENT_3D('',#9370,#7507,#7508);
#6248=AXIS2_PLACEMENT_3D('',#9371,#7509,#7510);
#6249=AXIS2_PLACEMENT_3D('',#9374,#7512,#7513);
#6250=AXIS2_PLACEMENT_3D('',#9375,#7514,#7515);
#6251=AXIS2_PLACEMENT_3D('',#9378,#7517,#7518);
#6252=AXIS2_PLACEMENT_3D('',#9379,#7519,#7520);
#6253=AXIS2_PLACEMENT_3D('',#9382,#7522,#7523);
#6254=AXIS2_PLACEMENT_3D('',#9383,#7524,#7525);
#6255=AXIS2_PLACEMENT_3D('',#9386,#7527,#7528);
#6256=AXIS2_PLACEMENT_3D('',#9387,#7529,#7530);
#6257=AXIS2_PLACEMENT_3D('',#9390,#7532,#7533);
#6258=AXIS2_PLACEMENT_3D('',#9391,#7534,#7535);
#6259=AXIS2_PLACEMENT_3D('',#9394,#7537,#7538);
#6260=AXIS2_PLACEMENT_3D('',#9395,#7539,#7540);
#6261=AXIS2_PLACEMENT_3D('',#9398,#7541,#7542);
#6262=AXIS2_PLACEMENT_3D('',#9402,#7544,#7545);
#6263=AXIS2_PLACEMENT_3D('',#9406,#7547,#7548);
#6264=AXIS2_PLACEMENT_3D('',#9410,#7550,#7551);
#6265=AXIS2_PLACEMENT_3D('',#9412,#7553,#7554);
#6266=AXIS2_PLACEMENT_3D('',#9415,#7557,#7558);
#6267=AXIS2_PLACEMENT_3D('',#9417,#7560,#7561);
#6268=AXIS2_PLACEMENT_3D('',#9419,#7563,#7564);
#6269=AXIS2_PLACEMENT_3D('',#9421,#7566,#7567);
#6270=AXIS2_PLACEMENT_3D('',#9423,#7569,#7570);
#6271=AXIS2_PLACEMENT_3D('',#9425,#7572,#7573);
#6272=AXIS2_PLACEMENT_3D('',#9427,#7575,#7576);
#6273=AXIS2_PLACEMENT_3D('',#9429,#7578,#7579);
#6274=AXIS2_PLACEMENT_3D('',#9431,#7581,#7582);
#6275=AXIS2_PLACEMENT_3D('',#9433,#7584,#7585);
#6276=AXIS2_PLACEMENT_3D('',#9435,#7587,#7588);
#6277=AXIS2_PLACEMENT_3D('',#9437,#7590,#7591);
#6278=AXIS2_PLACEMENT_3D('',#9439,#7593,#7594);
#6279=AXIS2_PLACEMENT_3D('',#9441,#7596,#7597);
#6280=AXIS2_PLACEMENT_3D('',#9443,#7599,#7600);
#6281=AXIS2_PLACEMENT_3D('',#9445,#7602,#7603);
#6282=AXIS2_PLACEMENT_3D('',#9447,#7605,#7606);
#6283=AXIS2_PLACEMENT_3D('',#9449,#7608,#7609);
#6284=AXIS2_PLACEMENT_3D('',#9451,#7611,#7612);
#6285=AXIS2_PLACEMENT_3D('',#9453,#7614,#7615);
#6286=AXIS2_PLACEMENT_3D('',#9455,#7617,#7618);
#6287=AXIS2_PLACEMENT_3D('',#9457,#7620,#7621);
#6288=AXIS2_PLACEMENT_3D('',#9459,#7623,#7624);
#6289=AXIS2_PLACEMENT_3D('',#9461,#7626,#7627);
#6290=AXIS2_PLACEMENT_3D('',#9463,#7629,#7630);
#6291=AXIS2_PLACEMENT_3D('',#9465,#7632,#7633);
#6292=AXIS2_PLACEMENT_3D('',#9467,#7635,#7636);
#6293=AXIS2_PLACEMENT_3D('',#9468,#7637,#7638);
#6294=AXIS2_PLACEMENT_3D('',#9471,#7641,#7642);
#6295=AXIS2_PLACEMENT_3D('',#9474,#7645,#7646);
#6296=AXIS2_PLACEMENT_3D('',#9476,#7648,#7649);
#6297=AXIS2_PLACEMENT_3D('',#9478,#7651,#7652);
#6298=AXIS2_PLACEMENT_3D('',#9480,#7654,#7655);
#6299=AXIS2_PLACEMENT_3D('',#9482,#7657,#7658);
#6300=AXIS2_PLACEMENT_3D('',#9485,#7661,#7662);
#6301=AXIS2_PLACEMENT_3D('',#9487,#7664,#7665);
#6302=AXIS2_PLACEMENT_3D('',#9489,#7667,#7668);
#6303=AXIS2_PLACEMENT_3D('',#9490,#7669,#7670);
#6304=AXIS2_PLACEMENT_3D('',#9493,#7673,#7674);
#6305=AXIS2_PLACEMENT_3D('',#9495,#7676,#7677);
#6306=AXIS2_PLACEMENT_3D('',#9497,#7679,#7680);
#6307=AXIS2_PLACEMENT_3D('',#9498,#7681,#7682);
#6308=AXIS2_PLACEMENT_3D('',#9501,#7685,#7686);
#6309=AXIS2_PLACEMENT_3D('',#9503,#7688,#7689);
#6310=AXIS2_PLACEMENT_3D('',#9505,#7691,#7692);
#6311=AXIS2_PLACEMENT_3D('',#9506,#7693,#7694);
#6312=AXIS2_PLACEMENT_3D('',#9509,#7697,#7698);
#6313=AXIS2_PLACEMENT_3D('',#9511,#7700,#7701);
#6314=AXIS2_PLACEMENT_3D('',#9513,#7703,#7704);
#6315=AXIS2_PLACEMENT_3D('',#9514,#7705,#7706);
#6316=AXIS2_PLACEMENT_3D('',#9517,#7709,#7710);
#6317=AXIS2_PLACEMENT_3D('',#9519,#7712,#7713);
#6318=AXIS2_PLACEMENT_3D('',#9521,#7715,#7716);
#6319=AXIS2_PLACEMENT_3D('',#9522,#7717,#7718);
#6320=AXIS2_PLACEMENT_3D('',#9525,#7721,#7722);
#6321=AXIS2_PLACEMENT_3D('',#9527,#7724,#7725);
#6322=AXIS2_PLACEMENT_3D('',#9529,#7727,#7728);
#6323=AXIS2_PLACEMENT_3D('',#9530,#7729,#7730);
#6324=AXIS2_PLACEMENT_3D('',#9536,#7734,#7735);
#6325=AXIS2_PLACEMENT_3D('',#9539,#7738,#7739);
#6326=AXIS2_PLACEMENT_3D('',#9541,#7741,#7742);
#6327=AXIS2_PLACEMENT_3D('',#9543,#7744,#7745);
#6328=AXIS2_PLACEMENT_3D('',#9544,#7746,#7747);
#6329=AXIS2_PLACEMENT_3D('',#9547,#7750,#7751);
#6330=AXIS2_PLACEMENT_3D('',#9549,#7753,#7754);
#6331=AXIS2_PLACEMENT_3D('',#9551,#7756,#7757);
#6332=AXIS2_PLACEMENT_3D('',#9552,#7758,#7759);
#6333=AXIS2_PLACEMENT_3D('',#9555,#7762,#7763);
#6334=AXIS2_PLACEMENT_3D('',#9557,#7765,#7766);
#6335=AXIS2_PLACEMENT_3D('',#9559,#7768,#7769);
#6336=AXIS2_PLACEMENT_3D('',#9560,#7770,#7771);
#6337=AXIS2_PLACEMENT_3D('',#9563,#7774,#7775);
#6338=AXIS2_PLACEMENT_3D('',#9565,#7777,#7778);
#6339=AXIS2_PLACEMENT_3D('',#9567,#7780,#7781);
#6340=AXIS2_PLACEMENT_3D('',#9568,#7782,#7783);
#6341=AXIS2_PLACEMENT_3D('',#9571,#7786,#7787);
#6342=AXIS2_PLACEMENT_3D('',#9573,#7789,#7790);
#6343=AXIS2_PLACEMENT_3D('',#9575,#7792,#7793);
#6344=AXIS2_PLACEMENT_3D('',#9576,#7794,#7795);
#6345=AXIS2_PLACEMENT_3D('',#9579,#7798,#7799);
#6346=AXIS2_PLACEMENT_3D('',#9581,#7801,#7802);
#6347=AXIS2_PLACEMENT_3D('',#9583,#7804,#7805);
#6348=AXIS2_PLACEMENT_3D('',#9584,#7806,#7807);
#6349=AXIS2_PLACEMENT_3D('',#9590,#7811,#7812);
#6350=AXIS2_PLACEMENT_3D('',#9593,#7815,#7816);
#6351=AXIS2_PLACEMENT_3D('',#9595,#7818,#7819);
#6352=AXIS2_PLACEMENT_3D('',#9597,#7821,#7822);
#6353=AXIS2_PLACEMENT_3D('',#9599,#7824,#7825);
#6354=AXIS2_PLACEMENT_3D('',#9601,#7827,#7828);
#6355=AXIS2_PLACEMENT_3D('',#9603,#7830,#7831);
#6356=AXIS2_PLACEMENT_3D('',#9605,#7833,#7834);
#6357=AXIS2_PLACEMENT_3D('',#9607,#7836,#7837);
#6358=AXIS2_PLACEMENT_3D('',#9609,#7839,#7840);
#6359=AXIS2_PLACEMENT_3D('',#9611,#7842,#7843);
#6360=AXIS2_PLACEMENT_3D('',#9613,#7845,#7846);
#6361=AXIS2_PLACEMENT_3D('',#9615,#7848,#7849);
#6362=AXIS2_PLACEMENT_3D('',#9617,#7851,#7852);
#6363=AXIS2_PLACEMENT_3D('',#9619,#7854,#7855);
#6364=AXIS2_PLACEMENT_3D('',#9621,#7857,#7858);
#6365=AXIS2_PLACEMENT_3D('',#9623,#7860,#7861);
#6366=AXIS2_PLACEMENT_3D('',#9625,#7863,#7864);
#6367=AXIS2_PLACEMENT_3D('',#9627,#7866,#7867);
#6368=AXIS2_PLACEMENT_3D('',#9629,#7869,#7870);
#6369=AXIS2_PLACEMENT_3D('',#9631,#7872,#7873);
#6370=AXIS2_PLACEMENT_3D('',#9633,#7875,#7876);
#6371=AXIS2_PLACEMENT_3D('',#9635,#7878,#7879);
#6372=AXIS2_PLACEMENT_3D('',#9637,#7881,#7882);
#6373=AXIS2_PLACEMENT_3D('',#9639,#7884,#7885);
#6374=AXIS2_PLACEMENT_3D('',#9641,#7887,#7888);
#6375=AXIS2_PLACEMENT_3D('',#9643,#7890,#7891);
#6376=AXIS2_PLACEMENT_3D('',#9645,#7893,#7894);
#6377=AXIS2_PLACEMENT_3D('',#9646,#7895,#7896);
#6378=AXIS2_PLACEMENT_3D('',#9652,#7900,#7901);
#6379=AXIS2_PLACEMENT_3D('',#9656,#7904,#7905);
#6380=AXIS2_PLACEMENT_3D('',#9660,#7908,#7909);
#6381=AXIS2_PLACEMENT_3D('',#9663,#7910,#7911);
#6382=AXIS2_PLACEMENT_3D('',#9667,#7913,#7914);
#6383=AXIS2_PLACEMENT_3D('',#9687,#7925,#7926);
#6384=AXIS2_PLACEMENT_3D('',#9689,#7927,#7928);
#6385=AXIS2_PLACEMENT_3D('',#9690,#7929,#7930);
#6386=AXIS2_PLACEMENT_3D('',#9693,#7933,#7934);
#6387=AXIS2_PLACEMENT_3D('',#9695,#7936,#7937);
#6388=AXIS2_PLACEMENT_3D('',#9697,#7939,#7940);
#6389=AXIS2_PLACEMENT_3D('',#9699,#7942,#7943);
#6390=AXIS2_PLACEMENT_3D('',#9701,#7945,#7946);
#6391=AXIS2_PLACEMENT_3D('',#9703,#7948,#7949);
#6392=AXIS2_PLACEMENT_3D('',#9705,#7951,#7952);
#6393=AXIS2_PLACEMENT_3D('',#9706,#7953,#7954);
#6394=AXIS2_PLACEMENT_3D('',#9712,#7958,#7959);
#6395=AXIS2_PLACEMENT_3D('',#9714,#7960,#7961);
#6396=AXIS2_PLACEMENT_3D('',#9716,#7963,#7964);
#6397=AXIS2_PLACEMENT_3D('',#9720,#7967,#7968);
#6398=AXIS2_PLACEMENT_3D('',#9724,#7971,#7972);
#6399=AXIS2_PLACEMENT_3D('',#9728,#7975,#7976);
#6400=AXIS2_PLACEMENT_3D('',#9730,#7978,#7979);
#6401=AXIS2_PLACEMENT_3D('',#9736,#7983,#7984);
#6402=AXIS2_PLACEMENT_3D('',#9740,#7987,#7988);
#6403=AXIS2_PLACEMENT_3D('',#9741,#7989,#7990);
#6404=AXIS2_PLACEMENT_3D('',#9742,#7991,#7992);
#6405=AXIS2_PLACEMENT_3D('',#9743,#7993,#7994);
#6406=AXIS2_PLACEMENT_3D('',#9749,#7998,#7999);
#6407=AXIS2_PLACEMENT_3D('',#9751,#8000,#8001);
#6408=AXIS2_PLACEMENT_3D('',#9752,#8002,#8003);
#6409=AXIS2_PLACEMENT_3D('',#9754,#8004,#8005);
#6410=AXIS2_PLACEMENT_3D('',#9756,#8006,#8007);
#6411=AXIS2_PLACEMENT_3D('',#9758,#8009,#8010);
#6412=AXIS2_PLACEMENT_3D('',#9760,#8012,#8013);
#6413=AXIS2_PLACEMENT_3D('',#9762,#8015,#8016);
#6414=AXIS2_PLACEMENT_3D('',#9764,#8018,#8019);
#6415=AXIS2_PLACEMENT_3D('',#9767,#8022,#8023);
#6416=AXIS2_PLACEMENT_3D('',#9769,#8025,#8026);
#6417=AXIS2_PLACEMENT_3D('',#9771,#8028,#8029);
#6418=AXIS2_PLACEMENT_3D('',#9773,#8031,#8032);
#6419=AXIS2_PLACEMENT_3D('',#9775,#8034,#8035);
#6420=AXIS2_PLACEMENT_3D('',#9777,#8037,#8038);
#6421=AXIS2_PLACEMENT_3D('',#9779,#8040,#8041);
#6422=AXIS2_PLACEMENT_3D('',#9781,#8043,#8044);
#6423=AXIS2_PLACEMENT_3D('',#9783,#8046,#8047);
#6424=AXIS2_PLACEMENT_3D('',#9786,#8050,#8051);
#6425=AXIS2_PLACEMENT_3D('',#9787,#8052,#8053);
#6426=AXIS2_PLACEMENT_3D('',#9788,#8054,#8055);
#6427=AXIS2_PLACEMENT_3D('',#9789,#8056,#8057);
#6428=AXIS2_PLACEMENT_3D('',#9790,#8058,#8059);
#6429=AXIS2_PLACEMENT_3D('',#9794,#8061,#8062);
#6430=AXIS2_PLACEMENT_3D('',#9795,#8063,#8064);
#6431=AXIS2_PLACEMENT_3D('',#9796,#8065,#8066);
#6432=AXIS2_PLACEMENT_3D('',#9797,#8067,#8068);
#6433=AXIS2_PLACEMENT_3D('',#9798,#8069,#8070);
#6434=AXIS2_PLACEMENT_3D('',#9799,#8071,#8072);
#6435=AXIS2_PLACEMENT_3D('',#9800,#8073,#8074);
#6436=AXIS2_PLACEMENT_3D('',#9801,#8075,#8076);
#6437=AXIS2_PLACEMENT_3D('',#9802,#8077,#8078);
#6438=AXIS2_PLACEMENT_3D('',#9803,#8079,#8080);
#6439=AXIS2_PLACEMENT_3D('',#9804,#8081,#8082);
#6440=AXIS2_PLACEMENT_3D('',#9805,#8083,#8084);
#6441=AXIS2_PLACEMENT_3D('',#9807,#8086,#8087);
#6442=AXIS2_PLACEMENT_3D('',#9809,#8089,#8090);
#6443=AXIS2_PLACEMENT_3D('',#9811,#8092,#8093);
#6444=AXIS2_PLACEMENT_3D('',#9813,#8095,#8096);
#6445=AXIS2_PLACEMENT_3D('',#9814,#8097,#8098);
#6446=AXIS2_PLACEMENT_3D('',#9816,#8100,#8101);
#6447=AXIS2_PLACEMENT_3D('',#9818,#8103,#8104);
#6448=AXIS2_PLACEMENT_3D('',#9819,#8105,#8106);
#6449=AXIS2_PLACEMENT_3D('',#9820,#8107,#8108);
#6450=AXIS2_PLACEMENT_3D('',#9821,#8109,#8110);
#6451=AXIS2_PLACEMENT_3D('',#9822,#8111,#8112);
#6452=DIRECTION('axis',(0.,0.,1.));
#6453=DIRECTION('refdir',(1.,0.,0.));
#6454=DIRECTION('axis',(0.,0.,1.));
#6455=DIRECTION('refdir',(1.,0.,0.));
#6456=DIRECTION('center_axis',(0.,0.,1.));
#6457=DIRECTION('ref_axis',(1.,0.,0.));
#6458=DIRECTION('center_axis',(0.,0.,1.));
#6459=DIRECTION('ref_axis',(-0.707106781186541,0.707106781186554,0.));
#6460=DIRECTION('',(0.,1.,0.));
#6461=DIRECTION('center_axis',(0.,0.,1.));
#6462=DIRECTION('ref_axis',(-0.707106781186548,-0.707106781186548,0.));
#6463=DIRECTION('',(-6.10622663543836E-16,1.,0.));
#6464=DIRECTION('center_axis',(0.,0.,1.));
#6465=DIRECTION('ref_axis',(1.,0.,0.));
#6466=DIRECTION('center_axis',(0.,0.,1.));
#6467=DIRECTION('ref_axis',(-0.707106781186548,-0.707106781186548,0.));
#6468=DIRECTION('',(0.,1.,0.));
#6469=DIRECTION('center_axis',(0.,0.,-1.));
#6470=DIRECTION('ref_axis',(1.,0.,0.));
#6471=DIRECTION('',(0.,1.,0.));
#6472=DIRECTION('',(-1.,-6.10622663543836E-16,0.));
#6473=DIRECTION('center_axis',(-1.66533453693773E-16,-1.94289029309403E-16,
1.));
#6474=DIRECTION('ref_axis',(-0.707106781186548,-0.707106781186548,0.));
#6475=DIRECTION('center_axis',(0.,0.,-1.));
#6476=DIRECTION('ref_axis',(-0.707106781186548,-0.707106781186548,0.));
#6477=DIRECTION('',(-1.66533453693773E-16,-1.94289029309403E-16,1.));
#6478=DIRECTION('',(1.66533453693773E-16,1.94289029309403E-16,-1.));
#6479=DIRECTION('center_axis',(-1.,-6.10622663543836E-16,-1.66533453693774E-16));
#6480=DIRECTION('ref_axis',(6.10622663543836E-16,-1.,-1.18907529919539E-16));
#6481=DIRECTION('',(-6.10622663543836E-16,1.,0.));
#6482=DIRECTION('',(1.66533453693773E-16,1.94289029309403E-16,-1.));
#6483=DIRECTION('center_axis',(-1.66533453693773E-16,-1.94289029309403E-16,
1.));
#6484=DIRECTION('ref_axis',(-0.707106781186541,0.707106781186554,0.));
#6485=DIRECTION('center_axis',(0.,0.,-1.));
#6486=DIRECTION('ref_axis',(-0.707106781186541,0.707106781186554,0.));
#6487=DIRECTION('',(-1.66533453693773E-16,-1.94289029309403E-16,1.));
#6488=DIRECTION('center_axis',(0.,0.,1.));
#6489=DIRECTION('ref_axis',(-0.707106781186541,0.707106781186554,0.));
#6490=DIRECTION('center_axis',(-6.10622663543836E-16,1.,1.94289029309403E-16));
#6491=DIRECTION('ref_axis',(-1.,-6.10622663543836E-16,-1.77624026398842E-16));
#6492=DIRECTION('',(1.,6.10622663543836E-16,0.));
#6493=DIRECTION('',(1.66533453693773E-16,1.94289029309403E-16,-1.));
#6494=DIRECTION('',(1.,6.10622663543836E-16,0.));
#6495=DIRECTION('center_axis',(0.,0.,1.));
#6496=DIRECTION('ref_axis',(1.,0.,0.));
#6497=DIRECTION('',(1.,0.,0.));
#6498=DIRECTION('',(0.,-1.,0.));
#6499=DIRECTION('',(1.,0.,0.));
#6500=DIRECTION('',(0.,1.,0.));
#6501=DIRECTION('',(0.,1.,0.));
#6502=DIRECTION('center_axis',(0.,0.,1.));
#6503=DIRECTION('ref_axis',(0.707106781186554,0.707106781186541,0.));
#6504=DIRECTION('',(6.10622663543836E-16,-1.,0.));
#6505=DIRECTION('center_axis',(0.,0.,1.));
#6506=DIRECTION('ref_axis',(0.707106781186548,-0.707106781186548,0.));
#6507=DIRECTION('',(-1.,-6.10622663543836E-16,0.));
#6508=DIRECTION('',(0.,1.,0.));
#6509=DIRECTION('',(1.,0.,0.));
#6510=DIRECTION('center_axis',(0.,0.,1.));
#6511=DIRECTION('ref_axis',(1.,0.,0.));
#6512=DIRECTION('',(1.,0.,0.));
#6513=DIRECTION('',(0.,1.,0.));
#6514=DIRECTION('',(1.,0.,0.));
#6515=DIRECTION('center_axis',(0.,0.,-1.));
#6516=DIRECTION('ref_axis',(1.,0.,0.));
#6517=DIRECTION('',(0.,1.,0.));
#6518=DIRECTION('center_axis',(0.,0.,1.));
#6519=DIRECTION('ref_axis',(0.898717034272915,0.438529009653518,0.));
#6520=DIRECTION('',(0.,1.,0.));
#6521=DIRECTION('',(1.,0.,0.));
#6522=DIRECTION('',(0.,1.,0.));
#6523=DIRECTION('',(1.,0.,0.));
#6524=DIRECTION('',(0.,1.,0.));
#6525=DIRECTION('center_axis',(0.,0.,1.));
#6526=DIRECTION('ref_axis',(-0.438529009653513,-0.898717034272918,0.));
#6527=DIRECTION('',(0.,1.,0.));
#6528=DIRECTION('',(1.,0.,0.));
#6529=DIRECTION('',(0.,1.,0.));
#6530=DIRECTION('center_axis',(0.,0.,1.));
#6531=DIRECTION('ref_axis',(-0.707106781186548,-0.707106781186548,0.));
#6532=DIRECTION('',(0.,1.,0.));
#6533=DIRECTION('',(1.,0.,0.));
#6534=DIRECTION('',(0.,1.,0.));
#6535=DIRECTION('center_axis',(0.,0.,1.));
#6536=DIRECTION('ref_axis',(-0.898717034272915,-0.438529009653518,0.));
#6537=DIRECTION('',(0.,1.,0.));
#6538=DIRECTION('',(1.,0.,0.));
#6539=DIRECTION('',(0.,1.,0.));
#6540=DIRECTION('',(1.,0.,0.));
#6541=DIRECTION('',(0.,1.,0.));
#6542=DIRECTION('center_axis',(0.,0.,1.));
#6543=DIRECTION('ref_axis',(0.438529009653517,0.898717034272916,0.));
#6544=DIRECTION('',(0.,1.,0.));
#6545=DIRECTION('',(1.,0.,0.));
#6546=DIRECTION('',(0.,1.,0.));
#6547=DIRECTION('center_axis',(0.,0.,1.));
#6548=DIRECTION('ref_axis',(0.707106781186548,0.707106781186548,0.));
#6549=DIRECTION('',(0.,1.,0.));
#6550=DIRECTION('',(1.,0.,0.));
#6551=DIRECTION('',(1.,0.,0.));
#6552=DIRECTION('center_axis',(0.,0.,-1.));
#6553=DIRECTION('ref_axis',(1.,0.,0.));
#6554=DIRECTION('center_axis',(0.,0.,-1.));
#6555=DIRECTION('ref_axis',(1.,0.,0.));
#6556=DIRECTION('',(0.,1.,0.));
#6557=DIRECTION('center_axis',(0.,0.,-1.));
#6558=DIRECTION('ref_axis',(1.,0.,0.));
#6559=DIRECTION('center_axis',(0.,0.,-1.));
#6560=DIRECTION('ref_axis',(1.,0.,0.));
#6561=DIRECTION('',(1.,0.,0.));
#6562=DIRECTION('',(0.,1.,0.));
#6563=DIRECTION('',(1.,0.,0.));
#6564=DIRECTION('',(0.,1.,0.));
#6565=DIRECTION('',(1.,0.,0.));
#6566=DIRECTION('',(0.,1.,0.));
#6567=DIRECTION('',(1.,0.,0.));
#6568=DIRECTION('',(0.,1.,0.));
#6569=DIRECTION('',(1.,0.,0.));
#6570=DIRECTION('',(0.,1.,0.));
#6571=DIRECTION('',(1.,0.,0.));
#6572=DIRECTION('',(0.,1.,0.));
#6573=DIRECTION('',(1.,0.,0.));
#6574=DIRECTION('',(0.,1.,0.));
#6575=DIRECTION('',(1.,0.,0.));
#6576=DIRECTION('',(0.,1.,0.));
#6577=DIRECTION('',(1.,0.,0.));
#6578=DIRECTION('',(0.,1.,0.));
#6579=DIRECTION('',(1.,0.,0.));
#6580=DIRECTION('',(0.,1.,0.));
#6581=DIRECTION('',(1.,0.,0.));
#6582=DIRECTION('',(0.,1.,0.));
#6583=DIRECTION('',(1.,0.,0.));
#6584=DIRECTION('',(0.,1.,0.));
#6585=DIRECTION('',(1.,0.,0.));
#6586=DIRECTION('',(0.,1.,0.));
#6587=DIRECTION('',(1.,0.,0.));
#6588=DIRECTION('',(0.,1.,0.));
#6589=DIRECTION('',(1.,0.,0.));
#6590=DIRECTION('',(0.,1.,0.));
#6591=DIRECTION('',(1.,0.,0.));
#6592=DIRECTION('',(0.,1.,0.));
#6593=DIRECTION('',(1.,0.,0.));
#6594=DIRECTION('',(0.,1.,0.));
#6595=DIRECTION('',(1.,0.,0.));
#6596=DIRECTION('',(0.,1.,0.));
#6597=DIRECTION('',(1.,0.,0.));
#6598=DIRECTION('',(0.,1.,0.));
#6599=DIRECTION('',(1.,0.,0.));
#6600=DIRECTION('',(0.,1.,0.));
#6601=DIRECTION('',(1.,0.,0.));
#6602=DIRECTION('',(0.,1.,0.));
#6603=DIRECTION('',(1.,0.,0.));
#6604=DIRECTION('',(0.,1.,0.));
#6605=DIRECTION('',(1.,0.,0.));
#6606=DIRECTION('',(0.,1.,0.));
#6607=DIRECTION('',(0.,1.,0.));
#6608=DIRECTION('',(1.,0.,0.));
#6609=DIRECTION('center_axis',(0.,0.,-1.));
#6610=DIRECTION('ref_axis',(1.,0.,0.));
#6611=DIRECTION('',(0.,1.,0.));
#6612=DIRECTION('center_axis',(0.,0.,-1.));
#6613=DIRECTION('ref_axis',(1.,0.,0.));
#6614=DIRECTION('',(1.,0.,0.));
#6615=DIRECTION('',(1.,0.,0.));
#6616=DIRECTION('',(0.,1.,0.));
#6617=DIRECTION('center_axis',(0.,0.,1.));
#6618=DIRECTION('ref_axis',(0.898717034272917,0.438529009653515,0.));
#6619=DIRECTION('',(0.,1.,0.));
#6620=DIRECTION('',(1.,0.,0.));
#6621=DIRECTION('',(0.,1.,0.));
#6622=DIRECTION('',(1.,0.,0.));
#6623=DIRECTION('',(0.,1.,0.));
#6624=DIRECTION('center_axis',(0.,0.,1.));
#6625=DIRECTION('ref_axis',(-0.438529009653513,-0.898717034272918,0.));
#6626=DIRECTION('',(0.,1.,0.));
#6627=DIRECTION('',(1.,0.,0.));
#6628=DIRECTION('',(0.,1.,0.));
#6629=DIRECTION('center_axis',(0.,0.,1.));
#6630=DIRECTION('ref_axis',(-0.707106781186548,-0.707106781186548,0.));
#6631=DIRECTION('',(0.,1.,0.));
#6632=DIRECTION('',(1.,0.,0.));
#6633=DIRECTION('',(0.,1.,0.));
#6634=DIRECTION('center_axis',(0.,0.,1.));
#6635=DIRECTION('ref_axis',(-0.898717034272915,-0.438529009653518,0.));
#6636=DIRECTION('',(0.,1.,0.));
#6637=DIRECTION('',(1.,0.,0.));
#6638=DIRECTION('',(0.,1.,0.));
#6639=DIRECTION('',(1.,0.,0.));
#6640=DIRECTION('',(0.,1.,0.));
#6641=DIRECTION('center_axis',(0.,0.,1.));
#6642=DIRECTION('ref_axis',(0.438529009653517,0.898717034272916,0.));
#6643=DIRECTION('',(0.,1.,0.));
#6644=DIRECTION('',(1.,0.,0.));
#6645=DIRECTION('',(0.,1.,0.));
#6646=DIRECTION('center_axis',(0.,0.,1.));
#6647=DIRECTION('ref_axis',(0.707106781186548,0.707106781186548,0.));
#6648=DIRECTION('',(0.,1.,0.));
#6649=DIRECTION('',(0.,-1.,0.));
#6650=DIRECTION('',(1.,0.,0.));
#6651=DIRECTION('',(0.,1.,0.));
#6652=DIRECTION('',(1.,0.,0.));
#6653=DIRECTION('center_axis',(6.10622663543836E-16,-1.,-1.94289029309403E-16));
#6654=DIRECTION('ref_axis',(1.,6.10622663543836E-16,1.77624026398842E-16));
#6655=DIRECTION('',(0.,1.94289029309403E-16,-1.));
#6656=DIRECTION('',(1.,6.10622663543836E-16,0.));
#6657=DIRECTION('',(0.,-1.94289029309403E-16,1.));
#6658=DIRECTION('',(-1.66533453693773E-16,-1.94289029309403E-16,1.));
#6659=DIRECTION('',(1.,6.10622663543836E-16,0.));
#6660=DIRECTION('center_axis',(1.66533453693773E-16,1.94289029309403E-16,
-1.));
#6661=DIRECTION('ref_axis',(0.707106781186554,0.707106781186541,0.));
#6662=DIRECTION('center_axis',(0.,0.,-1.));
#6663=DIRECTION('ref_axis',(0.707106781186554,0.707106781186541,0.));
#6664=DIRECTION('',(-1.66533453693773E-16,-1.94289029309403E-16,1.));
#6665=DIRECTION('center_axis',(1.66533453693773E-16,1.94289029309403E-16,
-1.));
#6666=DIRECTION('ref_axis',(0.707106781186548,-0.707106781186548,0.));
#6667=DIRECTION('',(1.66533453693773E-16,1.94289029309403E-16,-1.));
#6668=DIRECTION('center_axis',(0.,0.,-1.));
#6669=DIRECTION('ref_axis',(0.707106781186548,-0.707106781186548,0.));
#6670=DIRECTION('center_axis',(1.,6.10622663543836E-16,1.66533453693774E-16));
#6671=DIRECTION('ref_axis',(-6.10622663543836E-16,1.,1.18907529919539E-16));
#6672=DIRECTION('',(6.10622663543836E-16,-1.,0.));
#6673=DIRECTION('center_axis',(1.,0.,0.));
#6674=DIRECTION('ref_axis',(0.,0.,1.));
#6675=DIRECTION('',(0.,0.,-1.));
#6676=DIRECTION('',(0.,1.,0.));
#6677=DIRECTION('center_axis',(0.,0.,-1.));
#6678=DIRECTION('ref_axis',(0.707106781186546,-0.707106781186549,0.));
#6679=DIRECTION('center_axis',(0.,0.,-1.));
#6680=DIRECTION('ref_axis',(0.707106781186546,-0.707106781186549,0.));
#6681=DIRECTION('',(0.,0.,-1.));
#6682=DIRECTION('center_axis',(0.,0.,-1.));
#6683=DIRECTION('ref_axis',(0.707106781186546,-0.707106781186549,0.));
#6684=DIRECTION('',(0.,0.,1.));
#6685=DIRECTION('center_axis',(0.,1.,0.));
#6686=DIRECTION('ref_axis',(0.,0.,1.));
#6687=DIRECTION('',(-1.,0.,0.));
#6688=DIRECTION('',(0.,0.,-1.));
#6689=DIRECTION('',(1.,0.,0.));
#6690=DIRECTION('',(0.,0.,-1.));
#6691=DIRECTION('',(1.,0.,0.));
#6692=DIRECTION('',(0.,0.,-1.));
#6693=DIRECTION('',(1.,0.,0.));
#6694=DIRECTION('center_axis',(0.,0.,1.));
#6695=DIRECTION('ref_axis',(0.707106781186548,0.707106781186548,0.));
#6696=DIRECTION('center_axis',(0.,0.,-1.));
#6697=DIRECTION('ref_axis',(0.707106781186548,0.707106781186548,0.));
#6698=DIRECTION('',(0.,0.,-1.));
#6699=DIRECTION('center_axis',(0.,0.,-1.));
#6700=DIRECTION('ref_axis',(0.707106781186548,0.707106781186548,0.));
#6701=DIRECTION('',(0.,0.,1.));
#6702=DIRECTION('center_axis',(1.,1.25535413093929E-32,0.));
#6703=DIRECTION('ref_axis',(0.,0.,1.));
#6704=DIRECTION('',(1.25535413093929E-32,-1.,0.));
#6705=DIRECTION('',(1.25535413093929E-32,-1.,0.));
#6706=DIRECTION('center_axis',(1.,1.25535413093929E-32,0.));
#6707=DIRECTION('ref_axis',(0.,1.,0.));
#6708=DIRECTION('center_axis',(1.,1.25535413093929E-32,0.));
#6709=DIRECTION('ref_axis',(0.,1.,0.));
#6710=DIRECTION('center_axis',(1.,1.25535413093929E-32,0.));
#6711=DIRECTION('ref_axis',(-1.25535413093929E-32,1.,0.));
#6712=DIRECTION('center_axis',(1.,1.25535413093929E-32,0.));
#6713=DIRECTION('ref_axis',(0.,1.,0.));
#6714=DIRECTION('center_axis',(1.,1.25535413093929E-32,0.));
#6715=DIRECTION('ref_axis',(0.,1.,0.));
#6716=DIRECTION('center_axis',(1.,1.25535413093929E-32,0.));
#6717=DIRECTION('ref_axis',(0.,1.,0.));
#6718=DIRECTION('center_axis',(1.,1.25535413093929E-32,0.));
#6719=DIRECTION('ref_axis',(0.,1.,0.));
#6720=DIRECTION('center_axis',(1.,1.25535413093929E-32,0.));
#6721=DIRECTION('ref_axis',(-1.25535413093929E-32,1.,0.));
#6722=DIRECTION('center_axis',(1.,1.25535413093929E-32,0.));
#6723=DIRECTION('ref_axis',(0.,1.,0.));
#6724=DIRECTION('center_axis',(1.,1.25535413093929E-32,0.));
#6725=DIRECTION('ref_axis',(0.,1.,0.));
#6726=DIRECTION('center_axis',(0.,1.,0.));
#6727=DIRECTION('ref_axis',(0.,0.,1.));
#6728=DIRECTION('',(1.,0.,0.));
#6729=DIRECTION('',(0.,0.,1.));
#6730=DIRECTION('',(-1.,0.,0.));
#6731=DIRECTION('',(0.,0.,1.));
#6732=DIRECTION('',(-1.,0.,0.));
#6733=DIRECTION('',(0.,0.,1.));
#6734=DIRECTION('',(-1.,0.,0.));
#6735=DIRECTION('center_axis',(0.,0.,1.));
#6736=DIRECTION('ref_axis',(1.,0.,0.));
#6737=DIRECTION('center_axis',(0.,0.,-1.));
#6738=DIRECTION('ref_axis',(-0.707106781186549,-0.707106781186546,0.));
#6739=DIRECTION('',(0.,-1.,0.));
#6740=DIRECTION('center_axis',(0.,0.,-1.));
#6741=DIRECTION('ref_axis',(-0.707106781186551,0.707106781186544,0.));
#6742=DIRECTION('center_axis',(0.,0.,-1.));
#6743=DIRECTION('ref_axis',(1.,0.,0.));
#6744=DIRECTION('center_axis',(0.,0.,-1.));
#6745=DIRECTION('ref_axis',(1.,0.,0.));
#6746=DIRECTION('center_axis',(0.,0.,1.));
#6747=DIRECTION('ref_axis',(0.,-1.,0.));
#6748=DIRECTION('',(1.,0.,0.));
#6749=DIRECTION('center_axis',(0.,0.,-1.));
#6750=DIRECTION('ref_axis',(0.,-1.,0.));
#6751=DIRECTION('',(0.,1.,0.));
#6752=DIRECTION('center_axis',(0.,0.,1.));
#6753=DIRECTION('ref_axis',(0.,-1.,0.));
#6754=DIRECTION('',(1.,0.,0.));
#6755=DIRECTION('center_axis',(0.,0.,-1.));
#6756=DIRECTION('ref_axis',(0.,-1.,0.));
#6757=DIRECTION('',(0.,1.,0.));
#6758=DIRECTION('center_axis',(0.,0.,1.));
#6759=DIRECTION('ref_axis',(0.707106781186544,-0.707106781186551,0.));
#6760=DIRECTION('center_axis',(0.,0.,-1.));
#6761=DIRECTION('ref_axis',(0.707106781186544,-0.707106781186551,0.));
#6762=DIRECTION('',(0.,0.,-1.));
#6763=DIRECTION('center_axis',(1.77624026398841E-16,1.18907529919539E-16,
-1.));
#6764=DIRECTION('ref_axis',(0.707106781186544,-0.707106781186551,0.));
#6765=DIRECTION('',(0.,0.,1.));
#6766=DIRECTION('center_axis',(0.,0.,1.));
#6767=DIRECTION('ref_axis',(1.,0.,0.));
#6768=DIRECTION('',(-1.,-6.10622663543836E-16,0.));
#6769=DIRECTION('center_axis',(0.,0.,-1.));
#6770=DIRECTION('ref_axis',(0.707106781186548,-0.707106781186548,0.));
#6771=DIRECTION('',(0.,-1.,0.));
#6772=DIRECTION('center_axis',(0.,0.,-1.));
#6773=DIRECTION('ref_axis',(0.707106781186551,0.707106781186544,0.));
#6774=DIRECTION('',(-1.,0.,0.));
#6775=DIRECTION('center_axis',(0.,0.,-1.));
#6776=DIRECTION('ref_axis',(0.707106781186551,0.707106781186544,0.));
#6777=DIRECTION('',(0.,-1.,0.));
#6778=DIRECTION('center_axis',(0.,1.,0.));
#6779=DIRECTION('ref_axis',(0.,0.,1.));
#6780=DIRECTION('',(-1.,0.,0.));
#6781=DIRECTION('',(0.,0.,1.));
#6782=DIRECTION('',(1.,0.,1.77624026398841E-16));
#6783=DIRECTION('',(0.,0.,1.));
#6784=DIRECTION('',(-1.,0.,0.));
#6785=DIRECTION('',(0.,0.,-1.));
#6786=DIRECTION('center_axis',(0.,0.,1.));
#6787=DIRECTION('ref_axis',(0.707106781186548,-0.707106781186548,0.));
#6788=DIRECTION('center_axis',(0.,0.,-1.));
#6789=DIRECTION('ref_axis',(0.707106781186548,-0.707106781186548,0.));
#6790=DIRECTION('',(0.,0.,-1.));
#6791=DIRECTION('center_axis',(0.,0.,1.));
#6792=DIRECTION('ref_axis',(1.,0.,0.));
#6793=DIRECTION('center_axis',(0.,0.,1.));
#6794=DIRECTION('ref_axis',(-0.707106781186548,0.707106781186548,0.));
#6795=DIRECTION('',(1.84661684867244E-31,1.,0.));
#6796=DIRECTION('center_axis',(0.,0.,-1.));
#6797=DIRECTION('ref_axis',(0.707106781186546,-0.707106781186549,0.));
#6798=DIRECTION('',(-1.,0.,0.));
#6799=DIRECTION('center_axis',(0.,0.,1.));
#6800=DIRECTION('ref_axis',(-1.,0.,0.));
#6801=DIRECTION('',(0.,1.,0.));
#6802=DIRECTION('center_axis',(0.,0.,1.));
#6803=DIRECTION('ref_axis',(-1.,0.,0.));
#6804=DIRECTION('',(-1.,0.,0.));
#6805=DIRECTION('center_axis',(0.,0.,-1.));
#6806=DIRECTION('ref_axis',(0.707106781186548,0.707106781186548,0.));
#6807=DIRECTION('',(6.10622663543835E-16,-1.,0.));
#6808=DIRECTION('center_axis',(0.,0.,1.));
#6809=DIRECTION('ref_axis',(-0.707106781186548,-0.707106781186548,0.));
#6810=DIRECTION('',(-1.,-6.10622663543835E-16,0.));
#6811=DIRECTION('center_axis',(0.,0.,-1.));
#6812=DIRECTION('ref_axis',(0.707106781186549,0.707106781186546,0.));
#6813=DIRECTION('',(0.,-1.,0.));
#6814=DIRECTION('center_axis',(0.,0.,-1.));
#6815=DIRECTION('ref_axis',(0.707106781186549,-0.707106781186546,0.));
#6816=DIRECTION('',(-1.,0.,0.));
#6817=DIRECTION('center_axis',(0.,0.,-1.));
#6818=DIRECTION('ref_axis',(-0.707106781186548,-0.707106781186548,0.));
#6819=DIRECTION('',(0.,1.,0.));
#6820=DIRECTION('center_axis',(0.,0.,-1.));
#6821=DIRECTION('ref_axis',(-0.707106781186549,0.707106781186546,0.));
#6822=DIRECTION('',(1.,0.,0.));
#6823=DIRECTION('center_axis',(0.,0.,-1.));
#6824=DIRECTION('ref_axis',(0.707106781186551,0.707106781186544,0.));
#6825=DIRECTION('',(0.,-1.,0.));
#6826=DIRECTION('center_axis',(0.,0.,1.));
#6827=DIRECTION('ref_axis',(1.,0.,0.));
#6828=DIRECTION('center_axis',(0.,0.,1.));
#6829=DIRECTION('ref_axis',(1.,0.,0.));
#6830=DIRECTION('center_axis',(0.,0.,1.));
#6831=DIRECTION('ref_axis',(1.,0.,0.));
#6832=DIRECTION('center_axis',(0.,0.,1.));
#6833=DIRECTION('ref_axis',(1.,0.,0.));
#6834=DIRECTION('center_axis',(1.77624026398841E-16,1.18907529919539E-16,
-1.));
#6835=DIRECTION('ref_axis',(1.,6.10622663543835E-16,1.77624026398841E-16));
#6836=DIRECTION('',(0.,1.,1.94289029309403E-16));
#6837=DIRECTION('center_axis',(1.77624026398841E-16,1.18907529919539E-16,
-1.));
#6838=DIRECTION('ref_axis',(0.707106781186547,0.707106781186548,0.));
#6839=DIRECTION('',(-1.,-6.10622663543836E-16,-4.34537614506795E-16));
#6840=DIRECTION('center_axis',(-1.66533453693773E-16,-1.94289029309403E-16,
1.));
#6841=DIRECTION('ref_axis',(-0.707106781186548,-0.707106781186548,0.));
#6842=DIRECTION('',(-6.10622663543836E-16,1.,1.18907529919539E-16));
#6843=DIRECTION('center_axis',(-1.66533453693773E-16,-1.94289029309403E-16,
1.));
#6844=DIRECTION('ref_axis',(-0.707106781186548,-0.707106781186548,0.));
#6845=DIRECTION('',(-1.,-6.10622663543835E-16,-1.77624026398842E-16));
#6846=DIRECTION('center_axis',(-1.66533453693773E-16,-1.94289029309403E-16,
1.));
#6847=DIRECTION('ref_axis',(0.707106781186548,-0.707106781186548,0.));
#6848=DIRECTION('',(6.10622663543835E-16,-1.,-1.18907529919539E-16));
#6849=DIRECTION('center_axis',(-1.66533453693773E-16,-1.94289029309403E-16,
1.));
#6850=DIRECTION('ref_axis',(0.707106781186551,0.707106781186544,0.));
#6851=DIRECTION('',(1.,6.10622663543835E-16,1.77624026398841E-16));
#6852=DIRECTION('center_axis',(-1.77624026398841E-16,-1.18907529919539E-16,
1.));
#6853=DIRECTION('ref_axis',(-0.707106781186551,0.707106781186544,0.));
#6854=DIRECTION('',(-6.10622663543835E-16,1.,1.18907529919539E-16));
#6855=DIRECTION('center_axis',(1.77624026398841E-16,1.18907529919539E-16,
-1.));
#6856=DIRECTION('ref_axis',(0.707106781186548,0.707106781186548,0.));
#6857=DIRECTION('',(-1.,0.,-1.77624026398841E-16));
#6858=DIRECTION('center_axis',(1.77624026398841E-16,1.18907529919539E-16,
-1.));
#6859=DIRECTION('ref_axis',(1.,0.,0.));
#6860=DIRECTION('',(0.,-1.,-1.18907529919539E-16));
#6861=DIRECTION('center_axis',(1.77624026398841E-16,1.18907529919539E-16,
-1.));
#6862=DIRECTION('ref_axis',(1.,0.,0.));
#6863=DIRECTION('',(1.,6.10622663543836E-16,3.44919485812951E-16));
#6864=DIRECTION('center_axis',(1.77624026398841E-16,1.18907529919539E-16,
-1.));
#6865=DIRECTION('ref_axis',(0.707106781186546,-0.707106781186549,0.));
#6866=DIRECTION('',(1.84661684867244E-31,1.,1.18907529919539E-16));
#6867=DIRECTION('center_axis',(1.66533453693773E-16,1.94289029309403E-16,
-1.));
#6868=DIRECTION('ref_axis',(-0.707106781186548,-0.707106781186548,0.));
#6869=DIRECTION('',(-1.,0.,-1.77624026398841E-16));
#6870=DIRECTION('center_axis',(1.77624026398841E-16,1.18907529919539E-16,
-1.));
#6871=DIRECTION('ref_axis',(0.707106781186554,-0.707106781186541,0.));
#6872=DIRECTION('',(-1.84661684867244E-31,-1.,-1.18907529919539E-16));
#6873=DIRECTION('center_axis',(1.77624026398841E-16,1.18907529919539E-16,
-1.));
#6874=DIRECTION('ref_axis',(0.707106781186554,0.707106781186541,0.));
#6875=DIRECTION('center_axis',(-1.66533453693773E-16,-1.94289029309403E-16,
1.));
#6876=DIRECTION('ref_axis',(-0.707106781186551,0.707106781186544,0.));
#6877=DIRECTION('',(-6.10622663543835E-16,1.,1.18907529919539E-16));
#6878=DIRECTION('center_axis',(-1.66533453693773E-16,-1.94289029309403E-16,
1.));
#6879=DIRECTION('ref_axis',(-0.707106781186544,-0.707106781186551,0.));
#6880=DIRECTION('',(-1.,-6.10622663543835E-16,-1.77624026398842E-16));
#6881=DIRECTION('center_axis',(-1.66533453693773E-16,-1.94289029309403E-16,
1.));
#6882=DIRECTION('ref_axis',(0.707106781186554,-0.707106781186541,0.));
#6883=DIRECTION('',(6.10622663543835E-16,-1.,-1.18907529919539E-16));
#6884=DIRECTION('center_axis',(-1.66533453693773E-16,-1.94289029309403E-16,
1.));
#6885=DIRECTION('ref_axis',(0.707106781186544,0.707106781186551,0.));
#6886=DIRECTION('',(1.,6.10622663543835E-16,1.77624026398842E-16));
#6887=DIRECTION('center_axis',(0.,0.,-1.));
#6888=DIRECTION('ref_axis',(0.707106781186546,-0.707106781186549,0.));
#6889=DIRECTION('',(0.,0.,-1.));
#6890=DIRECTION('',(0.,0.,1.));
#6891=DIRECTION('center_axis',(0.,1.,0.));
#6892=DIRECTION('ref_axis',(0.,0.,1.));
#6893=DIRECTION('',(0.,0.,1.));
#6894=DIRECTION('',(-1.,0.,0.));
#6895=DIRECTION('',(0.,0.,1.));
#6896=DIRECTION('center_axis',(1.66533453693774E-16,0.,-1.));
#6897=DIRECTION('ref_axis',(0.707106781186548,0.707106781186548,0.));
#6898=DIRECTION('',(1.66533453693774E-16,0.,-1.));
#6899=DIRECTION('',(-1.66533453693774E-16,0.,1.));
#6900=DIRECTION('center_axis',(-1.,-6.10622663543835E-16,-1.66533453693774E-16));
#6901=DIRECTION('ref_axis',(-6.10622663543835E-16,1.,1.18907529919539E-16));
#6902=DIRECTION('',(-1.66533453693773E-16,-1.94289029309403E-16,1.));
#6903=DIRECTION('',(-6.10622663543835E-16,1.,1.94289029309403E-16));
#6904=DIRECTION('',(1.66533453693773E-16,1.94289029309403E-16,-1.));
#6905=DIRECTION('',(1.66533453693773E-16,1.94289029309403E-16,-1.));
#6906=DIRECTION('center_axis',(0.,1.,0.));
#6907=DIRECTION('ref_axis',(0.,0.,1.));
#6908=DIRECTION('',(0.,0.,1.));
#6909=DIRECTION('',(-1.,0.,0.));
#6910=DIRECTION('',(0.,0.,1.));
#6911=DIRECTION('center_axis',(0.,1.94289029309403E-16,-1.));
#6912=DIRECTION('ref_axis',(0.707106781186547,0.707106781186548,0.));
#6913=DIRECTION('center_axis',(0.,0.,-1.));
#6914=DIRECTION('ref_axis',(0.707106781186547,0.707106781186548,0.));
#6915=DIRECTION('',(0.,1.94289029309403E-16,-1.));
#6916=DIRECTION('',(0.,-1.94289029309403E-16,1.));
#6917=DIRECTION('center_axis',(1.,0.,0.));
#6918=DIRECTION('ref_axis',(0.,0.,1.));
#6919=DIRECTION('',(0.,0.,1.));
#6920=DIRECTION('',(0.,1.,0.));
#6921=DIRECTION('',(0.,0.,-1.));
#6922=DIRECTION('',(0.,-1.,0.));
#6923=DIRECTION('center_axis',(0.,1.94289029309403E-16,-1.));
#6924=DIRECTION('ref_axis',(0.707106781186549,0.707106781186546,0.));
#6925=DIRECTION('',(0.,1.94289029309403E-16,-1.));
#6926=DIRECTION('center_axis',(0.,0.,-1.));
#6927=DIRECTION('ref_axis',(0.707106781186549,0.707106781186546,0.));
#6928=DIRECTION('',(0.,-1.94289029309403E-16,1.));
#6929=DIRECTION('center_axis',(1.,0.,0.));
#6930=DIRECTION('ref_axis',(0.,0.,1.));
#6931=DIRECTION('',(0.,-1.,0.));
#6932=DIRECTION('',(0.,0.,-1.));
#6933=DIRECTION('center_axis',(6.10622663543835E-16,-1.,-1.94289029309403E-16));
#6934=DIRECTION('ref_axis',(-1.,-6.10622663543835E-16,-1.77624026398841E-16));
#6935=DIRECTION('',(-1.66533453693773E-16,-1.94289029309403E-16,1.));
#6936=DIRECTION('',(-1.,-6.10622663543835E-16,0.));
#6937=DIRECTION('center_axis',(0.,0.,1.));
#6938=DIRECTION('ref_axis',(1.,0.,0.));
#6939=DIRECTION('center_axis',(0.,0.,-1.));
#6940=DIRECTION('ref_axis',(0.707106781186549,-0.707106781186546,0.));
#6941=DIRECTION('',(1.,0.,0.));
#6942=DIRECTION('center_axis',(0.,0.,-1.));
#6943=DIRECTION('ref_axis',(0.707106781186549,-0.707106781186546,0.));
#6944=DIRECTION('center_axis',(0.,0.,-1.));
#6945=DIRECTION('ref_axis',(0.707106781186551,0.707106781186544,0.));
#6946=DIRECTION('',(0.,0.,-1.));
#6947=DIRECTION('center_axis',(0.,0.,-1.));
#6948=DIRECTION('ref_axis',(0.707106781186551,0.707106781186544,0.));
#6949=DIRECTION('center_axis',(0.,0.,-1.));
#6950=DIRECTION('ref_axis',(0.707106781186551,0.707106781186544,0.));
#6951=DIRECTION('',(0.,0.,-1.));
#6952=DIRECTION('',(0.,0.,1.));
#6953=DIRECTION('center_axis',(1.,0.,0.));
#6954=DIRECTION('ref_axis',(0.,0.,1.));
#6955=DIRECTION('center_axis',(0.,1.,0.));
#6956=DIRECTION('ref_axis',(0.,0.,1.));
#6957=DIRECTION('',(0.,0.,1.));
#6958=DIRECTION('',(-1.,0.,0.));
#6959=DIRECTION('center_axis',(0.,0.,-1.));
#6960=DIRECTION('ref_axis',(-0.707106781186548,0.707106781186548,0.));
#6961=DIRECTION('center_axis',(0.,0.,-1.));
#6962=DIRECTION('ref_axis',(-0.707106781186548,0.707106781186548,0.));
#6963=DIRECTION('',(0.,0.,-1.));
#6964=DIRECTION('center_axis',(0.,0.,-1.));
#6965=DIRECTION('ref_axis',(-0.707106781186548,0.707106781186548,0.));
#6966=DIRECTION('center_axis',(0.,0.,1.));
#6967=DIRECTION('ref_axis',(1.,0.,0.));
#6968=DIRECTION('center_axis',(0.,0.,-1.));
#6969=DIRECTION('ref_axis',(-0.707106781186548,0.707106781186548,0.));
#6970=DIRECTION('',(0.,-1.,0.));
#6971=DIRECTION('center_axis',(0.,0.,-1.));
#6972=DIRECTION('ref_axis',(-0.707106781186546,-0.707106781186549,0.));
#6973=DIRECTION('center_axis',(0.,0.,-1.));
#6974=DIRECTION('ref_axis',(-0.707106781186546,-0.707106781186549,0.));
#6975=DIRECTION('',(0.,-1.,0.));
#6976=DIRECTION('center_axis',(0.,0.,1.));
#6977=DIRECTION('ref_axis',(-0.707106781186548,0.707106781186548,0.));
#6978=DIRECTION('center_axis',(0.,0.,-1.));
#6979=DIRECTION('ref_axis',(-0.707106781186548,0.707106781186548,0.));
#6980=DIRECTION('',(0.,0.,-1.));
#6981=DIRECTION('center_axis',(0.,0.,1.));
#6982=DIRECTION('ref_axis',(1.,0.,0.));
#6983=DIRECTION('center_axis',(0.,0.,-1.));
#6984=DIRECTION('ref_axis',(-0.707106781186551,0.707106781186544,0.));
#6985=DIRECTION('',(0.,-1.,0.));
#6986=DIRECTION('center_axis',(0.,0.,-1.));
#6987=DIRECTION('ref_axis',(-0.707106781186549,-0.707106781186546,0.));
#6988=DIRECTION('center_axis',(0.,0.,-1.));
#6989=DIRECTION('ref_axis',(-0.707106781186546,-0.707106781186549,0.));
#6990=DIRECTION('',(0.,-1.,0.));
#6991=DIRECTION('center_axis',(0.,0.,-1.));
#6992=DIRECTION('ref_axis',(-0.707106781186551,0.707106781186544,0.));
#6993=DIRECTION('',(0.,0.,-1.));
#6994=DIRECTION('center_axis',(1.,0.,0.));
#6995=DIRECTION('ref_axis',(0.,0.,1.));
#6996=DIRECTION('',(0.,0.,1.));
#6997=DIRECTION('center_axis',(1.,0.,0.));
#6998=DIRECTION('ref_axis',(0.,0.,1.));
#6999=DIRECTION('',(0.,0.,1.));
#7000=DIRECTION('center_axis',(1.,0.,0.));
#7001=DIRECTION('ref_axis',(0.,0.,1.));
#7002=DIRECTION('',(0.,0.,1.));
#7003=DIRECTION('',(0.,1.,0.));
#7004=DIRECTION('center_axis',(0.,0.,1.));
#7005=DIRECTION('ref_axis',(-0.707106781186549,0.707106781186546,0.));
#7006=DIRECTION('',(0.,0.,-1.));
#7007=DIRECTION('center_axis',(0.,0.,-1.));
#7008=DIRECTION('ref_axis',(-0.707106781186549,0.707106781186546,0.));
#7009=DIRECTION('center_axis',(1.,0.,0.));
#7010=DIRECTION('ref_axis',(0.,0.,1.));
#7011=DIRECTION('',(0.,0.,1.));
#7012=DIRECTION('',(0.,1.,0.));
#7013=DIRECTION('',(0.,0.,-1.));
#7014=DIRECTION('',(0.,1.,0.));
#7015=DIRECTION('',(0.,0.,-1.));
#7016=DIRECTION('',(0.,1.,0.));
#7017=DIRECTION('',(0.,0.,-1.));
#7018=DIRECTION('',(0.,1.,0.));
#7019=DIRECTION('',(0.,0.,-1.));
#7020=DIRECTION('',(0.,1.,0.));
#7021=DIRECTION('center_axis',(-1.,0.,0.));
#7022=DIRECTION('ref_axis',(0.,-0.866025403784329,-0.50000000000019));
#7023=DIRECTION('',(0.,1.,0.));
#7024=DIRECTION('center_axis',(-1.,0.,0.));
#7025=DIRECTION('ref_axis',(0.,-0.866025403784329,-0.50000000000019));
#7026=DIRECTION('',(0.,1.,0.));
#7027=DIRECTION('center_axis',(-1.,-5.02141652375717E-32,0.));
#7028=DIRECTION('ref_axis',(-5.02141652375717E-32,1.,0.));
#7029=DIRECTION('center_axis',(-1.,-3.76606239281788E-32,0.));
#7030=DIRECTION('ref_axis',(-3.76606239281788E-32,1.,0.));
#7031=DIRECTION('center_axis',(0.,0.,-1.));
#7032=DIRECTION('ref_axis',(-0.707106781186546,-0.707106781186549,0.));
#7033=DIRECTION('center_axis',(0.,0.,-1.));
#7034=DIRECTION('ref_axis',(-0.707106781186546,-0.707106781186549,0.));
#7035=DIRECTION('center_axis',(0.,0.,-1.));
#7036=DIRECTION('ref_axis',(-0.707106781186546,-0.707106781186549,0.));
#7037=DIRECTION('center_axis',(0.,0.,-1.));
#7038=DIRECTION('ref_axis',(-0.707106781186549,-0.707106781186546,0.));
#7039=DIRECTION('center_axis',(0.,0.,1.));
#7040=DIRECTION('ref_axis',(-0.707106781186548,-0.707106781186548,0.));
#7041=DIRECTION('',(0.,0.,-1.));
#7042=DIRECTION('center_axis',(0.,0.,-1.));
#7043=DIRECTION('ref_axis',(-0.707106781186548,-0.707106781186548,0.));
#7044=DIRECTION('center_axis',(0.,1.,0.));
#7045=DIRECTION('ref_axis',(0.,0.,1.));
#7046=DIRECTION('',(0.,0.,1.));
#7047=DIRECTION('',(0.,0.,1.));
#7048=DIRECTION('',(-1.,0.,0.));
#7049=DIRECTION('center_axis',(0.,0.,-1.));
#7050=DIRECTION('ref_axis',(0.707106781186549,-0.707106781186546,0.));
#7051=DIRECTION('center_axis',(0.,0.,-1.));
#7052=DIRECTION('ref_axis',(0.707106781186549,-0.707106781186546,0.));
#7053=DIRECTION('center_axis',(0.,0.,1.));
#7054=DIRECTION('ref_axis',(0.707106781186549,-0.707106781186546,0.));
#7055=DIRECTION('center_axis',(0.,0.,1.));
#7056=DIRECTION('ref_axis',(1.,0.,0.));
#7057=DIRECTION('center_axis',(0.,0.,1.));
#7058=DIRECTION('ref_axis',(1.,0.,0.));
#7059=DIRECTION('',(-1.,0.,0.));
#7060=DIRECTION('',(0.,1.,0.));
#7061=DIRECTION('center_axis',(1.,0.,0.));
#7062=DIRECTION('ref_axis',(0.,0.,1.));
#7063=DIRECTION('',(0.,0.,1.));
#7064=DIRECTION('center_axis',(0.,0.,1.));
#7065=DIRECTION('ref_axis',(0.707106781186554,0.707106781186541,0.));
#7066=DIRECTION('',(0.,0.,-1.));
#7067=DIRECTION('center_axis',(0.,0.,1.));
#7068=DIRECTION('ref_axis',(0.707106781186554,0.707106781186541,0.));
#7069=DIRECTION('center_axis',(1.,-1.84661684867244E-31,0.));
#7070=DIRECTION('ref_axis',(-9.1045239927507E-63,-4.93038065763132E-32,
1.));
#7071=DIRECTION('',(0.,0.,1.));
#7072=DIRECTION('',(1.84661684867244E-31,1.,4.93038065763132E-32));
#7073=DIRECTION('center_axis',(0.,0.,-1.));
#7074=DIRECTION('ref_axis',(0.707106781186554,-0.707106781186541,0.));
#7075=DIRECTION('',(0.,0.,-1.));
#7076=DIRECTION('center_axis',(0.,0.,1.));
#7077=DIRECTION('ref_axis',(0.707106781186554,-0.707106781186541,0.));
#7078=DIRECTION('center_axis',(0.,1.,0.));
#7079=DIRECTION('ref_axis',(0.,0.,1.));
#7080=DIRECTION('',(0.,0.,1.));
#7081=DIRECTION('',(-1.,0.,0.));
#7082=DIRECTION('center_axis',(1.,-1.84661684867244E-31,0.));
#7083=DIRECTION('ref_axis',(-9.1045239927507E-63,-4.93038065763132E-32,
1.));
#7084=DIRECTION('',(0.,0.,1.));
#7085=DIRECTION('',(1.84661684867244E-31,1.,4.93038065763132E-32));
#7086=DIRECTION('',(0.,0.,-1.));
#7087=DIRECTION('center_axis',(0.,0.,1.));
#7088=DIRECTION('ref_axis',(1.,0.,0.));
#7089=DIRECTION('',(0.,0.,1.));
#7090=DIRECTION('center_axis',(0.,0.,1.));
#7091=DIRECTION('ref_axis',(1.,0.,0.));
#7092=DIRECTION('center_axis',(1.,0.,0.));
#7093=DIRECTION('ref_axis',(0.,0.,1.));
#7094=DIRECTION('',(0.,0.,1.));
#7095=DIRECTION('',(0.,1.,0.));
#7096=DIRECTION('center_axis',(-6.10622663543835E-16,1.,1.94289029309403E-16));
#7097=DIRECTION('ref_axis',(1.,6.10622663543835E-16,1.77624026398841E-16));
#7098=DIRECTION('',(-1.66533453693773E-16,-1.94289029309403E-16,1.));
#7099=DIRECTION('',(1.,6.10622663543835E-16,1.66533453693774E-16));
#7100=DIRECTION('',(1.66533453693773E-16,1.94289029309403E-16,-1.));
#7101=DIRECTION('center_axis',(0.,0.,1.));
#7102=DIRECTION('ref_axis',(1.,0.,0.));
#7103=DIRECTION('center_axis',(0.,0.,1.));
#7104=DIRECTION('ref_axis',(1.,0.,0.));
#7105=DIRECTION('center_axis',(0.,0.,1.));
#7106=DIRECTION('ref_axis',(1.,0.,0.));
#7107=DIRECTION('center_axis',(0.,0.,1.));
#7108=DIRECTION('ref_axis',(0.43852900965352,0.898717034272915,0.));
#7109=DIRECTION('',(0.,1.,0.));
#7110=DIRECTION('center_axis',(0.,0.,1.));
#7111=DIRECTION('ref_axis',(-0.898717034272915,-0.438529009653518,0.));
#7112=DIRECTION('',(0.,1.,0.));
#7113=DIRECTION('center_axis',(0.,0.,1.));
#7114=DIRECTION('ref_axis',(1.,0.,0.));
#7115=DIRECTION('center_axis',(0.,0.,1.));
#7116=DIRECTION('ref_axis',(0.707106781186548,0.707106781186548,0.));
#7117=DIRECTION('',(0.,1.,0.));
#7118=DIRECTION('center_axis',(0.,0.,1.));
#7119=DIRECTION('ref_axis',(-0.707106781186548,-0.707106781186548,0.));
#7120=DIRECTION('',(0.,1.,0.));
#7121=DIRECTION('center_axis',(0.,0.,1.));
#7122=DIRECTION('ref_axis',(1.,0.,0.));
#7123=DIRECTION('center_axis',(0.,0.,1.));
#7124=DIRECTION('ref_axis',(-0.438529009653513,-0.898717034272918,0.));
#7125=DIRECTION('',(0.,1.,0.));
#7126=DIRECTION('center_axis',(0.,0.,1.));
#7127=DIRECTION('ref_axis',(0.898717034272918,0.438529009653512,0.));
#7128=DIRECTION('',(0.,1.,0.));
#7129=DIRECTION('center_axis',(0.,0.,1.));
#7130=DIRECTION('ref_axis',(1.,0.,0.));
#7131=DIRECTION('center_axis',(0.,0.,1.));
#7132=DIRECTION('ref_axis',(1.,0.,0.));
#7133=DIRECTION('center_axis',(0.,0.,1.));
#7134=DIRECTION('ref_axis',(1.,0.,0.));
#7135=DIRECTION('center_axis',(0.,0.,1.));
#7136=DIRECTION('ref_axis',(1.,0.,0.));
#7137=DIRECTION('center_axis',(0.,0.,1.));
#7138=DIRECTION('ref_axis',(1.,0.,0.));
#7139=DIRECTION('center_axis',(0.,0.,1.));
#7140=DIRECTION('ref_axis',(0.898717034272918,0.438529009653512,0.));
#7141=DIRECTION('',(0.,1.,0.));
#7142=DIRECTION('center_axis',(0.,0.,1.));
#7143=DIRECTION('ref_axis',(-0.438529009653513,-0.898717034272918,0.));
#7144=DIRECTION('',(0.,1.,0.));
#7145=DIRECTION('center_axis',(0.,0.,1.));
#7146=DIRECTION('ref_axis',(1.,0.,0.));
#7147=DIRECTION('center_axis',(0.,0.,1.));
#7148=DIRECTION('ref_axis',(0.707106781186548,0.707106781186548,0.));
#7149=DIRECTION('',(0.,1.,0.));
#7150=DIRECTION('center_axis',(0.,0.,1.));
#7151=DIRECTION('ref_axis',(-0.707106781186548,-0.707106781186548,0.));
#7152=DIRECTION('',(0.,1.,0.));
#7153=DIRECTION('center_axis',(0.,0.,1.));
#7154=DIRECTION('ref_axis',(1.,0.,0.));
#7155=DIRECTION('center_axis',(0.,0.,1.));
#7156=DIRECTION('ref_axis',(0.43852900965352,0.898717034272915,0.));
#7157=DIRECTION('',(0.,1.,0.));
#7158=DIRECTION('center_axis',(0.,0.,1.));
#7159=DIRECTION('ref_axis',(-0.898717034272915,-0.438529009653518,0.));
#7160=DIRECTION('',(0.,1.,0.));
#7161=DIRECTION('center_axis',(0.,0.,1.));
#7162=DIRECTION('ref_axis',(1.,0.,0.));
#7163=DIRECTION('center_axis',(0.,0.,1.));
#7164=DIRECTION('ref_axis',(1.,0.,0.));
#7165=DIRECTION('center_axis',(0.,0.,1.));
#7166=DIRECTION('ref_axis',(1.,0.,0.));
#7167=DIRECTION('',(0.,1.,0.));
#7168=DIRECTION('center_axis',(0.,0.,1.));
#7169=DIRECTION('ref_axis',(-1.,0.,0.));
#7170=DIRECTION('',(-1.,0.,0.));
#7171=DIRECTION('center_axis',(0.,0.,1.));
#7172=DIRECTION('ref_axis',(1.,0.,0.));
#7173=DIRECTION('',(0.,1.,0.));
#7174=DIRECTION('center_axis',(0.,0.,1.));
#7175=DIRECTION('ref_axis',(1.,0.,0.));
#7176=DIRECTION('',(-1.,0.,0.));
#7177=DIRECTION('center_axis',(0.,0.,1.));
#7178=DIRECTION('ref_axis',(-1.,0.,0.));
#7179=DIRECTION('center_axis',(0.,0.,1.));
#7180=DIRECTION('ref_axis',(1.,0.,0.));
#7181=DIRECTION('',(0.,0.,1.));
#7182=DIRECTION('center_axis',(0.,0.,1.));
#7183=DIRECTION('ref_axis',(1.,0.,0.));
#7184=DIRECTION('center_axis',(0.,0.,-1.));
#7185=DIRECTION('ref_axis',(-0.898717034272915,-0.438529009653518,0.));
#7186=DIRECTION('',(0.,0.,1.));
#7187=DIRECTION('center_axis',(0.,0.,-1.));
#7188=DIRECTION('ref_axis',(-0.898717034272915,-0.438529009653518,0.));
#7189=DIRECTION('',(0.,0.,-1.));
#7190=DIRECTION('center_axis',(1.,0.,0.));
#7191=DIRECTION('ref_axis',(0.,0.,1.));
#7192=DIRECTION('',(0.,0.,1.));
#7193=DIRECTION('',(0.,1.,0.));
#7194=DIRECTION('center_axis',(0.,0.,-1.));
#7195=DIRECTION('ref_axis',(-0.898717034272918,0.438529009653512,0.));
#7196=DIRECTION('center_axis',(0.,0.,-1.));
#7197=DIRECTION('ref_axis',(-0.898717034272918,0.438529009653512,0.));
#7198=DIRECTION('',(0.,0.,-1.));
#7199=DIRECTION('center_axis',(1.,0.,0.));
#7200=DIRECTION('ref_axis',(0.,0.,1.));
#7201=DIRECTION('',(0.,1.,0.));
#7202=DIRECTION('center_axis',(0.,0.,-1.));
#7203=DIRECTION('ref_axis',(-0.707106781186548,-0.707106781186548,0.));
#7204=DIRECTION('',(0.,0.,1.));
#7205=DIRECTION('center_axis',(0.,0.,-1.));
#7206=DIRECTION('ref_axis',(-0.707106781186548,-0.707106781186548,0.));
#7207=DIRECTION('',(0.,0.,-1.));
#7208=DIRECTION('center_axis',(1.,0.,0.));
#7209=DIRECTION('ref_axis',(0.,0.,1.));
#7210=DIRECTION('',(0.,0.,1.));
#7211=DIRECTION('',(0.,1.,0.));
#7212=DIRECTION('center_axis',(0.,0.,-1.));
#7213=DIRECTION('ref_axis',(-0.707106781186548,0.707106781186548,0.));
#7214=DIRECTION('center_axis',(0.,0.,-1.));
#7215=DIRECTION('ref_axis',(-0.707106781186548,0.707106781186548,0.));
#7216=DIRECTION('',(0.,0.,-1.));
#7217=DIRECTION('center_axis',(1.,0.,0.));
#7218=DIRECTION('ref_axis',(0.,0.,1.));
#7219=DIRECTION('',(0.,1.,0.));
#7220=DIRECTION('center_axis',(0.,0.,-1.));
#7221=DIRECTION('ref_axis',(-0.438529009653513,-0.898717034272918,0.));
#7222=DIRECTION('',(0.,0.,1.));
#7223=DIRECTION('center_axis',(0.,0.,-1.));
#7224=DIRECTION('ref_axis',(-0.438529009653513,-0.898717034272918,0.));
#7225=DIRECTION('',(0.,0.,-1.));
#7226=DIRECTION('center_axis',(1.,0.,0.));
#7227=DIRECTION('ref_axis',(0.,0.,1.));
#7228=DIRECTION('',(0.,1.,0.));
#7229=DIRECTION('',(0.,0.,1.));
#7230=DIRECTION('center_axis',(0.,0.,-1.));
#7231=DIRECTION('ref_axis',(-0.43852900965352,0.898717034272915,0.));
#7232=DIRECTION('center_axis',(0.,0.,-1.));
#7233=DIRECTION('ref_axis',(-0.43852900965352,0.898717034272915,0.));
#7234=DIRECTION('',(0.,0.,-1.));
#7235=DIRECTION('center_axis',(1.,0.,0.));
#7236=DIRECTION('ref_axis',(0.,0.,1.));
#7237=DIRECTION('',(0.,1.,0.));
#7238=DIRECTION('center_axis',(0.,0.,1.));
#7239=DIRECTION('ref_axis',(1.,0.,0.));
#7240=DIRECTION('',(0.,0.,1.));
#7241=DIRECTION('center_axis',(0.,0.,1.));
#7242=DIRECTION('ref_axis',(1.,0.,0.));
#7243=DIRECTION('center_axis',(0.,0.,1.));
#7244=DIRECTION('ref_axis',(1.,0.,0.));
#7245=DIRECTION('',(0.,0.,1.));
#7246=DIRECTION('center_axis',(0.,0.,1.));
#7247=DIRECTION('ref_axis',(1.,0.,0.));
#7248=DIRECTION('center_axis',(0.,0.,-1.));
#7249=DIRECTION('ref_axis',(-0.438529009653513,-0.898717034272918,0.));
#7250=DIRECTION('',(0.,0.,1.));
#7251=DIRECTION('center_axis',(0.,0.,-1.));
#7252=DIRECTION('ref_axis',(-0.438529009653513,-0.898717034272918,0.));
#7253=DIRECTION('',(0.,0.,-1.));
#7254=DIRECTION('center_axis',(1.,0.,0.));
#7255=DIRECTION('ref_axis',(0.,0.,1.));
#7256=DIRECTION('',(0.,0.,1.));
#7257=DIRECTION('',(0.,1.,0.));
#7258=DIRECTION('center_axis',(0.,0.,-1.));
#7259=DIRECTION('ref_axis',(-0.43852900965352,0.898717034272915,0.));
#7260=DIRECTION('center_axis',(0.,0.,-1.));
#7261=DIRECTION('ref_axis',(-0.43852900965352,0.898717034272915,0.));
#7262=DIRECTION('',(0.,0.,-1.));
#7263=DIRECTION('center_axis',(1.,0.,0.));
#7264=DIRECTION('ref_axis',(0.,0.,1.));
#7265=DIRECTION('',(0.,1.,0.));
#7266=DIRECTION('center_axis',(0.,0.,-1.));
#7267=DIRECTION('ref_axis',(-0.707106781186548,-0.707106781186548,0.));
#7268=DIRECTION('',(0.,0.,1.));
#7269=DIRECTION('center_axis',(0.,0.,-1.));
#7270=DIRECTION('ref_axis',(-0.707106781186548,-0.707106781186548,0.));
#7271=DIRECTION('',(0.,0.,-1.));
#7272=DIRECTION('center_axis',(1.,0.,0.));
#7273=DIRECTION('ref_axis',(0.,0.,1.));
#7274=DIRECTION('',(0.,0.,1.));
#7275=DIRECTION('',(0.,1.,0.));
#7276=DIRECTION('center_axis',(0.,0.,-1.));
#7277=DIRECTION('ref_axis',(-0.707106781186548,0.707106781186548,0.));
#7278=DIRECTION('center_axis',(0.,0.,-1.));
#7279=DIRECTION('ref_axis',(-0.707106781186548,0.707106781186548,0.));
#7280=DIRECTION('',(0.,0.,-1.));
#7281=DIRECTION('center_axis',(1.,0.,0.));
#7282=DIRECTION('ref_axis',(0.,0.,1.));
#7283=DIRECTION('',(0.,1.,0.));
#7284=DIRECTION('center_axis',(0.,0.,-1.));
#7285=DIRECTION('ref_axis',(-0.898717034272915,-0.438529009653518,0.));
#7286=DIRECTION('',(0.,0.,1.));
#7287=DIRECTION('center_axis',(0.,0.,-1.));
#7288=DIRECTION('ref_axis',(-0.898717034272915,-0.438529009653518,0.));
#7289=DIRECTION('',(0.,0.,-1.));
#7290=DIRECTION('center_axis',(1.,0.,0.));
#7291=DIRECTION('ref_axis',(0.,0.,1.));
#7292=DIRECTION('',(0.,0.,1.));
#7293=DIRECTION('',(0.,1.,0.));
#7294=DIRECTION('center_axis',(0.,0.,-1.));
#7295=DIRECTION('ref_axis',(-0.898717034272918,0.438529009653512,0.));
#7296=DIRECTION('center_axis',(0.,0.,-1.));
#7297=DIRECTION('ref_axis',(-0.898717034272918,0.438529009653512,0.));
#7298=DIRECTION('',(0.,0.,-1.));
#7299=DIRECTION('center_axis',(1.,0.,0.));
#7300=DIRECTION('ref_axis',(0.,0.,1.));
#7301=DIRECTION('',(0.,1.,0.));
#7302=DIRECTION('center_axis',(0.,0.,1.));
#7303=DIRECTION('ref_axis',(1.,0.,0.));
#7304=DIRECTION('',(0.,0.,1.));
#7305=DIRECTION('center_axis',(0.,0.,1.));
#7306=DIRECTION('ref_axis',(1.,0.,0.));
#7307=DIRECTION('center_axis',(1.,0.,0.));
#7308=DIRECTION('ref_axis',(0.,0.,1.));
#7309=DIRECTION('',(0.,0.,1.));
#7310=DIRECTION('',(0.,0.,1.));
#7311=DIRECTION('center_axis',(0.,0.,1.));
#7312=DIRECTION('ref_axis',(-1.,0.,0.));
#7313=DIRECTION('',(0.,0.,1.));
#7314=DIRECTION('center_axis',(0.,1.,0.));
#7315=DIRECTION('ref_axis',(0.,0.,1.));
#7316=DIRECTION('',(0.,0.,1.));
#7317=DIRECTION('center_axis',(0.,0.,1.));
#7318=DIRECTION('ref_axis',(1.,0.,0.));
#7319=DIRECTION('',(0.,0.,1.));
#7320=DIRECTION('center_axis',(1.,0.,0.));
#7321=DIRECTION('ref_axis',(0.,0.,1.));
#7322=DIRECTION('',(0.,0.,1.));
#7323=DIRECTION('center_axis',(0.,0.,1.));
#7324=DIRECTION('ref_axis',(1.,0.,0.));
#7325=DIRECTION('',(0.,0.,1.));
#7326=DIRECTION('center_axis',(0.,1.,0.));
#7327=DIRECTION('ref_axis',(0.,0.,1.));
#7328=DIRECTION('',(0.,0.,1.));
#7329=DIRECTION('center_axis',(0.,0.,1.));
#7330=DIRECTION('ref_axis',(-1.,0.,0.));
#7331=DIRECTION('center_axis',(0.,0.,1.));
#7332=DIRECTION('ref_axis',(1.,0.,0.));
#7333=DIRECTION('',(0.,1.,0.));
#7334=DIRECTION('',(-1.,0.,0.));
#7335=DIRECTION('',(0.,1.,0.));
#7336=DIRECTION('',(-1.,0.,0.));
#7337=DIRECTION('',(0.,1.,0.));
#7338=DIRECTION('center_axis',(0.,0.,-1.));
#7339=DIRECTION('ref_axis',(-0.438529009653517,0.898717034272916,0.));
#7340=DIRECTION('',(0.,1.,0.));
#7341=DIRECTION('',(-1.,0.,0.));
#7342=DIRECTION('',(0.,1.,0.));
#7343=DIRECTION('center_axis',(0.,0.,-1.));
#7344=DIRECTION('ref_axis',(-0.707106781186548,0.707106781186548,0.));
#7345=DIRECTION('',(0.,1.,0.));
#7346=DIRECTION('',(-1.,0.,0.));
#7347=DIRECTION('',(0.,1.,0.));
#7348=DIRECTION('center_axis',(0.,0.,-1.));
#7349=DIRECTION('ref_axis',(-0.898717034272917,0.438529009653515,0.));
#7350=DIRECTION('',(0.,1.,0.));
#7351=DIRECTION('',(-1.,0.,0.));
#7352=DIRECTION('',(0.,1.,0.));
#7353=DIRECTION('',(-1.,0.,0.));
#7354=DIRECTION('',(0.,1.,0.));
#7355=DIRECTION('center_axis',(0.,0.,-1.));
#7356=DIRECTION('ref_axis',(-0.898717034272915,-0.438529009653518,0.));
#7357=DIRECTION('',(0.,1.,0.));
#7358=DIRECTION('',(-1.,0.,0.));
#7359=DIRECTION('',(0.,1.,0.));
#7360=DIRECTION('center_axis',(0.,0.,-1.));
#7361=DIRECTION('ref_axis',(-0.707106781186548,-0.707106781186548,0.));
#7362=DIRECTION('',(0.,1.,0.));
#7363=DIRECTION('',(-1.,0.,0.));
#7364=DIRECTION('',(0.,1.,0.));
#7365=DIRECTION('center_axis',(0.,0.,-1.));
#7366=DIRECTION('ref_axis',(-0.438529009653513,-0.898717034272918,0.));
#7367=DIRECTION('center_axis',(0.,0.,1.));
#7368=DIRECTION('ref_axis',(1.,0.,0.));
#7369=DIRECTION('center_axis',(0.,0.,1.));
#7370=DIRECTION('ref_axis',(1.,0.,0.));
#7371=DIRECTION('',(0.,1.,0.));
#7372=DIRECTION('center_axis',(0.,0.,1.));
#7373=DIRECTION('ref_axis',(1.,0.,0.));
#7374=DIRECTION('center_axis',(0.,0.,1.));
#7375=DIRECTION('ref_axis',(1.,0.,0.));
#7376=DIRECTION('',(-1.,0.,0.));
#7377=DIRECTION('',(0.,1.,0.));
#7378=DIRECTION('',(-1.,0.,0.));
#7379=DIRECTION('center_axis',(0.,0.,1.));
#7380=DIRECTION('ref_axis',(1.,0.,0.));
#7381=DIRECTION('center_axis',(0.,0.,1.));
#7382=DIRECTION('ref_axis',(1.,0.,0.));
#7383=DIRECTION('',(0.,1.,0.));
#7384=DIRECTION('',(-1.,0.,0.));
#7385=DIRECTION('',(0.,1.,0.));
#7386=DIRECTION('',(-1.,0.,0.));
#7387=DIRECTION('center_axis',(0.,0.,1.));
#7388=DIRECTION('ref_axis',(1.,0.,0.));
#7389=DIRECTION('',(0.,1.,0.));
#7390=DIRECTION('',(-1.,0.,0.));
#7391=DIRECTION('',(0.,1.,0.));
#7392=DIRECTION('',(-1.,0.,0.));
#7393=DIRECTION('center_axis',(0.,0.,1.));
#7394=DIRECTION('ref_axis',(1.,0.,0.));
#7395=DIRECTION('',(0.,1.,0.));
#7396=DIRECTION('',(-1.,0.,0.));
#7397=DIRECTION('',(0.,1.,0.));
#7398=DIRECTION('',(-1.,0.,0.));
#7399=DIRECTION('center_axis',(0.,0.,1.));
#7400=DIRECTION('ref_axis',(1.,0.,0.));
#7401=DIRECTION('',(0.,1.,0.));
#7402=DIRECTION('',(-1.,0.,0.));
#7403=DIRECTION('',(0.,1.,0.));
#7404=DIRECTION('',(-1.,0.,0.));
#7405=DIRECTION('center_axis',(0.,0.,1.));
#7406=DIRECTION('ref_axis',(1.,0.,0.));
#7407=DIRECTION('',(0.,1.,0.));
#7408=DIRECTION('',(-1.,0.,0.));
#7409=DIRECTION('',(0.,1.,0.));
#7410=DIRECTION('',(-1.,0.,0.));
#7411=DIRECTION('center_axis',(0.,0.,1.));
#7412=DIRECTION('ref_axis',(1.,0.,0.));
#7413=DIRECTION('',(0.,-1.,0.));
#7414=DIRECTION('',(-1.,0.,0.));
#7415=DIRECTION('',(0.,1.,0.));
#7416=DIRECTION('',(-1.,0.,0.));
#7417=DIRECTION('center_axis',(0.,0.,1.));
#7418=DIRECTION('ref_axis',(1.,0.,0.));
#7419=DIRECTION('',(0.,1.,0.));
#7420=DIRECTION('',(-1.,0.,0.));
#7421=DIRECTION('',(0.,1.,0.));
#7422=DIRECTION('',(-1.,0.,0.));
#7423=DIRECTION('center_axis',(0.,0.,1.));
#7424=DIRECTION('ref_axis',(1.,0.,0.));
#7425=DIRECTION('',(0.,1.,0.));
#7426=DIRECTION('',(-1.,0.,0.));
#7427=DIRECTION('',(0.,1.,0.));
#7428=DIRECTION('',(-1.,0.,0.));
#7429=DIRECTION('center_axis',(0.,0.,1.));
#7430=DIRECTION('ref_axis',(1.,0.,0.));
#7431=DIRECTION('',(0.,1.,0.));
#7432=DIRECTION('',(-1.,0.,0.));
#7433=DIRECTION('',(0.,1.,0.));
#7434=DIRECTION('',(-1.,0.,0.));
#7435=DIRECTION('center_axis',(0.,0.,1.));
#7436=DIRECTION('ref_axis',(1.,0.,0.));
#7437=DIRECTION('',(0.,1.,0.));
#7438=DIRECTION('',(-1.,0.,0.));
#7439=DIRECTION('',(0.,1.,0.));
#7440=DIRECTION('',(-1.,0.,0.));
#7441=DIRECTION('center_axis',(0.,0.,1.));
#7442=DIRECTION('ref_axis',(1.,0.,0.));
#7443=DIRECTION('',(0.,1.,0.));
#7444=DIRECTION('',(-1.,0.,0.));
#7445=DIRECTION('',(0.,1.,0.));
#7446=DIRECTION('',(-1.,0.,0.));
#7447=DIRECTION('center_axis',(0.,0.,1.));
#7448=DIRECTION('ref_axis',(1.,0.,0.));
#7449=DIRECTION('',(0.,1.,0.));
#7450=DIRECTION('',(-1.,0.,0.));
#7451=DIRECTION('',(0.,1.,0.));
#7452=DIRECTION('',(-1.,0.,0.));
#7453=DIRECTION('center_axis',(0.,0.,1.));
#7454=DIRECTION('ref_axis',(1.,0.,0.));
#7455=DIRECTION('',(0.,1.,0.));
#7456=DIRECTION('',(-1.,0.,0.));
#7457=DIRECTION('',(0.,1.,0.));
#7458=DIRECTION('center_axis',(0.,0.,-1.));
#7459=DIRECTION('ref_axis',(0.707106781186548,0.707106781186548,0.));
#7460=DIRECTION('',(0.,1.,0.));
#7461=DIRECTION('',(-1.,0.,0.));
#7462=DIRECTION('',(0.,1.,0.));
#7463=DIRECTION('center_axis',(0.,0.,-1.));
#7464=DIRECTION('ref_axis',(0.438529009653517,0.898717034272916,0.));
#7465=DIRECTION('',(0.,1.,0.));
#7466=DIRECTION('',(-1.,0.,0.));
#7467=DIRECTION('',(0.,1.,0.));
#7468=DIRECTION('',(-1.,0.,0.));
#7469=DIRECTION('',(0.,1.,0.));
#7470=DIRECTION('center_axis',(0.,0.,-1.));
#7471=DIRECTION('ref_axis',(-0.898717034272915,-0.438529009653518,0.));
#7472=DIRECTION('',(0.,1.,0.));
#7473=DIRECTION('',(-1.,0.,0.));
#7474=DIRECTION('',(0.,1.,0.));
#7475=DIRECTION('center_axis',(0.,0.,-1.));
#7476=DIRECTION('ref_axis',(-0.707106781186548,-0.707106781186548,0.));
#7477=DIRECTION('',(0.,1.,0.));
#7478=DIRECTION('',(-1.,0.,0.));
#7479=DIRECTION('',(0.,1.,0.));
#7480=DIRECTION('center_axis',(0.,0.,-1.));
#7481=DIRECTION('ref_axis',(-0.438529009653513,-0.898717034272918,0.));
#7482=DIRECTION('',(0.,1.,0.));
#7483=DIRECTION('',(-1.,0.,0.));
#7484=DIRECTION('',(0.,1.,0.));
#7485=DIRECTION('',(-1.,0.,0.));
#7486=DIRECTION('',(0.,1.,0.));
#7487=DIRECTION('center_axis',(0.,0.,-1.));
#7488=DIRECTION('ref_axis',(-0.438529009653515,0.898717034272917,0.));
#7489=DIRECTION('center_axis',(1.,0.,0.));
#7490=DIRECTION('ref_axis',(0.,1.,0.));
#7491=DIRECTION('',(1.,0.,0.));
#7492=DIRECTION('center_axis',(1.,0.,0.));
#7493=DIRECTION('ref_axis',(0.,1.,0.));
#7494=DIRECTION('center_axis',(1.,0.,0.));
#7495=DIRECTION('ref_axis',(0.,1.,0.));
#7496=DIRECTION('',(1.,0.,0.));
#7497=DIRECTION('center_axis',(1.,0.,0.));
#7498=DIRECTION('ref_axis',(0.,1.,0.));
#7499=DIRECTION('center_axis',(1.,1.25535413093929E-32,0.));
#7500=DIRECTION('ref_axis',(-1.25535413093929E-32,1.,0.));
#7501=DIRECTION('',(1.,1.25535413093929E-32,0.));
#7502=DIRECTION('center_axis',(1.,0.,0.));
#7503=DIRECTION('ref_axis',(-1.25535413093929E-32,1.,0.));
#7504=DIRECTION('center_axis',(1.,0.,0.));
#7505=DIRECTION('ref_axis',(0.,1.,0.));
#7506=DIRECTION('',(1.,0.,0.));
#7507=DIRECTION('center_axis',(1.,0.,0.));
#7508=DIRECTION('ref_axis',(0.,1.,0.));
#7509=DIRECTION('center_axis',(1.,0.,0.));
#7510=DIRECTION('ref_axis',(0.,1.,0.));
#7511=DIRECTION('',(1.,0.,0.));
#7512=DIRECTION('center_axis',(1.,0.,0.));
#7513=DIRECTION('ref_axis',(0.,1.,0.));
#7514=DIRECTION('center_axis',(1.,0.,0.));
#7515=DIRECTION('ref_axis',(0.,1.,0.));
#7516=DIRECTION('',(1.,0.,0.));
#7517=DIRECTION('center_axis',(1.,0.,0.));
#7518=DIRECTION('ref_axis',(0.,1.,0.));
#7519=DIRECTION('center_axis',(1.,0.,0.));
#7520=DIRECTION('ref_axis',(0.,1.,0.));
#7521=DIRECTION('',(1.,0.,0.));
#7522=DIRECTION('center_axis',(1.,0.,0.));
#7523=DIRECTION('ref_axis',(0.,1.,0.));
#7524=DIRECTION('center_axis',(1.,1.25535413093929E-32,0.));
#7525=DIRECTION('ref_axis',(-1.25535413093929E-32,1.,0.));
#7526=DIRECTION('',(1.,1.25535413093929E-32,0.));
#7527=DIRECTION('center_axis',(1.,0.,0.));
#7528=DIRECTION('ref_axis',(-1.25535413093929E-32,1.,0.));
#7529=DIRECTION('center_axis',(1.,0.,0.));
#7530=DIRECTION('ref_axis',(0.,1.,0.));
#7531=DIRECTION('',(1.,0.,0.));
#7532=DIRECTION('center_axis',(1.,0.,0.));
#7533=DIRECTION('ref_axis',(0.,1.,0.));
#7534=DIRECTION('center_axis',(1.,0.,0.));
#7535=DIRECTION('ref_axis',(0.,1.,0.));
#7536=DIRECTION('',(1.,0.,0.));
#7537=DIRECTION('center_axis',(1.,0.,0.));
#7538=DIRECTION('ref_axis',(0.,1.,0.));
#7539=DIRECTION('center_axis',(1.66533453693773E-16,1.94289029309403E-16,
-1.));
#7540=DIRECTION('ref_axis',(-1.,-6.10622663543836E-16,-1.66533453693774E-16));
#7541=DIRECTION('center_axis',(-1.66533453693773E-16,-1.94289029309403E-16,
1.));
#7542=DIRECTION('ref_axis',(0.707106781186544,0.707106781186551,0.));
#7543=DIRECTION('',(6.10622663543835E-16,-1.,-1.94289029309403E-16));
#7544=DIRECTION('center_axis',(-1.66533453693773E-16,-1.94289029309403E-16,
1.));
#7545=DIRECTION('ref_axis',(0.707106781186554,-0.707106781186541,0.));
#7546=DIRECTION('',(-1.,-6.10622663543835E-16,-1.66533453693774E-16));
#7547=DIRECTION('center_axis',(-1.66533453693773E-16,-1.94289029309403E-16,
1.));
#7548=DIRECTION('ref_axis',(-0.707106781186544,-0.707106781186551,0.));
#7549=DIRECTION('',(-6.10622663543835E-16,1.,1.94289029309403E-16));
#7550=DIRECTION('center_axis',(-1.66533453693773E-16,-1.94289029309403E-16,
1.));
#7551=DIRECTION('ref_axis',(-0.707106781186551,0.707106781186544,0.));
#7552=DIRECTION('',(1.,6.10622663543835E-16,1.66533453693774E-16));
#7553=DIRECTION('center_axis',(0.,1.,0.));
#7554=DIRECTION('ref_axis',(0.,0.,1.));
#7555=DIRECTION('',(0.,0.,1.));
#7556=DIRECTION('',(0.,0.,1.));
#7557=DIRECTION('center_axis',(1.,0.,0.));
#7558=DIRECTION('ref_axis',(0.,0.,1.));
#7559=DIRECTION('',(0.,0.,-1.));
#7560=DIRECTION('center_axis',(0.,0.,-1.));
#7561=DIRECTION('ref_axis',(-0.707106781186548,0.707106781186548,0.));
#7562=DIRECTION('',(0.,0.,1.));
#7563=DIRECTION('center_axis',(1.,0.,0.));
#7564=DIRECTION('ref_axis',(0.,0.,1.));
#7565=DIRECTION('',(0.,0.,1.));
#7566=DIRECTION('center_axis',(0.,1.,0.));
#7567=DIRECTION('ref_axis',(0.,0.,1.));
#7568=DIRECTION('',(0.,0.,1.));
#7569=DIRECTION('center_axis',(1.,0.,0.));
#7570=DIRECTION('ref_axis',(0.,0.,1.));
#7571=DIRECTION('',(0.,0.,-1.));
#7572=DIRECTION('center_axis',(0.,0.,-1.));
#7573=DIRECTION('ref_axis',(-0.898717034272917,0.438529009653515,0.));
#7574=DIRECTION('',(0.,0.,1.));
#7575=DIRECTION('center_axis',(1.,0.,0.));
#7576=DIRECTION('ref_axis',(0.,0.,1.));
#7577=DIRECTION('',(0.,0.,1.));
#7578=DIRECTION('center_axis',(0.,1.,0.));
#7579=DIRECTION('ref_axis',(0.,0.,1.));
#7580=DIRECTION('',(0.,0.,1.));
#7581=DIRECTION('center_axis',(1.,0.,0.));
#7582=DIRECTION('ref_axis',(0.,0.,1.));
#7583=DIRECTION('',(0.,0.,1.));
#7584=DIRECTION('center_axis',(0.,1.,0.));
#7585=DIRECTION('ref_axis',(0.,0.,1.));
#7586=DIRECTION('',(0.,0.,1.));
#7587=DIRECTION('center_axis',(1.,0.,0.));
#7588=DIRECTION('ref_axis',(0.,0.,1.));
#7589=DIRECTION('',(0.,0.,-1.));
#7590=DIRECTION('center_axis',(0.,0.,-1.));
#7591=DIRECTION('ref_axis',(-0.898717034272915,-0.438529009653518,0.));
#7592=DIRECTION('',(0.,0.,1.));
#7593=DIRECTION('center_axis',(1.,0.,0.));
#7594=DIRECTION('ref_axis',(0.,0.,1.));
#7595=DIRECTION('',(0.,0.,1.));
#7596=DIRECTION('center_axis',(0.,1.,0.));
#7597=DIRECTION('ref_axis',(0.,0.,1.));
#7598=DIRECTION('',(0.,0.,1.));
#7599=DIRECTION('center_axis',(1.,0.,0.));
#7600=DIRECTION('ref_axis',(0.,0.,1.));
#7601=DIRECTION('',(0.,0.,-1.));
#7602=DIRECTION('center_axis',(0.,0.,-1.));
#7603=DIRECTION('ref_axis',(-0.707106781186548,-0.707106781186548,0.));
#7604=DIRECTION('',(0.,0.,1.));
#7605=DIRECTION('center_axis',(1.,0.,0.));
#7606=DIRECTION('ref_axis',(0.,0.,1.));
#7607=DIRECTION('',(0.,0.,1.));
#7608=DIRECTION('center_axis',(0.,1.,0.));
#7609=DIRECTION('ref_axis',(0.,0.,1.));
#7610=DIRECTION('',(0.,0.,1.));
#7611=DIRECTION('center_axis',(1.,0.,0.));
#7612=DIRECTION('ref_axis',(0.,0.,1.));
#7613=DIRECTION('',(0.,0.,-1.));
#7614=DIRECTION('center_axis',(0.,0.,-1.));
#7615=DIRECTION('ref_axis',(-0.438529009653513,-0.898717034272918,0.));
#7616=DIRECTION('',(0.,0.,1.));
#7617=DIRECTION('center_axis',(1.,0.,0.));
#7618=DIRECTION('ref_axis',(0.,0.,1.));
#7619=DIRECTION('',(0.,0.,1.));
#7620=DIRECTION('center_axis',(0.,1.,0.));
#7621=DIRECTION('ref_axis',(0.,0.,1.));
#7622=DIRECTION('',(0.,0.,1.));
#7623=DIRECTION('center_axis',(1.,0.,0.));
#7624=DIRECTION('ref_axis',(0.,0.,1.));
#7625=DIRECTION('',(0.,0.,1.));
#7626=DIRECTION('center_axis',(0.,1.,0.));
#7627=DIRECTION('ref_axis',(0.,0.,1.));
#7628=DIRECTION('',(0.,0.,1.));
#7629=DIRECTION('center_axis',(1.,0.,0.));
#7630=DIRECTION('ref_axis',(0.,0.,1.));
#7631=DIRECTION('',(0.,0.,-1.));
#7632=DIRECTION('center_axis',(0.,0.,-1.));
#7633=DIRECTION('ref_axis',(-0.438529009653517,0.898717034272916,0.));
#7634=DIRECTION('',(0.,0.,1.));
#7635=DIRECTION('center_axis',(1.,0.,0.));
#7636=DIRECTION('ref_axis',(0.,0.,1.));
#7637=DIRECTION('center_axis',(1.,0.,0.));
#7638=DIRECTION('ref_axis',(0.,0.,1.));
#7639=DIRECTION('',(0.,0.,1.));
#7640=DIRECTION('',(0.,0.,-1.));
#7641=DIRECTION('center_axis',(0.,0.,-1.));
#7642=DIRECTION('ref_axis',(1.,0.,0.));
#7643=DIRECTION('',(0.,0.,-1.));
#7644=DIRECTION('',(0.,0.,1.));
#7645=DIRECTION('center_axis',(0.,1.,0.));
#7646=DIRECTION('ref_axis',(0.,0.,1.));
#7647=DIRECTION('',(0.,0.,1.));
#7648=DIRECTION('center_axis',(1.,0.,0.));
#7649=DIRECTION('ref_axis',(0.,0.,1.));
#7650=DIRECTION('',(0.,0.,1.));
#7651=DIRECTION('center_axis',(0.,1.,0.));
#7652=DIRECTION('ref_axis',(0.,0.,1.));
#7653=DIRECTION('',(0.,0.,-1.));
#7654=DIRECTION('center_axis',(0.,0.,-1.));
#7655=DIRECTION('ref_axis',(1.,0.,0.));
#7656=DIRECTION('',(0.,0.,-1.));
#7657=DIRECTION('center_axis',(1.,0.,0.));
#7658=DIRECTION('ref_axis',(0.,0.,1.));
#7659=DIRECTION('',(0.,0.,1.));
#7660=DIRECTION('',(0.,0.,1.));
#7661=DIRECTION('center_axis',(0.,1.,0.));
#7662=DIRECTION('ref_axis',(0.,0.,1.));
#7663=DIRECTION('',(0.,0.,1.));
#7664=DIRECTION('center_axis',(1.,0.,0.));
#7665=DIRECTION('ref_axis',(0.,0.,1.));
#7666=DIRECTION('',(0.,0.,1.));
#7667=DIRECTION('center_axis',(0.,1.,0.));
#7668=DIRECTION('ref_axis',(0.,0.,1.));
#7669=DIRECTION('center_axis',(1.,0.,0.));
#7670=DIRECTION('ref_axis',(0.,0.,1.));
#7671=DIRECTION('',(0.,0.,1.));
#7672=DIRECTION('',(0.,0.,1.));
#7673=DIRECTION('center_axis',(0.,1.,0.));
#7674=DIRECTION('ref_axis',(0.,0.,1.));
#7675=DIRECTION('',(0.,0.,1.));
#7676=DIRECTION('center_axis',(1.,0.,0.));
#7677=DIRECTION('ref_axis',(0.,0.,1.));
#7678=DIRECTION('',(0.,0.,1.));
#7679=DIRECTION('center_axis',(0.,1.,0.));
#7680=DIRECTION('ref_axis',(0.,0.,1.));
#7681=DIRECTION('center_axis',(1.,0.,0.));
#7682=DIRECTION('ref_axis',(0.,0.,1.));
#7683=DIRECTION('',(0.,0.,1.));
#7684=DIRECTION('',(0.,0.,1.));
#7685=DIRECTION('center_axis',(0.,1.,0.));
#7686=DIRECTION('ref_axis',(0.,0.,1.));
#7687=DIRECTION('',(0.,0.,1.));
#7688=DIRECTION('center_axis',(1.,0.,0.));
#7689=DIRECTION('ref_axis',(0.,0.,1.));
#7690=DIRECTION('',(0.,0.,1.));
#7691=DIRECTION('center_axis',(0.,1.,0.));
#7692=DIRECTION('ref_axis',(0.,0.,1.));
#7693=DIRECTION('center_axis',(1.,0.,0.));
#7694=DIRECTION('ref_axis',(0.,0.,1.));
#7695=DIRECTION('',(0.,0.,1.));
#7696=DIRECTION('',(0.,0.,1.));
#7697=DIRECTION('center_axis',(0.,1.,0.));
#7698=DIRECTION('ref_axis',(0.,0.,1.));
#7699=DIRECTION('',(0.,0.,1.));
#7700=DIRECTION('center_axis',(1.,0.,0.));
#7701=DIRECTION('ref_axis',(0.,0.,1.));
#7702=DIRECTION('',(0.,0.,1.));
#7703=DIRECTION('center_axis',(0.,1.,0.));
#7704=DIRECTION('ref_axis',(0.,0.,1.));
#7705=DIRECTION('center_axis',(1.,0.,0.));
#7706=DIRECTION('ref_axis',(0.,0.,1.));
#7707=DIRECTION('',(0.,0.,1.));
#7708=DIRECTION('',(0.,0.,1.));
#7709=DIRECTION('center_axis',(0.,1.,0.));
#7710=DIRECTION('ref_axis',(0.,0.,1.));
#7711=DIRECTION('',(0.,0.,1.));
#7712=DIRECTION('center_axis',(1.,0.,0.));
#7713=DIRECTION('ref_axis',(0.,0.,1.));
#7714=DIRECTION('',(0.,0.,1.));
#7715=DIRECTION('center_axis',(0.,1.,0.));
#7716=DIRECTION('ref_axis',(0.,0.,1.));
#7717=DIRECTION('center_axis',(1.,0.,0.));
#7718=DIRECTION('ref_axis',(0.,0.,1.));
#7719=DIRECTION('',(0.,0.,1.));
#7720=DIRECTION('',(0.,0.,1.));
#7721=DIRECTION('center_axis',(0.,1.,0.));
#7722=DIRECTION('ref_axis',(0.,0.,1.));
#7723=DIRECTION('',(0.,0.,1.));
#7724=DIRECTION('center_axis',(1.,0.,0.));
#7725=DIRECTION('ref_axis',(0.,0.,1.));
#7726=DIRECTION('',(0.,0.,1.));
#7727=DIRECTION('center_axis',(0.,1.,0.));
#7728=DIRECTION('ref_axis',(0.,0.,1.));
#7729=DIRECTION('center_axis',(1.,0.,0.));
#7730=DIRECTION('ref_axis',(0.,0.,1.));
#7731=DIRECTION('',(0.,0.,1.));
#7732=DIRECTION('',(0.,1.,0.));
#7733=DIRECTION('',(0.,0.,1.));
#7734=DIRECTION('center_axis',(1.,0.,0.));
#7735=DIRECTION('ref_axis',(0.,0.,1.));
#7736=DIRECTION('',(0.,0.,1.));
#7737=DIRECTION('',(0.,0.,1.));
#7738=DIRECTION('center_axis',(0.,1.,0.));
#7739=DIRECTION('ref_axis',(0.,0.,1.));
#7740=DIRECTION('',(0.,0.,1.));
#7741=DIRECTION('center_axis',(1.,0.,0.));
#7742=DIRECTION('ref_axis',(0.,0.,1.));
#7743=DIRECTION('',(0.,0.,1.));
#7744=DIRECTION('center_axis',(0.,1.,0.));
#7745=DIRECTION('ref_axis',(0.,0.,1.));
#7746=DIRECTION('center_axis',(1.,0.,0.));
#7747=DIRECTION('ref_axis',(0.,0.,1.));
#7748=DIRECTION('',(0.,0.,1.));
#7749=DIRECTION('',(0.,0.,1.));
#7750=DIRECTION('center_axis',(0.,1.,0.));
#7751=DIRECTION('ref_axis',(0.,0.,1.));
#7752=DIRECTION('',(0.,0.,1.));
#7753=DIRECTION('center_axis',(1.,0.,0.));
#7754=DIRECTION('ref_axis',(0.,0.,1.));
#7755=DIRECTION('',(0.,0.,1.));
#7756=DIRECTION('center_axis',(0.,1.,0.));
#7757=DIRECTION('ref_axis',(0.,0.,1.));
#7758=DIRECTION('center_axis',(1.,0.,0.));
#7759=DIRECTION('ref_axis',(0.,0.,1.));
#7760=DIRECTION('',(0.,0.,1.));
#7761=DIRECTION('',(0.,0.,1.));
#7762=DIRECTION('center_axis',(0.,1.,0.));
#7763=DIRECTION('ref_axis',(0.,0.,1.));
#7764=DIRECTION('',(0.,0.,1.));
#7765=DIRECTION('center_axis',(1.,0.,0.));
#7766=DIRECTION('ref_axis',(0.,0.,1.));
#7767=DIRECTION('',(0.,0.,1.));
#7768=DIRECTION('center_axis',(0.,1.,0.));
#7769=DIRECTION('ref_axis',(0.,0.,1.));
#7770=DIRECTION('center_axis',(1.,0.,0.));
#7771=DIRECTION('ref_axis',(0.,0.,1.));
#7772=DIRECTION('',(0.,0.,1.));
#7773=DIRECTION('',(0.,0.,1.));
#7774=DIRECTION('center_axis',(0.,1.,0.));
#7775=DIRECTION('ref_axis',(0.,0.,1.));
#7776=DIRECTION('',(0.,0.,1.));
#7777=DIRECTION('center_axis',(1.,0.,0.));
#7778=DIRECTION('ref_axis',(0.,0.,1.));
#7779=DIRECTION('',(0.,0.,1.));
#7780=DIRECTION('center_axis',(0.,1.,0.));
#7781=DIRECTION('ref_axis',(0.,0.,1.));
#7782=DIRECTION('center_axis',(1.,0.,0.));
#7783=DIRECTION('ref_axis',(0.,0.,1.));
#7784=DIRECTION('',(0.,0.,1.));
#7785=DIRECTION('',(0.,0.,1.));
#7786=DIRECTION('center_axis',(0.,1.,0.));
#7787=DIRECTION('ref_axis',(0.,0.,1.));
#7788=DIRECTION('',(0.,0.,1.));
#7789=DIRECTION('center_axis',(1.,0.,0.));
#7790=DIRECTION('ref_axis',(0.,0.,1.));
#7791=DIRECTION('',(0.,0.,1.));
#7792=DIRECTION('center_axis',(0.,1.,0.));
#7793=DIRECTION('ref_axis',(0.,0.,1.));
#7794=DIRECTION('center_axis',(1.,0.,0.));
#7795=DIRECTION('ref_axis',(0.,0.,1.));
#7796=DIRECTION('',(0.,0.,1.));
#7797=DIRECTION('',(0.,0.,1.));
#7798=DIRECTION('center_axis',(0.,1.,0.));
#7799=DIRECTION('ref_axis',(0.,0.,1.));
#7800=DIRECTION('',(0.,0.,1.));
#7801=DIRECTION('center_axis',(1.,0.,0.));
#7802=DIRECTION('ref_axis',(0.,0.,1.));
#7803=DIRECTION('',(0.,0.,1.));
#7804=DIRECTION('center_axis',(0.,1.,0.));
#7805=DIRECTION('ref_axis',(0.,0.,1.));
#7806=DIRECTION('center_axis',(1.,0.,0.));
#7807=DIRECTION('ref_axis',(0.,0.,1.));
#7808=DIRECTION('',(0.,0.,1.));
#7809=DIRECTION('',(0.,0.,1.));
#7810=DIRECTION('',(0.,1.,0.));
#7811=DIRECTION('center_axis',(1.,0.,0.));
#7812=DIRECTION('ref_axis',(0.,0.,1.));
#7813=DIRECTION('',(0.,0.,1.));
#7814=DIRECTION('',(0.,0.,1.));
#7815=DIRECTION('center_axis',(0.,1.,0.));
#7816=DIRECTION('ref_axis',(0.,0.,1.));
#7817=DIRECTION('',(0.,0.,1.));
#7818=DIRECTION('center_axis',(1.,0.,0.));
#7819=DIRECTION('ref_axis',(0.,0.,1.));
#7820=DIRECTION('',(0.,0.,-1.));
#7821=DIRECTION('center_axis',(0.,0.,-1.));
#7822=DIRECTION('ref_axis',(0.707106781186548,0.707106781186548,0.));
#7823=DIRECTION('',(0.,0.,1.));
#7824=DIRECTION('center_axis',(1.,0.,0.));
#7825=DIRECTION('ref_axis',(0.,0.,1.));
#7826=DIRECTION('',(0.,0.,1.));
#7827=DIRECTION('center_axis',(0.,1.,0.));
#7828=DIRECTION('ref_axis',(0.,0.,1.));
#7829=DIRECTION('',(0.,0.,1.));
#7830=DIRECTION('center_axis',(1.,0.,0.));
#7831=DIRECTION('ref_axis',(0.,0.,1.));
#7832=DIRECTION('',(0.,0.,-1.));
#7833=DIRECTION('center_axis',(0.,0.,-1.));
#7834=DIRECTION('ref_axis',(0.438529009653517,0.898717034272916,0.));
#7835=DIRECTION('',(0.,0.,1.));
#7836=DIRECTION('center_axis',(1.,0.,0.));
#7837=DIRECTION('ref_axis',(0.,0.,1.));
#7838=DIRECTION('',(0.,0.,1.));
#7839=DIRECTION('center_axis',(0.,1.,0.));
#7840=DIRECTION('ref_axis',(0.,0.,1.));
#7841=DIRECTION('',(0.,0.,1.));
#7842=DIRECTION('center_axis',(1.,0.,0.));
#7843=DIRECTION('ref_axis',(0.,0.,1.));
#7844=DIRECTION('',(0.,0.,1.));
#7845=DIRECTION('center_axis',(0.,1.,0.));
#7846=DIRECTION('ref_axis',(0.,0.,1.));
#7847=DIRECTION('',(0.,0.,1.));
#7848=DIRECTION('center_axis',(1.,0.,0.));
#7849=DIRECTION('ref_axis',(0.,0.,1.));
#7850=DIRECTION('',(0.,0.,-1.));
#7851=DIRECTION('center_axis',(0.,0.,-1.));
#7852=DIRECTION('ref_axis',(-0.898717034272915,-0.438529009653518,0.));
#7853=DIRECTION('',(0.,0.,1.));
#7854=DIRECTION('center_axis',(1.,0.,0.));
#7855=DIRECTION('ref_axis',(0.,0.,1.));
#7856=DIRECTION('',(0.,0.,1.));
#7857=DIRECTION('center_axis',(0.,1.,0.));
#7858=DIRECTION('ref_axis',(0.,0.,1.));
#7859=DIRECTION('',(0.,0.,1.));
#7860=DIRECTION('center_axis',(1.,0.,0.));
#7861=DIRECTION('ref_axis',(0.,0.,1.));
#7862=DIRECTION('',(0.,0.,-1.));
#7863=DIRECTION('center_axis',(0.,0.,-1.));
#7864=DIRECTION('ref_axis',(-0.707106781186548,-0.707106781186548,0.));
#7865=DIRECTION('',(0.,0.,1.));
#7866=DIRECTION('center_axis',(1.,0.,0.));
#7867=DIRECTION('ref_axis',(0.,0.,1.));
#7868=DIRECTION('',(0.,0.,1.));
#7869=DIRECTION('center_axis',(0.,1.,0.));
#7870=DIRECTION('ref_axis',(0.,0.,1.));
#7871=DIRECTION('',(0.,0.,1.));
#7872=DIRECTION('center_axis',(1.,0.,0.));
#7873=DIRECTION('ref_axis',(0.,0.,1.));
#7874=DIRECTION('',(0.,0.,-1.));
#7875=DIRECTION('center_axis',(0.,0.,-1.));
#7876=DIRECTION('ref_axis',(-0.438529009653513,-0.898717034272918,0.));
#7877=DIRECTION('',(0.,0.,1.));
#7878=DIRECTION('center_axis',(1.,0.,0.));
#7879=DIRECTION('ref_axis',(0.,0.,1.));
#7880=DIRECTION('',(0.,0.,1.));
#7881=DIRECTION('center_axis',(0.,1.,0.));
#7882=DIRECTION('ref_axis',(0.,0.,1.));
#7883=DIRECTION('',(0.,0.,1.));
#7884=DIRECTION('center_axis',(1.,0.,0.));
#7885=DIRECTION('ref_axis',(0.,0.,1.));
#7886=DIRECTION('',(0.,0.,1.));
#7887=DIRECTION('center_axis',(0.,1.,0.));
#7888=DIRECTION('ref_axis',(0.,0.,1.));
#7889=DIRECTION('',(0.,0.,1.));
#7890=DIRECTION('center_axis',(1.,0.,0.));
#7891=DIRECTION('ref_axis',(0.,0.,1.));
#7892=DIRECTION('',(0.,0.,-1.));
#7893=DIRECTION('center_axis',(0.,0.,-1.));
#7894=DIRECTION('ref_axis',(-0.438529009653515,0.898717034272917,0.));
#7895=DIRECTION('center_axis',(0.,1.,0.));
#7896=DIRECTION('ref_axis',(0.,0.,1.));
#7897=DIRECTION('',(-1.,0.,0.));
#7898=DIRECTION('',(0.,0.,1.));
#7899=DIRECTION('',(0.,0.,1.));
#7900=DIRECTION('center_axis',(1.,0.,0.));
#7901=DIRECTION('ref_axis',(0.,0.,1.));
#7902=DIRECTION('',(0.,-1.,0.));
#7903=DIRECTION('',(0.,0.,1.));
#7904=DIRECTION('center_axis',(0.,1.,0.));
#7905=DIRECTION('ref_axis',(0.,0.,1.));
#7906=DIRECTION('',(-1.,0.,0.));
#7907=DIRECTION('',(0.,0.,1.));
#7908=DIRECTION('center_axis',(1.,0.,0.));
#7909=DIRECTION('ref_axis',(0.,0.,1.));
#7910=DIRECTION('center_axis',(-1.,0.,0.));
#7911=DIRECTION('ref_axis',(0.,-0.866025403784329,-0.50000000000019));
#7912=DIRECTION('',(0.,1.,0.));
#7913=DIRECTION('center_axis',(1.,0.,0.));
#7914=DIRECTION('ref_axis',(0.,0.866025403784329,-0.50000000000019));
#7915=DIRECTION('',(0.,1.,0.));
#7916=DIRECTION('',(0.,0.,-1.));
#7917=DIRECTION('',(0.,1.,0.));
#7918=DIRECTION('',(0.,0.,-1.));
#7919=DIRECTION('',(0.,-1.,0.));
#7920=DIRECTION('',(0.,0.,-1.));
#7921=DIRECTION('',(0.,1.,0.));
#7922=DIRECTION('',(0.,0.,-1.));
#7923=DIRECTION('',(0.,1.,0.));
#7924=DIRECTION('',(0.,1.,0.));
#7925=DIRECTION('center_axis',(1.,5.02141652375717E-32,0.));
#7926=DIRECTION('ref_axis',(-5.02141652375717E-32,1.,0.));
#7927=DIRECTION('center_axis',(1.,3.76606239281788E-32,0.));
#7928=DIRECTION('ref_axis',(-3.76606239281788E-32,1.,0.));
#7929=DIRECTION('center_axis',(-6.10622663543835E-16,1.,1.94289029309403E-16));
#7930=DIRECTION('ref_axis',(1.,6.10622663543835E-16,1.77624026398841E-16));
#7931=DIRECTION('',(-1.66533453693773E-16,-1.94289029309403E-16,1.));
#7932=DIRECTION('',(1.66533453693773E-16,1.94289029309403E-16,-1.));
#7933=DIRECTION('center_axis',(1.66533453693773E-16,1.94289029309403E-16,
-1.));
#7934=DIRECTION('ref_axis',(0.707106781186544,0.707106781186551,0.));
#7935=DIRECTION('',(1.66533453693773E-16,1.94289029309403E-16,-1.));
#7936=DIRECTION('center_axis',(1.,6.10622663543835E-16,1.66533453693774E-16));
#7937=DIRECTION('ref_axis',(6.10622663543835E-16,-1.,-1.18907529919539E-16));
#7938=DIRECTION('',(-1.66533453693773E-16,-1.94289029309403E-16,1.));
#7939=DIRECTION('center_axis',(1.66533453693773E-16,1.94289029309403E-16,
-1.));
#7940=DIRECTION('ref_axis',(0.707106781186554,-0.707106781186541,0.));
#7941=DIRECTION('',(1.66533453693773E-16,1.94289029309403E-16,-1.));
#7942=DIRECTION('center_axis',(6.10622663543835E-16,-1.,-1.94289029309403E-16));
#7943=DIRECTION('ref_axis',(-1.,-6.10622663543835E-16,-1.77624026398841E-16));
#7944=DIRECTION('',(-1.66533453693773E-16,-1.94289029309403E-16,1.));
#7945=DIRECTION('center_axis',(1.66533453693773E-16,1.94289029309403E-16,
-1.));
#7946=DIRECTION('ref_axis',(-0.707106781186544,-0.707106781186551,0.));
#7947=DIRECTION('',(1.66533453693773E-16,1.94289029309403E-16,-1.));
#7948=DIRECTION('center_axis',(-1.,-6.10622663543835E-16,-1.66533453693774E-16));
#7949=DIRECTION('ref_axis',(-6.10622663543835E-16,1.,1.18907529919539E-16));
#7950=DIRECTION('',(-1.66533453693773E-16,-1.94289029309403E-16,1.));
#7951=DIRECTION('center_axis',(1.66533453693773E-16,1.94289029309403E-16,
-1.));
#7952=DIRECTION('ref_axis',(-0.707106781186551,0.707106781186544,0.));
#7953=DIRECTION('center_axis',(1.,6.10622663543835E-16,1.66533453693774E-16));
#7954=DIRECTION('ref_axis',(6.10622663543835E-16,-1.,-1.18907529919539E-16));
#7955=DIRECTION('',(1.66533453693773E-16,1.94289029309403E-16,-1.));
#7956=DIRECTION('',(-1.66533453693773E-16,-1.94289029309403E-16,1.));
#7957=DIRECTION('',(6.10622663543835E-16,-1.,-1.94289029309403E-16));
#7958=DIRECTION('center_axis',(1.66533453693773E-16,1.94289029309403E-16,
-1.));
#7959=DIRECTION('ref_axis',(0.707106781186548,-0.707106781186548,0.));
#7960=DIRECTION('center_axis',(-1.66533453693773E-16,-1.94289029309403E-16,
1.));
#7961=DIRECTION('ref_axis',(0.707106781186548,-0.707106781186548,0.));
#7962=DIRECTION('',(1.66533453693773E-16,1.94289029309403E-16,-1.));
#7963=DIRECTION('center_axis',(6.10622663543835E-16,-1.,-1.94289029309403E-16));
#7964=DIRECTION('ref_axis',(-1.,-6.10622663543835E-16,-1.77624026398841E-16));
#7965=DIRECTION('',(-1.66533453693773E-16,-1.94289029309403E-16,1.));
#7966=DIRECTION('',(-1.,-6.10622663543835E-16,-1.66533453693774E-16));
#7967=DIRECTION('center_axis',(0.,1.,0.));
#7968=DIRECTION('ref_axis',(0.,0.,1.));
#7969=DIRECTION('',(0.,0.,1.));
#7970=DIRECTION('',(-1.,0.,0.));
#7971=DIRECTION('center_axis',(0.,1.,0.));
#7972=DIRECTION('ref_axis',(0.,0.,1.));
#7973=DIRECTION('',(0.,0.,-1.));
#7974=DIRECTION('',(-1.,0.,0.));
#7975=DIRECTION('center_axis',(0.,1.,0.));
#7976=DIRECTION('ref_axis',(0.,0.,1.));
#7977=DIRECTION('',(0.,0.,1.));
#7978=DIRECTION('center_axis',(1.,0.,0.));
#7979=DIRECTION('ref_axis',(0.,0.,1.));
#7980=DIRECTION('',(0.,0.,-1.));
#7981=DIRECTION('',(0.,1.,0.));
#7982=DIRECTION('',(0.,0.,1.));
#7983=DIRECTION('center_axis',(0.,1.,0.));
#7984=DIRECTION('ref_axis',(0.,0.,1.));
#7985=DIRECTION('',(0.,0.,-1.));
#7986=DIRECTION('',(-1.,0.,0.));
#7987=DIRECTION('center_axis',(0.,0.,1.));
#7988=DIRECTION('ref_axis',(1.,0.,0.));
#7989=DIRECTION('center_axis',(0.,0.,1.));
#7990=DIRECTION('ref_axis',(1.,0.,0.));
#7991=DIRECTION('center_axis',(0.,0.,1.));
#7992=DIRECTION('ref_axis',(1.,0.,0.));
#7993=DIRECTION('center_axis',(1.,0.,0.));
#7994=DIRECTION('ref_axis',(0.,0.,1.));
#7995=DIRECTION('',(0.,1.,0.));
#7996=DIRECTION('',(0.,0.,-1.));
#7997=DIRECTION('',(0.,0.,1.));
#7998=DIRECTION('center_axis',(0.,0.,1.));
#7999=DIRECTION('ref_axis',(1.,0.,0.));
#8000=DIRECTION('center_axis',(0.,0.,1.));
#8001=DIRECTION('ref_axis',(1.,0.,0.));
#8002=DIRECTION('center_axis',(0.,0.,1.));
#8003=DIRECTION('ref_axis',(1.,0.,0.));
#8004=DIRECTION('center_axis',(0.,0.,1.));
#8005=DIRECTION('ref_axis',(1.,0.,0.));
#8006=DIRECTION('center_axis',(0.,0.,1.));
#8007=DIRECTION('ref_axis',(1.,0.,0.));
#8008=DIRECTION('',(-1.,0.,0.));
#8009=DIRECTION('center_axis',(0.,1.,0.));
#8010=DIRECTION('ref_axis',(0.,0.,1.));
#8011=DIRECTION('',(0.,0.,1.));
#8012=DIRECTION('center_axis',(-1.,-5.02141652375717E-32,0.));
#8013=DIRECTION('ref_axis',(-5.02141652375717E-32,1.,0.));
#8014=DIRECTION('',(-1.,-5.02141652375717E-32,0.));
#8015=DIRECTION('center_axis',(-1.,-3.76606239281788E-32,0.));
#8016=DIRECTION('ref_axis',(-3.76606239281788E-32,1.,0.));
#8017=DIRECTION('',(-1.,-3.76606239281787E-32,0.));
#8018=DIRECTION('center_axis',(-1.,0.,0.));
#8019=DIRECTION('ref_axis',(0.,1.59265981952815E-15,1.));
#8020=DIRECTION('',(-1.,0.,0.));
#8021=DIRECTION('',(1.,0.,0.));
#8022=DIRECTION('center_axis',(0.,0.,1.));
#8023=DIRECTION('ref_axis',(1.,0.,0.));
#8024=DIRECTION('',(1.,0.,0.));
#8025=DIRECTION('center_axis',(0.,1.,0.));
#8026=DIRECTION('ref_axis',(0.,0.,1.));
#8027=DIRECTION('',(1.,0.,0.));
#8028=DIRECTION('center_axis',(0.,0.,1.));
#8029=DIRECTION('ref_axis',(1.,0.,0.));
#8030=DIRECTION('',(1.,0.,0.));
#8031=DIRECTION('center_axis',(0.,1.,0.));
#8032=DIRECTION('ref_axis',(0.,0.,1.));
#8033=DIRECTION('',(1.,0.,0.));
#8034=DIRECTION('center_axis',(0.,0.,1.));
#8035=DIRECTION('ref_axis',(1.,0.,0.));
#8036=DIRECTION('',(1.,0.,0.));
#8037=DIRECTION('center_axis',(0.,1.,0.));
#8038=DIRECTION('ref_axis',(0.,0.,1.));
#8039=DIRECTION('',(1.,0.,0.));
#8040=DIRECTION('center_axis',(0.,0.,1.));
#8041=DIRECTION('ref_axis',(1.,0.,0.));
#8042=DIRECTION('',(1.,0.,0.));
#8043=DIRECTION('center_axis',(0.,1.,0.));
#8044=DIRECTION('ref_axis',(0.,0.,1.));
#8045=DIRECTION('',(1.,0.,0.));
#8046=DIRECTION('center_axis',(-1.,0.,0.));
#8047=DIRECTION('ref_axis',(0.,-1.83697019872103E-16,1.));
#8048=DIRECTION('',(-1.,0.,0.));
#8049=DIRECTION('',(1.,0.,0.));
#8050=DIRECTION('center_axis',(0.,0.,1.));
#8051=DIRECTION('ref_axis',(1.,0.,0.));
#8052=DIRECTION('center_axis',(0.,0.,1.));
#8053=DIRECTION('ref_axis',(1.,0.,0.));
#8054=DIRECTION('center_axis',(1.66533453693773E-16,1.94289029309403E-16,
-1.));
#8055=DIRECTION('ref_axis',(-0.707106781186548,-0.707106781186548,0.));
#8056=DIRECTION('center_axis',(-1.66533453693773E-16,-1.94289029309403E-16,
1.));
#8057=DIRECTION('ref_axis',(-0.707106781186548,-0.707106781186548,0.));
#8058=DIRECTION('center_axis',(0.,0.,1.));
#8059=DIRECTION('ref_axis',(1.,0.,0.));
#8060=DIRECTION('',(0.,1.,0.));
#8061=DIRECTION('center_axis',(0.,0.,1.));
#8062=DIRECTION('ref_axis',(-1.,0.,0.));
#8063=DIRECTION('center_axis',(0.,0.,1.));
#8064=DIRECTION('ref_axis',(1.,0.,0.));
#8065=DIRECTION('center_axis',(0.,0.,1.));
#8066=DIRECTION('ref_axis',(-1.,0.,0.));
#8067=DIRECTION('center_axis',(0.,0.,1.));
#8068=DIRECTION('ref_axis',(1.,0.,0.));
#8069=DIRECTION('center_axis',(1.66533453693773E-16,1.94289029309403E-16,
-1.));
#8070=DIRECTION('ref_axis',(-1.,-6.10622663543836E-16,-1.66533453693774E-16));
#8071=DIRECTION('center_axis',(-1.66533453693773E-16,-1.94289029309403E-16,
1.));
#8072=DIRECTION('ref_axis',(-0.707106781186551,0.707106781186544,0.));
#8073=DIRECTION('center_axis',(-1.66533453693773E-16,-1.94289029309403E-16,
1.));
#8074=DIRECTION('ref_axis',(0.707106781186551,0.707106781186544,0.));
#8075=DIRECTION('center_axis',(1.66533453693773E-16,1.94289029309403E-16,
-1.));
#8076=DIRECTION('ref_axis',(0.707106781186551,0.707106781186544,0.));
#8077=DIRECTION('center_axis',(1.66533453693773E-16,1.94289029309403E-16,
-1.));
#8078=DIRECTION('ref_axis',(-0.707106781186551,0.707106781186544,0.));
#8079=DIRECTION('center_axis',(0.,0.,1.));
#8080=DIRECTION('ref_axis',(-0.707106781186548,-0.707106781186548,0.));
#8081=DIRECTION('center_axis',(0.,0.,1.));
#8082=DIRECTION('ref_axis',(-0.707106781186548,-0.707106781186548,0.));
#8083=DIRECTION('center_axis',(0.,0.,-1.));
#8084=DIRECTION('ref_axis',(1.,0.,0.));
#8085=DIRECTION('',(0.,0.,-1.));
#8086=DIRECTION('center_axis',(0.,0.,-1.));
#8087=DIRECTION('ref_axis',(1.,0.,0.));
#8088=DIRECTION('',(0.,0.,-1.));
#8089=DIRECTION('center_axis',(0.,0.,-1.));
#8090=DIRECTION('ref_axis',(1.,0.,0.));
#8091=DIRECTION('',(0.,0.,-1.));
#8092=DIRECTION('center_axis',(0.,0.,-1.));
#8093=DIRECTION('ref_axis',(1.,0.,0.));
#8094=DIRECTION('',(0.,0.,-1.));
#8095=DIRECTION('center_axis',(1.66533453693773E-16,1.94289029309403E-16,
-1.));
#8096=DIRECTION('ref_axis',(-0.707106781186548,-0.707106781186548,0.));
#8097=DIRECTION('center_axis',(0.,0.,1.));
#8098=DIRECTION('ref_axis',(-1.,0.,0.));
#8099=DIRECTION('',(0.,0.,1.));
#8100=DIRECTION('center_axis',(1.,0.,0.));
#8101=DIRECTION('ref_axis',(0.,0.,1.));
#8102=DIRECTION('',(0.,0.,1.));
#8103=DIRECTION('center_axis',(0.,0.,1.));
#8104=DIRECTION('ref_axis',(-1.,0.,0.));
#8105=DIRECTION('center_axis',(0.,0.,-1.));
#8106=DIRECTION('ref_axis',(-0.707106781186548,0.707106781186548,0.));
#8107=DIRECTION('center_axis',(0.,0.,1.));
#8108=DIRECTION('ref_axis',(-0.707106781186548,0.707106781186548,0.));
#8109=DIRECTION('center_axis',(0.,0.,1.));
#8110=DIRECTION('ref_axis',(1.,0.,0.));
#8111=DIRECTION('',(-1.1090572705068E-17,7.53814993898644E-17,1.00000000000001));
#8112=DIRECTION('',(0.999999999999998,-6.10622663543838E-16,-1.66533453693773E-16));
#8113=CARTESIAN_POINT('',(0.,0.,0.));
#8114=CARTESIAN_POINT('',(0.,0.,0.));
#8115=CARTESIAN_POINT('Origin',(0.,0.,16.8));
#8116=CARTESIAN_POINT('',(52.2,78.3201951517668,16.8));
#8117=CARTESIAN_POINT('',(52.1999437602193,78.3095896626898,16.8));
#8118=CARTESIAN_POINT('Origin',(53.1999437602193,78.3095896626898,16.8));
#8119=CARTESIAN_POINT('',(52.2,74.2989841736135,16.8));
#8120=CARTESIAN_POINT('',(52.2,4.,16.8));
#8121=CARTESIAN_POINT('',(52.1999437602193,74.3095896626897,16.8));
#8122=CARTESIAN_POINT('Origin',(53.1999437602193,74.3095896626897,16.8));
#8123=CARTESIAN_POINT('',(52.1999437602193,38.6547948313449,16.8));
#8124=CARTESIAN_POINT('Origin',(0.,0.,16.8));
#8125=CARTESIAN_POINT('',(53.1999437602193,73.3095896626897,16.8));
#8126=CARTESIAN_POINT('Origin',(53.1999437602193,74.3095896626897,16.8));
#8127=CARTESIAN_POINT('',(52.2,6.31244047484067,16.8));
#8128=CARTESIAN_POINT('',(52.2,4.,16.8));
#8129=CARTESIAN_POINT('',(54.2,6.31244047484067,16.8));
#8130=CARTESIAN_POINT('Origin',(53.2,5.,16.8));
#8131=CARTESIAN_POINT('',(54.2,73.3095896626897,16.8));
#8132=CARTESIAN_POINT('',(54.2,4.,16.8));
#8133=CARTESIAN_POINT('',(26.6514718801096,73.3095896626897,16.8));
#8134=CARTESIAN_POINT('Origin',(53.1999437602193,74.3095896626897,12.7999999909485));
#8135=CARTESIAN_POINT('',(53.1999437602193,73.3095896626897,8.96));
#8136=CARTESIAN_POINT('',(52.1999437602193,74.3095896626897,8.96));
#8137=CARTESIAN_POINT('Origin',(53.1999437602193,74.3095896626897,8.96000000000003));
#8138=CARTESIAN_POINT('',(52.1999437602193,74.3095896626897,12.7999999909485));
#8139=CARTESIAN_POINT('',(53.1999437602193,73.3095896626897,12.7999999909485));
#8140=CARTESIAN_POINT('Origin',(52.1999437602193,77.3095896626897,12.7999999909485));
#8141=CARTESIAN_POINT('',(52.1999437602193,78.3095896626898,8.96));
#8142=CARTESIAN_POINT('',(52.1999437602193,39.9047948313449,8.96));
#8143=CARTESIAN_POINT('',(52.1999437602193,78.3095896626898,12.7999999909485));
#8144=CARTESIAN_POINT('Origin',(53.1999437602193,78.3095896626898,12.7999999909485));
#8145=CARTESIAN_POINT('',(53.1999437602193,79.3095896626898,8.96));
#8146=CARTESIAN_POINT('Origin',(53.1999437602193,78.3095896626898,8.96000000000003));
#8147=CARTESIAN_POINT('',(53.1999437602193,79.3095896626898,16.8));
#8148=CARTESIAN_POINT('',(53.1999437602193,79.3095896626898,12.7999999909485));
#8149=CARTESIAN_POINT('Origin',(53.1999437602193,78.3095896626898,16.8));
#8150=CARTESIAN_POINT('Origin',(57.3029437602193,79.3095896626898,12.7999999909485));
#8151=CARTESIAN_POINT('',(57.1999437602193,79.3095896626898,8.96));
#8152=CARTESIAN_POINT('',(29.9014718801096,79.3095896626897,8.96));
#8153=CARTESIAN_POINT('',(57.1999437602193,79.3095896626898,16.8));
#8154=CARTESIAN_POINT('',(57.1999437602193,79.3095896626898,12.7999999909485));
#8155=CARTESIAN_POINT('',(28.6514718801096,79.3095896626897,16.8));
#8156=CARTESIAN_POINT('Origin',(0.,0.,16.8));
#8157=CARTESIAN_POINT('',(0.,0.,16.8));
#8158=CARTESIAN_POINT('',(116.4,0.,16.8));
#8159=CARTESIAN_POINT('',(0.,0.,16.8));
#8160=CARTESIAN_POINT('',(116.4,88.,16.8));
#8161=CARTESIAN_POINT('',(116.4,0.,16.8));
#8162=CARTESIAN_POINT('',(0.,88.,16.8));
#8163=CARTESIAN_POINT('',(0.,88.,16.8));
#8164=CARTESIAN_POINT('',(0.,0.,16.8));
#8165=CARTESIAN_POINT('',(52.2,81.6875595251594,16.8));
#8166=CARTESIAN_POINT('',(52.2,4.,16.8));
#8167=CARTESIAN_POINT('',(58.1999437602193,78.3095896626898,16.8));
#8168=CARTESIAN_POINT('Origin',(57.1999437602193,78.3095896626898,16.8));
#8169=CARTESIAN_POINT('',(58.1999437602193,74.3095896626897,16.8));
#8170=CARTESIAN_POINT('',(58.1999437602193,36.6547948313449,16.8));
#8171=CARTESIAN_POINT('',(57.1999437602193,73.3095896626897,16.8));
#8172=CARTESIAN_POINT('Origin',(57.1999437602193,74.3095896626897,16.8));
#8173=CARTESIAN_POINT('',(56.2,73.3095896626897,16.8));
#8174=CARTESIAN_POINT('',(26.6514718801096,73.3095896626897,16.8));
#8175=CARTESIAN_POINT('',(56.2,4.,16.8));
#8176=CARTESIAN_POINT('',(56.2,4.,16.8));
#8177=CARTESIAN_POINT('',(54.5124404748407,4.,16.8));
#8178=CARTESIAN_POINT('',(54.2,4.,16.8));
#8179=CARTESIAN_POINT('',(51.8875595251593,4.,16.8));
#8180=CARTESIAN_POINT('Origin',(53.2,5.,16.8));
#8181=CARTESIAN_POINT('',(50.2,4.,16.8));
#8182=CARTESIAN_POINT('',(50.2,4.,16.8));
#8183=CARTESIAN_POINT('',(50.2,84.,16.8));
#8184=CARTESIAN_POINT('',(50.2,4.,16.8));
#8185=CARTESIAN_POINT('',(51.8875595251593,84.,16.8));
#8186=CARTESIAN_POINT('',(50.2,84.,16.8));
#8187=CARTESIAN_POINT('Origin',(53.2,83.,16.8));
#8188=CARTESIAN_POINT('',(34.2,4.,16.8));
#8189=CARTESIAN_POINT('',(34.2,22.8765246170202,16.8));
#8190=CARTESIAN_POINT('',(34.2,4.,16.8));
#8191=CARTESIAN_POINT('',(32.2,22.8765246170202,16.8));
#8192=CARTESIAN_POINT('Origin',(33.2,22.8765246170202,16.8));
#8193=CARTESIAN_POINT('',(32.2,4.,16.8));
#8194=CARTESIAN_POINT('',(32.2,4.,16.8));
#8195=CARTESIAN_POINT('',(30.2,4.,16.8));
#8196=CARTESIAN_POINT('',(30.2,4.,16.8));
#8197=CARTESIAN_POINT('',(30.2,84.,16.8));
#8198=CARTESIAN_POINT('',(30.2,4.,16.8));
#8199=CARTESIAN_POINT('',(32.2,84.,16.8));
#8200=CARTESIAN_POINT('',(30.2,84.,16.8));
#8201=CARTESIAN_POINT('',(32.2,65.1234753829798,16.8));
#8202=CARTESIAN_POINT('',(32.2,4.,16.8));
#8203=CARTESIAN_POINT('',(34.2,65.1234753829798,16.8));
#8204=CARTESIAN_POINT('Origin',(33.2,65.1234753829798,16.8));
#8205=CARTESIAN_POINT('',(34.2,84.,16.8));
#8206=CARTESIAN_POINT('',(34.2,4.,16.8));
#8207=CARTESIAN_POINT('',(36.2,84.,16.8));
#8208=CARTESIAN_POINT('',(34.2,84.,16.8));
#8209=CARTESIAN_POINT('',(36.2,66.5,16.8));
#8210=CARTESIAN_POINT('',(36.2,4.,16.8));
#8211=CARTESIAN_POINT('',(38.2,66.5,16.8));
#8212=CARTESIAN_POINT('Origin',(37.2,66.5,16.8));
#8213=CARTESIAN_POINT('',(38.2,84.,16.8));
#8214=CARTESIAN_POINT('',(38.2,4.,16.8));
#8215=CARTESIAN_POINT('',(40.2,84.,16.8));
#8216=CARTESIAN_POINT('',(38.2,84.,16.8));
#8217=CARTESIAN_POINT('',(40.2,65.1234753829798,16.8));
#8218=CARTESIAN_POINT('',(40.2,4.,16.8));
#8219=CARTESIAN_POINT('',(42.2,65.1234753829798,16.8));
#8220=CARTESIAN_POINT('Origin',(41.2,65.1234753829798,16.8));
#8221=CARTESIAN_POINT('',(42.2,84.,16.8));
#8222=CARTESIAN_POINT('',(42.2,4.,16.8));
#8223=CARTESIAN_POINT('',(44.2,84.,16.8));
#8224=CARTESIAN_POINT('',(42.2,84.,16.8));
#8225=CARTESIAN_POINT('',(44.2,4.,16.8));
#8226=CARTESIAN_POINT('',(44.2,4.,16.8));
#8227=CARTESIAN_POINT('',(42.2,4.,16.8));
#8228=CARTESIAN_POINT('',(42.2,4.,16.8));
#8229=CARTESIAN_POINT('',(42.2,22.8765246170202,16.8));
#8230=CARTESIAN_POINT('',(42.2,4.,16.8));
#8231=CARTESIAN_POINT('',(40.2,22.8765246170202,16.8));
#8232=CARTESIAN_POINT('Origin',(41.2,22.8765246170202,16.8));
#8233=CARTESIAN_POINT('',(40.2,4.,16.8));
#8234=CARTESIAN_POINT('',(40.2,4.,16.8));
#8235=CARTESIAN_POINT('',(38.2,4.,16.8));
#8236=CARTESIAN_POINT('',(38.2,4.,16.8));
#8237=CARTESIAN_POINT('',(38.2,21.5,16.8));
#8238=CARTESIAN_POINT('',(38.2,4.,16.8));
#8239=CARTESIAN_POINT('',(36.2,21.5,16.8));
#8240=CARTESIAN_POINT('Origin',(37.2,21.5,16.8));
#8241=CARTESIAN_POINT('',(36.2,4.,16.8));
#8242=CARTESIAN_POINT('',(36.2,4.,16.8));
#8243=CARTESIAN_POINT('',(34.2,4.,16.8));
#8244=CARTESIAN_POINT('',(6.31244047484067,4.,16.8));
#8245=CARTESIAN_POINT('',(8.2,4.,16.8));
#8246=CARTESIAN_POINT('',(6.2,4.,16.8));
#8247=CARTESIAN_POINT('',(3.35,5.,16.8));
#8248=CARTESIAN_POINT('Origin',(5.,5.,16.8));
#8249=CARTESIAN_POINT('',(6.2,6.13247516529061,16.8));
#8250=CARTESIAN_POINT('Origin',(5.,5.,16.8));
#8251=CARTESIAN_POINT('',(6.2,81.8675248347094,16.8));
#8252=CARTESIAN_POINT('',(6.2,4.,16.8));
#8253=CARTESIAN_POINT('',(3.35,83.,16.8));
#8254=CARTESIAN_POINT('Origin',(5.,83.,16.8));
#8255=CARTESIAN_POINT('',(6.31244047484067,84.,16.8));
#8256=CARTESIAN_POINT('Origin',(5.,83.,16.8));
#8257=CARTESIAN_POINT('',(8.2,84.,16.8));
#8258=CARTESIAN_POINT('',(6.2,84.,16.8));
#8259=CARTESIAN_POINT('',(8.2,4.,16.8));
#8260=CARTESIAN_POINT('',(10.2,84.,16.8));
#8261=CARTESIAN_POINT('',(12.2,84.,16.8));
#8262=CARTESIAN_POINT('',(10.2,84.,16.8));
#8263=CARTESIAN_POINT('',(12.2,4.,16.8));
#8264=CARTESIAN_POINT('',(12.2,4.,16.8));
#8265=CARTESIAN_POINT('',(10.2,4.,16.8));
#8266=CARTESIAN_POINT('',(10.2,4.,16.8));
#8267=CARTESIAN_POINT('',(10.2,4.,16.8));
#8268=CARTESIAN_POINT('',(14.2,84.,16.8));
#8269=CARTESIAN_POINT('',(16.2,84.,16.8));
#8270=CARTESIAN_POINT('',(14.2,84.,16.8));
#8271=CARTESIAN_POINT('',(16.2,4.,16.8));
#8272=CARTESIAN_POINT('',(16.2,4.,16.8));
#8273=CARTESIAN_POINT('',(14.2,4.,16.8));
#8274=CARTESIAN_POINT('',(14.2,4.,16.8));
#8275=CARTESIAN_POINT('',(14.2,4.,16.8));
#8276=CARTESIAN_POINT('',(18.2,84.,16.8));
#8277=CARTESIAN_POINT('',(20.2,84.,16.8));
#8278=CARTESIAN_POINT('',(18.2,84.,16.8));
#8279=CARTESIAN_POINT('',(20.2,4.,16.8));
#8280=CARTESIAN_POINT('',(20.2,4.,16.8));
#8281=CARTESIAN_POINT('',(18.2,4.,16.8));
#8282=CARTESIAN_POINT('',(18.2,4.,16.8));
#8283=CARTESIAN_POINT('',(18.2,4.,16.8));
#8284=CARTESIAN_POINT('',(22.2,84.,16.8));
#8285=CARTESIAN_POINT('',(24.2,84.,16.8));
#8286=CARTESIAN_POINT('',(22.2,84.,16.8));
#8287=CARTESIAN_POINT('',(24.2,4.,16.8));
#8288=CARTESIAN_POINT('',(24.2,4.,16.8));
#8289=CARTESIAN_POINT('',(22.2,4.,16.8));
#8290=CARTESIAN_POINT('',(22.2,4.,16.8));
#8291=CARTESIAN_POINT('',(22.2,4.,16.8));
#8292=CARTESIAN_POINT('',(26.2,84.,16.8));
#8293=CARTESIAN_POINT('',(28.2,84.,16.8));
#8294=CARTESIAN_POINT('',(26.2,84.,16.8));
#8295=CARTESIAN_POINT('',(28.2,4.,16.8));
#8296=CARTESIAN_POINT('',(28.2,4.,16.8));
#8297=CARTESIAN_POINT('',(26.2,4.,16.8));
#8298=CARTESIAN_POINT('',(26.2,4.,16.8));
#8299=CARTESIAN_POINT('',(26.2,4.,16.8));
#8300=CARTESIAN_POINT('',(46.2,84.,16.8));
#8301=CARTESIAN_POINT('',(48.2,84.,16.8));
#8302=CARTESIAN_POINT('',(46.2,84.,16.8));
#8303=CARTESIAN_POINT('',(48.2,4.,16.8));
#8304=CARTESIAN_POINT('',(48.2,4.,16.8));
#8305=CARTESIAN_POINT('',(46.2,4.,16.8));
#8306=CARTESIAN_POINT('',(46.2,4.,16.8));
#8307=CARTESIAN_POINT('',(46.2,4.,16.8));
#8308=CARTESIAN_POINT('',(78.2,84.,16.8));
#8309=CARTESIAN_POINT('',(80.2,84.,16.8));
#8310=CARTESIAN_POINT('',(78.2,84.,16.8));
#8311=CARTESIAN_POINT('',(80.2,4.,16.8));
#8312=CARTESIAN_POINT('',(80.2,4.,16.8));
#8313=CARTESIAN_POINT('',(78.2,4.,16.8));
#8314=CARTESIAN_POINT('',(78.2,4.,16.8));
#8315=CARTESIAN_POINT('',(78.2,4.,16.8));
#8316=CARTESIAN_POINT('',(82.2,84.,16.8));
#8317=CARTESIAN_POINT('',(84.2,84.,16.8));
#8318=CARTESIAN_POINT('',(82.2,84.,16.8));
#8319=CARTESIAN_POINT('',(84.2,4.,16.8));
#8320=CARTESIAN_POINT('',(84.2,4.,16.8));
#8321=CARTESIAN_POINT('',(82.2,4.,16.8));
#8322=CARTESIAN_POINT('',(82.2,4.,16.8));
#8323=CARTESIAN_POINT('',(82.2,4.,16.8));
#8324=CARTESIAN_POINT('',(86.2,84.,16.8));
#8325=CARTESIAN_POINT('',(88.2,84.,16.8));
#8326=CARTESIAN_POINT('',(86.2,84.,16.8));
#8327=CARTESIAN_POINT('',(88.2,4.,16.8));
#8328=CARTESIAN_POINT('',(88.2,4.,16.8));
#8329=CARTESIAN_POINT('',(86.2,4.,16.8));
#8330=CARTESIAN_POINT('',(86.2,4.,16.8));
#8331=CARTESIAN_POINT('',(86.2,4.,16.8));
#8332=CARTESIAN_POINT('',(90.2,84.,16.8));
#8333=CARTESIAN_POINT('',(92.2,84.,16.8));
#8334=CARTESIAN_POINT('',(90.2,84.,16.8));
#8335=CARTESIAN_POINT('',(92.2,4.,16.8));
#8336=CARTESIAN_POINT('',(92.2,4.,16.8));
#8337=CARTESIAN_POINT('',(90.2,4.,16.8));
#8338=CARTESIAN_POINT('',(90.2,4.,16.8));
#8339=CARTESIAN_POINT('',(90.2,4.,16.8));
#8340=CARTESIAN_POINT('',(94.2,84.,16.8));
#8341=CARTESIAN_POINT('',(96.2,84.,16.8));
#8342=CARTESIAN_POINT('',(94.2,84.,16.8));
#8343=CARTESIAN_POINT('',(96.2,4.,16.8));
#8344=CARTESIAN_POINT('',(96.2,4.,16.8));
#8345=CARTESIAN_POINT('',(94.2,4.,16.8));
#8346=CARTESIAN_POINT('',(94.2,4.,16.8));
#8347=CARTESIAN_POINT('',(94.2,4.,16.8));
#8348=CARTESIAN_POINT('',(98.2,4.,16.8));
#8349=CARTESIAN_POINT('',(98.2,84.,16.8));
#8350=CARTESIAN_POINT('',(98.2,4.,16.8));
#8351=CARTESIAN_POINT('',(100.087559525159,84.,16.8));
#8352=CARTESIAN_POINT('',(98.2,84.,16.8));
#8353=CARTESIAN_POINT('',(100.2,81.8675248347094,16.8));
#8354=CARTESIAN_POINT('Origin',(101.4,83.,16.8));
#8355=CARTESIAN_POINT('',(100.2,6.13247516529062,16.8));
#8356=CARTESIAN_POINT('',(100.2,4.,16.8));
#8357=CARTESIAN_POINT('',(100.087559525159,4.,16.8));
#8358=CARTESIAN_POINT('Origin',(101.4,5.,16.8));
#8359=CARTESIAN_POINT('',(98.2,4.,16.8));
#8360=CARTESIAN_POINT('',(66.2,4.,16.8));
#8361=CARTESIAN_POINT('',(68.2,4.,16.8));
#8362=CARTESIAN_POINT('',(66.2,4.,16.8));
#8363=CARTESIAN_POINT('',(66.2,22.8765246170202,16.8));
#8364=CARTESIAN_POINT('',(66.2,4.,16.8));
#8365=CARTESIAN_POINT('',(64.2,22.8765246170202,16.8));
#8366=CARTESIAN_POINT('Origin',(65.2,22.8765246170202,16.8));
#8367=CARTESIAN_POINT('',(64.2,4.,16.8));
#8368=CARTESIAN_POINT('',(64.2,4.,16.8));
#8369=CARTESIAN_POINT('',(62.2,4.,16.8));
#8370=CARTESIAN_POINT('',(62.2,4.,16.8));
#8371=CARTESIAN_POINT('',(62.2,84.,16.8));
#8372=CARTESIAN_POINT('',(62.2,4.,16.8));
#8373=CARTESIAN_POINT('',(64.2,84.,16.8));
#8374=CARTESIAN_POINT('',(62.2,84.,16.8));
#8375=CARTESIAN_POINT('',(64.2,65.1234753829798,16.8));
#8376=CARTESIAN_POINT('',(64.2,4.,16.8));
#8377=CARTESIAN_POINT('',(66.2,65.1234753829798,16.8));
#8378=CARTESIAN_POINT('Origin',(65.2,65.1234753829798,16.8));
#8379=CARTESIAN_POINT('',(66.2,84.,16.8));
#8380=CARTESIAN_POINT('',(66.2,4.,16.8));
#8381=CARTESIAN_POINT('',(68.2,84.,16.8));
#8382=CARTESIAN_POINT('',(66.2,84.,16.8));
#8383=CARTESIAN_POINT('',(68.2,66.5,16.8));
#8384=CARTESIAN_POINT('',(68.2,4.,16.8));
#8385=CARTESIAN_POINT('',(70.2,66.5,16.8));
#8386=CARTESIAN_POINT('Origin',(69.2,66.5,16.8));
#8387=CARTESIAN_POINT('',(70.2,84.,16.8));
#8388=CARTESIAN_POINT('',(70.2,4.,16.8));
#8389=CARTESIAN_POINT('',(72.2,84.,16.8));
#8390=CARTESIAN_POINT('',(70.2,84.,16.8));
#8391=CARTESIAN_POINT('',(72.2,65.1234753829798,16.8));
#8392=CARTESIAN_POINT('',(72.2,4.,16.8));
#8393=CARTESIAN_POINT('',(74.2,65.1234753829798,16.8));
#8394=CARTESIAN_POINT('Origin',(73.2,65.1234753829798,16.8));
#8395=CARTESIAN_POINT('',(74.2,84.,16.8));
#8396=CARTESIAN_POINT('',(74.2,4.,16.8));
#8397=CARTESIAN_POINT('',(76.2,84.,16.8));
#8398=CARTESIAN_POINT('',(74.2,84.,16.8));
#8399=CARTESIAN_POINT('',(76.2,4.,16.8));
#8400=CARTESIAN_POINT('',(76.2,4.,16.8));
#8401=CARTESIAN_POINT('',(74.2,4.,16.8));
#8402=CARTESIAN_POINT('',(74.2,4.,16.8));
#8403=CARTESIAN_POINT('',(74.2,22.8765246170202,16.8));
#8404=CARTESIAN_POINT('',(74.2,4.,16.8));
#8405=CARTESIAN_POINT('',(72.2,22.8765246170202,16.8));
#8406=CARTESIAN_POINT('Origin',(73.2,22.8765246170202,16.8));
#8407=CARTESIAN_POINT('',(72.2,4.,16.8));
#8408=CARTESIAN_POINT('',(72.2,4.,16.8));
#8409=CARTESIAN_POINT('',(70.2,4.,16.8));
#8410=CARTESIAN_POINT('',(70.2,4.,16.8));
#8411=CARTESIAN_POINT('',(70.2,21.5,16.8));
#8412=CARTESIAN_POINT('',(70.2,4.,16.8));
#8413=CARTESIAN_POINT('',(68.2,21.5,16.8));
#8414=CARTESIAN_POINT('Origin',(69.2,21.5,16.8));
#8415=CARTESIAN_POINT('',(68.2,4.,16.8));
#8416=CARTESIAN_POINT('',(58.2,4.,16.8));
#8417=CARTESIAN_POINT('',(58.2,84.,16.8));
#8418=CARTESIAN_POINT('',(58.2,2.,16.8));
#8419=CARTESIAN_POINT('',(60.2,84.,16.8));
#8420=CARTESIAN_POINT('',(58.2,84.,16.8));
#8421=CARTESIAN_POINT('',(60.2,4.,16.8));
#8422=CARTESIAN_POINT('',(60.2,4.,16.8));
#8423=CARTESIAN_POINT('',(58.2,4.,16.8));
#8424=CARTESIAN_POINT('Origin',(53.3029437602193,73.3095896626897,12.7999999909485));
#8425=CARTESIAN_POINT('',(54.2,73.3095896626897,23.8));
#8426=CARTESIAN_POINT('',(54.2,73.3095896626897,14.7999999954743));
#8427=CARTESIAN_POINT('',(56.2,73.3095896626897,23.8));
#8428=CARTESIAN_POINT('',(53.7514718801096,73.3095896626897,23.8));
#8429=CARTESIAN_POINT('',(56.2,73.3095896626897,14.7999999954743));
#8430=CARTESIAN_POINT('',(57.1999437602193,73.3095896626897,8.96));
#8431=CARTESIAN_POINT('',(57.1999437602193,73.3095896626897,12.7999999909485));
#8432=CARTESIAN_POINT('',(27.9014718801096,73.3095896626897,8.96));
#8433=CARTESIAN_POINT('Origin',(57.1999437602193,78.3095896626898,12.7999999909485));
#8434=CARTESIAN_POINT('',(58.1999437602193,78.3095896626898,8.96));
#8435=CARTESIAN_POINT('Origin',(57.1999437602193,78.3095896626898,8.96000000000003));
#8436=CARTESIAN_POINT('',(58.1999437602193,78.3095896626898,12.7999999909485));
#8437=CARTESIAN_POINT('Origin',(57.1999437602193,74.3095896626897,12.7999999909485));
#8438=CARTESIAN_POINT('',(58.1999437602193,74.3095896626897,8.96));
#8439=CARTESIAN_POINT('',(58.1999437602193,74.3095896626897,12.7999999909485));
#8440=CARTESIAN_POINT('Origin',(57.1999437602193,74.3095896626897,8.96000000000003));
#8441=CARTESIAN_POINT('Origin',(58.1999437602193,73.3095896626898,12.7999999909485));
#8442=CARTESIAN_POINT('',(58.1999437602193,37.9047948313449,8.96));
#8443=CARTESIAN_POINT('Origin',(54.2,4.,16.8));
#8444=CARTESIAN_POINT('',(54.2,6.31244047484067,23.8));
#8445=CARTESIAN_POINT('',(54.2,6.31244047484067,0.));
#8446=CARTESIAN_POINT('',(54.2,4.,23.8));
#8447=CARTESIAN_POINT('Origin',(111.9,4.5,0.));
#8448=CARTESIAN_POINT('',(113.9,4.5,12.8));
#8449=CARTESIAN_POINT('',(111.9,2.5,12.8));
#8450=CARTESIAN_POINT('Origin',(111.9,4.5,12.8));
#8451=CARTESIAN_POINT('',(113.9,4.5,-5.));
#8452=CARTESIAN_POINT('',(113.9,4.5,0.));
#8453=CARTESIAN_POINT('',(111.9,2.5,-5.));
#8454=CARTESIAN_POINT('Origin',(111.9,4.5,-5.));
#8455=CARTESIAN_POINT('',(111.9,2.5,0.));
#8456=CARTESIAN_POINT('Origin',(2.5,2.5,0.));
#8457=CARTESIAN_POINT('',(68.95,2.5,-5.));
#8458=CARTESIAN_POINT('',(1.25,2.5,-5.));
#8459=CARTESIAN_POINT('',(68.95,2.5,5.12));
#8460=CARTESIAN_POINT('',(68.95,2.5,1.92));
#8461=CARTESIAN_POINT('',(69.7,2.5,5.12));
#8462=CARTESIAN_POINT('',(33.8375,2.5,5.12));
#8463=CARTESIAN_POINT('',(69.7,2.5,8.96));
#8464=CARTESIAN_POINT('',(69.7,2.5,3.84));
#8465=CARTESIAN_POINT('',(70.7,2.5,8.96));
#8466=CARTESIAN_POINT('',(33.755,2.5,8.96));
#8467=CARTESIAN_POINT('',(70.7,2.5,12.8));
#8468=CARTESIAN_POINT('',(70.7,2.5,5.76));
#8469=CARTESIAN_POINT('',(2.5,2.5,12.8));
#8470=CARTESIAN_POINT('Origin',(111.9,83.5,0.));
#8471=CARTESIAN_POINT('',(111.9,85.5,12.8));
#8472=CARTESIAN_POINT('',(113.9,83.5,12.8));
#8473=CARTESIAN_POINT('Origin',(111.9,83.5,12.8));
#8474=CARTESIAN_POINT('',(111.9,85.5,-5.));
#8475=CARTESIAN_POINT('',(111.9,85.5,0.));
#8476=CARTESIAN_POINT('',(113.9,83.5,-5.));
#8477=CARTESIAN_POINT('Origin',(111.9,83.5,-5.));
#8478=CARTESIAN_POINT('',(113.9,83.5,0.));
#8479=CARTESIAN_POINT('Origin',(113.9,3.50000000000001,0.));
#8480=CARTESIAN_POINT('',(113.9,3.00000000000001,12.8));
#8481=CARTESIAN_POINT('',(113.9,1.75000000000001,-5.));
#8482=CARTESIAN_POINT('',(113.9,12.825,8.2));
#8483=CARTESIAN_POINT('Origin',(113.9,16.,8.2));
#8484=CARTESIAN_POINT('',(113.9,28.825,8.2));
#8485=CARTESIAN_POINT('Origin',(113.9,32.,8.2));
#8486=CARTESIAN_POINT('',(113.9,5.82500000000002,1.));
#8487=CARTESIAN_POINT('Origin',(113.9,9.00000000000002,1.));
#8488=CARTESIAN_POINT('',(113.9,20.825,1.));
#8489=CARTESIAN_POINT('Origin',(113.9,24.,1.));
#8490=CARTESIAN_POINT('',(113.9,36.825,1.));
#8491=CARTESIAN_POINT('Origin',(113.9,40.,1.));
#8492=CARTESIAN_POINT('',(113.9,44.825,8.2));
#8493=CARTESIAN_POINT('Origin',(113.9,48.,8.2));
#8494=CARTESIAN_POINT('',(113.9,60.825,8.2));
#8495=CARTESIAN_POINT('Origin',(113.9,64.,8.2));
#8496=CARTESIAN_POINT('',(113.9,75.825,8.2));
#8497=CARTESIAN_POINT('Origin',(113.9,79.,8.2));
#8498=CARTESIAN_POINT('',(113.9,52.825,1.));
#8499=CARTESIAN_POINT('Origin',(113.9,56.,1.));
#8500=CARTESIAN_POINT('',(113.9,68.825,1.));
#8501=CARTESIAN_POINT('Origin',(113.9,72.,1.));
#8502=CARTESIAN_POINT('Origin',(2.5,85.5,0.));
#8503=CARTESIAN_POINT('',(70.7,85.5,12.8));
#8504=CARTESIAN_POINT('',(2.5,85.5,12.8));
#8505=CARTESIAN_POINT('',(70.7,85.5,8.96));
#8506=CARTESIAN_POINT('',(70.7,85.5,5.76));
#8507=CARTESIAN_POINT('',(69.7,85.5,8.96));
#8508=CARTESIAN_POINT('',(33.755,85.5,8.96));
#8509=CARTESIAN_POINT('',(69.7,85.5,5.12));
#8510=CARTESIAN_POINT('',(69.7,85.5,3.84));
#8511=CARTESIAN_POINT('',(68.95,85.5,5.12));
#8512=CARTESIAN_POINT('',(33.8375,85.5,5.12));
#8513=CARTESIAN_POINT('',(68.95,85.5,-5.));
#8514=CARTESIAN_POINT('',(68.95,85.5,1.92));
#8515=CARTESIAN_POINT('',(1.25,85.5,-5.));
#8516=CARTESIAN_POINT('Origin',(2.5,2.5,12.8));
#8517=CARTESIAN_POINT('',(68.7,4.5,12.8));
#8518=CARTESIAN_POINT('Origin',(70.7,4.5,12.8));
#8519=CARTESIAN_POINT('',(68.7,83.5,12.8));
#8520=CARTESIAN_POINT('',(68.7,2.5,12.8));
#8521=CARTESIAN_POINT('Origin',(70.7,83.5,12.8));
#8522=CARTESIAN_POINT('',(99.75,83.,12.8));
#8523=CARTESIAN_POINT('Origin',(101.4,83.,12.8));
#8524=CARTESIAN_POINT('',(99.75,5.,12.8));
#8525=CARTESIAN_POINT('Origin',(101.4,5.,12.8));
#8526=CARTESIAN_POINT('',(74.7,40.,12.8));
#8527=CARTESIAN_POINT('',(75.7,39.,12.8));
#8528=CARTESIAN_POINT('Origin',(75.7,40.,12.8));
#8529=CARTESIAN_POINT('',(83.1,39.,12.8));
#8530=CARTESIAN_POINT('',(74.7,39.,12.8));
#8531=CARTESIAN_POINT('',(84.1,40.,12.8));
#8532=CARTESIAN_POINT('Origin',(83.1,40.,12.8));
#8533=CARTESIAN_POINT('',(84.1,47.4,12.8));
#8534=CARTESIAN_POINT('',(84.1,39.,12.8));
#8535=CARTESIAN_POINT('',(83.1,48.4,12.8));
#8536=CARTESIAN_POINT('Origin',(83.1,47.4,12.8));
#8537=CARTESIAN_POINT('',(75.7,48.4,12.8));
#8538=CARTESIAN_POINT('',(74.7,48.4,12.8));
#8539=CARTESIAN_POINT('',(74.7,47.4,12.8));
#8540=CARTESIAN_POINT('Origin',(75.7,47.4,12.8));
#8541=CARTESIAN_POINT('',(74.7,39.,12.8));
#8542=CARTESIAN_POINT('Origin',(63.45,56.2,1.4));
#8543=CARTESIAN_POINT('',(65.45,56.2,5.12));
#8544=CARTESIAN_POINT('',(63.45,54.2000000000014,5.12));
#8545=CARTESIAN_POINT('Origin',(63.45,56.2,5.12));
#8546=CARTESIAN_POINT('',(65.45,56.2,0.200000000000095));
#8547=CARTESIAN_POINT('',(65.45,56.2,1.4));
#8548=CARTESIAN_POINT('',(63.45,54.2,0.200000000000094));
#8549=CARTESIAN_POINT('Origin',(63.45,56.2,0.200000000000088));
#8550=CARTESIAN_POINT('',(63.45,54.2,1.4));
#8551=CARTESIAN_POINT('Origin',(65.175,2.5,5.12));
#8552=CARTESIAN_POINT('',(62.7,54.2,5.12));
#8553=CARTESIAN_POINT('',(64.9374999999996,54.2000000000014,5.12));
#8554=CARTESIAN_POINT('',(64.7,56.2,5.12));
#8555=CARTESIAN_POINT('Origin',(62.7,56.2,5.12));
#8556=CARTESIAN_POINT('',(64.7,83.5,5.12));
#8557=CARTESIAN_POINT('',(64.7,2.5,5.12));
#8558=CARTESIAN_POINT('',(62.7,85.5,5.12));
#8559=CARTESIAN_POINT('Origin',(62.7,83.5,5.12));
#8560=CARTESIAN_POINT('',(63.45,85.5,5.12));
#8561=CARTESIAN_POINT('',(33.8375,85.5,5.12));
#8562=CARTESIAN_POINT('',(65.45,83.5,5.12));
#8563=CARTESIAN_POINT('Origin',(63.45,83.5,5.12));
#8564=CARTESIAN_POINT('',(65.45,2.5,5.12));
#8565=CARTESIAN_POINT('Origin',(36.2,54.2,2.8));
#8566=CARTESIAN_POINT('',(37.7,54.2,8.96));
#8567=CARTESIAN_POINT('',(62.7,54.2000000000014,8.96));
#8568=CARTESIAN_POINT('',(19.35,54.2,8.96000000000001));
#8569=CARTESIAN_POINT('',(62.7,54.2,3.96));
#8570=CARTESIAN_POINT('',(56.7000000000001,54.2,0.200000000000093));
#8571=CARTESIAN_POINT('',(35.0897314185627,54.2,0.200000000000089));
#8572=CARTESIAN_POINT('',(56.7000000000001,54.2,-2.3));
#8573=CARTESIAN_POINT('',(56.7000000000001,54.2,2.8));
#8574=CARTESIAN_POINT('',(37.7,54.2,-2.3));
#8575=CARTESIAN_POINT('',(36.2,54.2,-2.3));
#8576=CARTESIAN_POINT('',(37.7,54.2,2.8));
#8577=CARTESIAN_POINT('Origin',(62.7,56.2,3.96));
#8578=CARTESIAN_POINT('',(64.7,56.2,8.96));
#8579=CARTESIAN_POINT('Origin',(62.7,56.2,8.96));
#8580=CARTESIAN_POINT('',(64.7,56.2,3.96));
#8581=CARTESIAN_POINT('Origin',(2.5,2.5,8.96));
#8582=CARTESIAN_POINT('',(36.7,53.2,8.96));
#8583=CARTESIAN_POINT('Origin',(37.7,53.2,8.96000000000001));
#8584=CARTESIAN_POINT('',(36.7,49.7,8.96));
#8585=CARTESIAN_POINT('',(36.7,17.85,8.96));
#8586=CARTESIAN_POINT('',(34.7,47.7,8.96));
#8587=CARTESIAN_POINT('Origin',(34.7,49.7,8.96));
#8588=CARTESIAN_POINT('',(20.7,47.7,8.96));
#8589=CARTESIAN_POINT('',(11.1,47.7,8.96));
#8590=CARTESIAN_POINT('',(19.7,46.7,8.96));
#8591=CARTESIAN_POINT('Origin',(20.7,46.7,8.96));
#8592=CARTESIAN_POINT('',(19.7,40.7,8.96));
#8593=CARTESIAN_POINT('',(19.7,21.1,8.96));
#8594=CARTESIAN_POINT('',(20.7,39.7,8.96));
#8595=CARTESIAN_POINT('Origin',(20.7,40.7,8.96));
#8596=CARTESIAN_POINT('',(22.7002167442511,39.7,8.96));
#8597=CARTESIAN_POINT('',(11.1,39.7,8.96));
#8598=CARTESIAN_POINT('',(24.7002167442511,37.7,8.96));
#8599=CARTESIAN_POINT('Origin',(22.7002167442511,37.7,8.96000000000001));
#8600=CARTESIAN_POINT('',(24.7002167442511,22.7001237063601,8.96));
#8601=CARTESIAN_POINT('',(24.7002167442511,15.3785773403296,8.96));
#8602=CARTESIAN_POINT('',(25.7002167442511,21.7001237063601,8.96));
#8603=CARTESIAN_POINT('Origin',(25.7002167442511,22.7001237063601,8.96000000000001));
#8604=CARTESIAN_POINT('',(62.7,21.7001237063601,8.96));
#8605=CARTESIAN_POINT('',(58.2344626657617,21.7001237063601,8.96));
#8606=CARTESIAN_POINT('',(64.7,19.7001237063601,8.96));
#8607=CARTESIAN_POINT('Origin',(62.7,19.7001237063601,8.96000000000001));
#8608=CARTESIAN_POINT('',(64.7,4.5,8.96));
#8609=CARTESIAN_POINT('',(64.7,2.5,8.96));
#8610=CARTESIAN_POINT('',(62.7,2.5,8.96));
#8611=CARTESIAN_POINT('Origin',(62.7,4.5,8.96));
#8612=CARTESIAN_POINT('',(4.5,2.5,8.96));
#8613=CARTESIAN_POINT('',(2.5,2.5,8.96));
#8614=CARTESIAN_POINT('',(2.5,4.5,8.96));
#8615=CARTESIAN_POINT('Origin',(4.5,4.5,8.96));
#8616=CARTESIAN_POINT('',(2.5,83.5,8.96));
#8617=CARTESIAN_POINT('',(2.5,2.5,8.96));
#8618=CARTESIAN_POINT('',(4.5,85.5,8.96));
#8619=CARTESIAN_POINT('Origin',(4.5,83.5,8.96));
#8620=CARTESIAN_POINT('',(62.7,85.5,8.96));
#8621=CARTESIAN_POINT('',(33.755,85.5,8.96));
#8622=CARTESIAN_POINT('',(64.7,83.5,8.96));
#8623=CARTESIAN_POINT('Origin',(62.7,83.5,8.96));
#8624=CARTESIAN_POINT('',(64.7,2.5,8.96));
#8625=CARTESIAN_POINT('',(3.35,5.,8.96));
#8626=CARTESIAN_POINT('Origin',(5.,5.,8.96));
#8627=CARTESIAN_POINT('',(51.55,5.,8.96));
#8628=CARTESIAN_POINT('Origin',(53.2,5.,8.96));
#8629=CARTESIAN_POINT('',(3.35,83.,8.96));
#8630=CARTESIAN_POINT('Origin',(5.,83.,8.96));
#8631=CARTESIAN_POINT('',(51.55,83.,8.96));
#8632=CARTESIAN_POINT('Origin',(53.2,83.,8.96));
#8633=CARTESIAN_POINT('Origin',(33.1000000000009,44.0000000000013,0.200000000000088));
#8634=CARTESIAN_POINT('',(65.45,19.7001237063601,0.200000000000091));
#8635=CARTESIAN_POINT('',(65.45,23.2500000000006,0.200000000000092));
#8636=CARTESIAN_POINT('',(63.45,21.7001237063601,0.200000000000104));
#8637=CARTESIAN_POINT('Origin',(63.45,19.7001237063601,0.200000000000083));
#8638=CARTESIAN_POINT('',(25.7002167442511,21.7001237063601,0.200000000000088));
#8639=CARTESIAN_POINT('',(54.9499253315231,21.7001237063601,0.200000000000101));
#8640=CARTESIAN_POINT('',(24.7002167442508,22.7001237063601,0.200000000000089));
#8641=CARTESIAN_POINT('Origin',(25.7002167442511,22.7001237063601,0.200000000000087));
#8642=CARTESIAN_POINT('',(24.7002167442511,28.2001546806591,0.200000000000087));
#8643=CARTESIAN_POINT('',(24.7002167442508,21.7001237063601,0.200000000000089));
#8644=CARTESIAN_POINT('',(25.7002167442511,27.2001546806591,0.199999990948497));
#8645=CARTESIAN_POINT('Origin',(25.7002167442511,28.2001546806591,0.200000000000087));
#8646=CARTESIAN_POINT('',(32.7002167442511,27.2001546806591,0.199999990948499));
#8647=CARTESIAN_POINT('',(32.2316083721254,27.2001546806591,0.199999990948499));
#8648=CARTESIAN_POINT('',(33.7002167442511,28.2001546806591,0.199999990948499));
#8649=CARTESIAN_POINT('Origin',(32.7002167442511,28.2001546806591,0.200000000000089));
#8650=CARTESIAN_POINT('',(33.7002167442511,35.2001546806592,0.1999999909485));
#8651=CARTESIAN_POINT('',(33.7002167442511,40.6285773403296,0.199999990948501));
#8652=CARTESIAN_POINT('',(32.7002167442511,36.2001546806592,0.200000000000089));
#8653=CARTESIAN_POINT('Origin',(32.7002167442511,35.2001546806592,0.200000000000089));
#8654=CARTESIAN_POINT('',(25.7002167442511,36.2001546806592,0.200000000000087));
#8655=CARTESIAN_POINT('',(27.731608372126,36.2001546806592,0.200000000000087));
#8656=CARTESIAN_POINT('',(24.7002167442511,35.2001546806592,0.200000000000087));
#8657=CARTESIAN_POINT('Origin',(25.7002167442511,35.2001546806592,0.200000000000087));
#8658=CARTESIAN_POINT('',(24.700216744252,37.7,0.200000000000088));
#8659=CARTESIAN_POINT('',(24.700216744252,40.7000000000012,0.200000000000088));
#8660=CARTESIAN_POINT('',(22.7002167442511,39.7,0.200000000000086));
#8661=CARTESIAN_POINT('Origin',(22.7002167442511,37.7,0.200000000000086));
#8662=CARTESIAN_POINT('',(26.7000000000009,39.7000000000012,0.200000000000088));
#8663=CARTESIAN_POINT('',(26.4000000000005,39.7,0.200000000000087));
#8664=CARTESIAN_POINT('',(27.700000000001,40.7000000000012,0.200000000000089));
#8665=CARTESIAN_POINT('Origin',(26.7,40.7,0.200000000000088));
#8666=CARTESIAN_POINT('',(27.6999999999996,46.7,0.200000000000088));
#8667=CARTESIAN_POINT('',(27.7,41.85,0.199999990948499));
#8668=CARTESIAN_POINT('',(26.6999999999996,47.7,0.200000000000088));
#8669=CARTESIAN_POINT('Origin',(26.7,46.7,0.1999999909485));
#8670=CARTESIAN_POINT('',(34.7,47.7,0.200000000000091));
#8671=CARTESIAN_POINT('',(26.6999999999996,47.7,0.200000000000088));
#8672=CARTESIAN_POINT('',(36.7,49.7,0.20000000000009));
#8673=CARTESIAN_POINT('Origin',(34.7,49.7,0.200000000000088));
#8674=CARTESIAN_POINT('',(36.6999999999997,34.2,0.200000000000089));
#8675=CARTESIAN_POINT('',(36.7,38.6,0.1999999909485));
#8676=CARTESIAN_POINT('',(37.6999999999997,33.2,0.200000000000089));
#8677=CARTESIAN_POINT('Origin',(37.7,34.2,0.200000000000091));
#8678=CARTESIAN_POINT('',(56.7000000000008,33.2,0.200000000000129));
#8679=CARTESIAN_POINT('',(34.6499999999998,33.2,0.199999990948499));
#8680=CARTESIAN_POINT('',(57.6999999999997,34.2000000000012,0.200000000000128));
#8681=CARTESIAN_POINT('Origin',(56.7000000000001,34.2,0.199999990948507));
#8682=CARTESIAN_POINT('',(57.6999999999996,53.2000000000014,0.200000000000128));
#8683=CARTESIAN_POINT('',(57.7000000000001,44.9680141395772,0.199999990948505));
#8684=CARTESIAN_POINT('Origin',(56.7000000000001,53.2,0.200000000000088));
#8685=CARTESIAN_POINT('',(36.7589253613258,29.2001237808659,0.199999990948499));
#8686=CARTESIAN_POINT('',(37.7589253613258,30.2001237808659,0.1999999909485));
#8687=CARTESIAN_POINT('Origin',(37.7589253613258,29.2001237808659,0.200000000000089));
#8688=CARTESIAN_POINT('',(36.7589253613258,24.2001237808659,0.199999990948499));
#8689=CARTESIAN_POINT('',(36.7589253613258,34.423061890433,0.1999999909485));
#8690=CARTESIAN_POINT('',(37.7589253613258,23.2001237808659,0.199999990948499));
#8691=CARTESIAN_POINT('Origin',(37.7589253613258,24.2001237808659,0.200000000000089));
#8692=CARTESIAN_POINT('',(42.7589253613258,23.2001237808659,0.199999990948499));
#8693=CARTESIAN_POINT('',(42.2794626806627,23.2001237808659,0.199999990948499));
#8694=CARTESIAN_POINT('',(43.7589253613258,24.2001237808659,0.1999999909485));
#8695=CARTESIAN_POINT('Origin',(42.7589253613258,24.2001237808659,0.200000000000089));
#8696=CARTESIAN_POINT('',(43.7589253613258,29.2001237808659,0.199999990948501));
#8697=CARTESIAN_POINT('',(43.7589253613258,37.923061890433,0.199999990948502));
#8698=CARTESIAN_POINT('',(42.7589253613258,30.2001237808659,0.1999999909485));
#8699=CARTESIAN_POINT('Origin',(42.7589253613258,29.2001237808659,0.200000000000089));
#8700=CARTESIAN_POINT('',(38.7794626806627,30.2001237808659,0.1999999909485));
#8701=CARTESIAN_POINT('Origin',(34.7,49.7,2.4));
#8702=CARTESIAN_POINT('',(36.7,49.7,2.4));
#8703=CARTESIAN_POINT('',(34.7,47.7,2.4));
#8704=CARTESIAN_POINT('Origin',(19.7,47.7,2.));
#8705=CARTESIAN_POINT('',(26.7,47.7,-3.3));
#8706=CARTESIAN_POINT('',(26.7,47.7,2.));
#8707=CARTESIAN_POINT('',(20.7,47.7,-3.3));
#8708=CARTESIAN_POINT('',(19.7,47.7,-3.3));
#8709=CARTESIAN_POINT('',(20.7,47.7,2.));
#8710=CARTESIAN_POINT('Origin',(22.7002167442511,37.7,7.40000000000004));
#8711=CARTESIAN_POINT('',(22.7002167442511,39.7,7.40000000000004));
#8712=CARTESIAN_POINT('',(24.7002167442511,37.7,7.40000000000004));
#8713=CARTESIAN_POINT('Origin',(24.7002167442511,28.2571546806591,12.8000000000001));
#8714=CARTESIAN_POINT('',(24.7002167442511,35.2001546806592,-0.499999999999915));
#8715=CARTESIAN_POINT('',(24.7002167442511,35.2001546806591,12.8000000000001));
#8716=CARTESIAN_POINT('',(24.7002167442511,28.2001546806591,-0.499999999999916));
#8717=CARTESIAN_POINT('',(24.7002167442511,36.1285773403302,-0.499999999999915));
#8718=CARTESIAN_POINT('',(24.7002167442511,28.2001546806591,12.8000000000001));
#8719=CARTESIAN_POINT('',(24.7002167442511,22.7001237063601,12.8000000000001));
#8720=CARTESIAN_POINT('Origin',(19.7,39.7,2.));
#8721=CARTESIAN_POINT('',(20.7,39.7,-3.3));
#8722=CARTESIAN_POINT('',(20.7,39.7,2.));
#8723=CARTESIAN_POINT('',(26.7,39.7,-3.3));
#8724=CARTESIAN_POINT('',(19.7,39.7,-3.3));
#8725=CARTESIAN_POINT('',(26.7,39.7,2.));
#8726=CARTESIAN_POINT('Origin',(63.45,19.7001237063601,6.40000000000005));
#8727=CARTESIAN_POINT('',(63.45,21.7001237063601,5.12));
#8728=CARTESIAN_POINT('',(65.45,19.7001237063601,5.12));
#8729=CARTESIAN_POINT('Origin',(63.45,19.7001237063601,5.12));
#8730=CARTESIAN_POINT('',(63.45,21.7001237063601,6.40000000000005));
#8731=CARTESIAN_POINT('',(65.45,19.7001237063601,6.40000000000005));
#8732=CARTESIAN_POINT('Origin',(65.45,2.5,0.));
#8733=CARTESIAN_POINT('',(65.45,83.5,-5.));
#8734=CARTESIAN_POINT('',(65.45,83.5,0.));
#8735=CARTESIAN_POINT('',(65.45,4.5,-5.));
#8736=CARTESIAN_POINT('',(65.45,1.25,-5.));
#8737=CARTESIAN_POINT('',(65.45,4.5,5.12));
#8738=CARTESIAN_POINT('',(65.45,4.5,0.));
#8739=CARTESIAN_POINT('',(65.45,2.5,5.12));
#8740=CARTESIAN_POINT('Origin',(62.7,19.7001237063601,8.96000000000005));
#8741=CARTESIAN_POINT('',(62.7,21.7001237063601,5.12));
#8742=CARTESIAN_POINT('',(62.7,21.7001237063601,8.96000000000005));
#8743=CARTESIAN_POINT('',(64.7,19.7001237063601,5.12));
#8744=CARTESIAN_POINT('Origin',(62.7,19.7001237063601,5.12));
#8745=CARTESIAN_POINT('',(64.7,19.7001237063601,8.96000000000005));
#8746=CARTESIAN_POINT('Origin',(64.7,2.5,5.12));
#8747=CARTESIAN_POINT('',(64.7,4.5,5.12));
#8748=CARTESIAN_POINT('',(64.7,2.5,5.12));
#8749=CARTESIAN_POINT('',(64.7,4.5,2.56));
#8750=CARTESIAN_POINT('Origin',(51.4589253315234,21.7001237063601,12.8000000000001));
#8751=CARTESIAN_POINT('',(25.7002167442511,21.7001237063601,12.8000000000001));
#8752=CARTESIAN_POINT('',(58.3169626657617,21.7001237063601,5.12));
#8753=CARTESIAN_POINT('Origin',(65.175,2.5,5.12));
#8754=CARTESIAN_POINT('',(63.45,2.5,5.12));
#8755=CARTESIAN_POINT('Origin',(63.45,4.5,5.12));
#8756=CARTESIAN_POINT('',(62.7,2.5,5.12));
#8757=CARTESIAN_POINT('',(33.8375,2.5,5.12));
#8758=CARTESIAN_POINT('Origin',(62.7,4.5,5.12));
#8759=CARTESIAN_POINT('Origin',(63.45,83.5,0.));
#8760=CARTESIAN_POINT('',(63.45,85.5,-5.));
#8761=CARTESIAN_POINT('',(63.45,85.5,0.));
#8762=CARTESIAN_POINT('Origin',(63.45,83.5,-5.));
#8763=CARTESIAN_POINT('Origin',(62.7,83.5,2.56));
#8764=CARTESIAN_POINT('',(62.7,85.5,2.56));
#8765=CARTESIAN_POINT('',(64.7,83.5,2.56));
#8766=CARTESIAN_POINT('Origin',(64.7,2.5,5.12));
#8767=CARTESIAN_POINT('Origin',(2.5,85.5,0.));
#8768=CARTESIAN_POINT('',(4.5,85.5,-5.));
#8769=CARTESIAN_POINT('',(4.5,85.5,0.));
#8770=CARTESIAN_POINT('',(1.25,85.5,-5.));
#8771=CARTESIAN_POINT('Origin',(68.95,83.5,1.92));
#8772=CARTESIAN_POINT('',(66.95,83.5,5.12));
#8773=CARTESIAN_POINT('Origin',(68.95,83.5,5.12));
#8774=CARTESIAN_POINT('',(66.95,83.5,-5.));
#8775=CARTESIAN_POINT('',(66.95,83.5,1.92));
#8776=CARTESIAN_POINT('Origin',(68.95,83.5,-5.));
#8777=CARTESIAN_POINT('Origin',(65.175,2.5,5.12));
#8778=CARTESIAN_POINT('',(67.7,83.5,5.12));
#8779=CARTESIAN_POINT('Origin',(69.7,83.5,5.12));
#8780=CARTESIAN_POINT('',(67.7,4.5,5.12));
#8781=CARTESIAN_POINT('',(67.7,2.5,5.12));
#8782=CARTESIAN_POINT('Origin',(69.7,4.5,5.12));
#8783=CARTESIAN_POINT('',(66.95,4.5,5.12));
#8784=CARTESIAN_POINT('Origin',(68.95,4.5,5.12));
#8785=CARTESIAN_POINT('',(66.95,2.5,5.12));
#8786=CARTESIAN_POINT('Origin',(69.7,83.5,3.84));
#8787=CARTESIAN_POINT('',(67.7,83.5,8.96));
#8788=CARTESIAN_POINT('Origin',(69.7,83.5,8.96));
#8789=CARTESIAN_POINT('',(67.7,83.5,3.84));
#8790=CARTESIAN_POINT('Origin',(65.01,2.5,8.96));
#8791=CARTESIAN_POINT('',(68.7,83.5,8.96));
#8792=CARTESIAN_POINT('Origin',(70.7,83.5,8.96));
#8793=CARTESIAN_POINT('',(68.7,4.5,8.96));
#8794=CARTESIAN_POINT('',(68.7,2.5,8.96));
#8795=CARTESIAN_POINT('Origin',(70.7,4.5,8.96));
#8796=CARTESIAN_POINT('',(67.7,4.5,8.96));
#8797=CARTESIAN_POINT('Origin',(69.7,4.5,8.96));
#8798=CARTESIAN_POINT('',(67.7,2.5,8.96));
#8799=CARTESIAN_POINT('Origin',(70.7,83.5,5.76));
#8800=CARTESIAN_POINT('',(68.7,83.5,5.76));
#8801=CARTESIAN_POINT('Origin',(68.7,2.5,11.52));
#8802=CARTESIAN_POINT('',(68.7,4.5,5.76));
#8803=CARTESIAN_POINT('Origin',(67.7,2.5,7.68));
#8804=CARTESIAN_POINT('',(67.7,4.5,3.84));
#8805=CARTESIAN_POINT('Origin',(66.95,2.5,3.84));
#8806=CARTESIAN_POINT('',(66.95,4.5,-5.));
#8807=CARTESIAN_POINT('',(66.95,4.5,1.92));
#8808=CARTESIAN_POINT('',(66.95,1.25,-5.));
#8809=CARTESIAN_POINT('Origin',(4.5,83.5,0.));
#8810=CARTESIAN_POINT('',(2.5,83.5,-5.));
#8811=CARTESIAN_POINT('',(2.5,83.5,0.));
#8812=CARTESIAN_POINT('Origin',(4.5,83.5,-5.));
#8813=CARTESIAN_POINT('Origin',(2.5,2.5,0.));
#8814=CARTESIAN_POINT('',(2.5,4.5,-5.));
#8815=CARTESIAN_POINT('',(2.5,4.5,0.));
#8816=CARTESIAN_POINT('',(2.5,22.55,-5.));
#8817=CARTESIAN_POINT('',(2.5,1.25,-5.));
#8818=CARTESIAN_POINT('',(2.5,22.55,2.5));
#8819=CARTESIAN_POINT('',(2.5,22.55,0.));
#8820=CARTESIAN_POINT('',(2.5,27.85,2.5));
#8821=CARTESIAN_POINT('',(2.5,12.,2.5));
#8822=CARTESIAN_POINT('',(2.5,27.85,-5.));
#8823=CARTESIAN_POINT('',(2.5,27.85,0.));
#8824=CARTESIAN_POINT('',(2.5,37.95,-5.));
#8825=CARTESIAN_POINT('',(2.5,1.25,-5.));
#8826=CARTESIAN_POINT('',(2.5,37.95,-2.9));
#8827=CARTESIAN_POINT('',(2.5,37.95,0.));
#8828=CARTESIAN_POINT('',(2.5,50.05,-2.9));
#8829=CARTESIAN_POINT('',(2.5,19.75,-2.9));
#8830=CARTESIAN_POINT('',(2.5,50.05,-5.));
#8831=CARTESIAN_POINT('',(2.5,50.05,0.));
#8832=CARTESIAN_POINT('',(2.5,55.9089745962156,-5.));
#8833=CARTESIAN_POINT('',(2.5,1.25,-5.));
#8834=CARTESIAN_POINT('',(2.5,57.6410254037845,-5.));
#8835=CARTESIAN_POINT('Origin',(2.5,56.775,-4.5));
#8836=CARTESIAN_POINT('',(2.5,60.4839745962156,-5.));
#8837=CARTESIAN_POINT('',(2.5,1.25,-5.));
#8838=CARTESIAN_POINT('',(2.5,62.2160254037845,-5.));
#8839=CARTESIAN_POINT('Origin',(2.5,61.35,-4.5));
#8840=CARTESIAN_POINT('',(2.5,1.25,-5.));
#8841=CARTESIAN_POINT('',(2.5,8.825,1.97399999999998));
#8842=CARTESIAN_POINT('Origin',(2.5,12.,1.97399999999998));
#8843=CARTESIAN_POINT('',(2.5,68.825,1.97449999999998));
#8844=CARTESIAN_POINT('Origin',(2.5,72.,1.97449999999998));
#8845=CARTESIAN_POINT('Origin',(68.95,4.5,1.92));
#8846=CARTESIAN_POINT('Origin',(68.95,4.5,-5.));
#8847=CARTESIAN_POINT('Origin',(69.7,4.5,3.84));
#8848=CARTESIAN_POINT('Origin',(70.7,4.5,5.76));
#8849=CARTESIAN_POINT('Origin',(4.5,4.5,0.));
#8850=CARTESIAN_POINT('',(4.5,2.5,-5.));
#8851=CARTESIAN_POINT('',(4.5,2.5,0.));
#8852=CARTESIAN_POINT('Origin',(4.5,4.5,-5.));
#8853=CARTESIAN_POINT('Origin',(2.5,2.5,0.));
#8854=CARTESIAN_POINT('',(62.7,2.5,2.56));
#8855=CARTESIAN_POINT('',(63.45,2.5,-5.));
#8856=CARTESIAN_POINT('',(63.45,2.5,0.));
#8857=CARTESIAN_POINT('',(1.25,2.5,-5.));
#8858=CARTESIAN_POINT('Origin',(63.45,4.5,0.));
#8859=CARTESIAN_POINT('Origin',(63.45,4.5,-5.));
#8860=CARTESIAN_POINT('Origin',(62.7,4.5,2.56));
#8861=CARTESIAN_POINT('Origin',(54.2,4.,23.8));
#8862=CARTESIAN_POINT('',(54.5124404748407,4.,23.8));
#8863=CARTESIAN_POINT('Origin',(53.2,5.,23.8));
#8864=CARTESIAN_POINT('',(56.2,4.,23.8));
#8865=CARTESIAN_POINT('',(54.2,4.,23.8));
#8866=CARTESIAN_POINT('',(56.2,4.,23.8));
#8867=CARTESIAN_POINT('Origin',(56.2,4.,16.8));
#8868=CARTESIAN_POINT('',(56.2,4.,16.8));
#8869=CARTESIAN_POINT('Origin',(56.7000000000001,53.2,2.8));
#8870=CARTESIAN_POINT('',(57.7000000000001,53.2,-2.3));
#8871=CARTESIAN_POINT('',(57.7000000000001,53.2,2.8));
#8872=CARTESIAN_POINT('Origin',(56.7000000000001,53.2,-2.3));
#8873=CARTESIAN_POINT('Origin',(57.7000000000001,33.2,2.8));
#8874=CARTESIAN_POINT('',(57.7000000000001,34.2,-2.3));
#8875=CARTESIAN_POINT('',(57.7000000000001,34.2,2.8));
#8876=CARTESIAN_POINT('',(57.7000000000001,33.2,-2.3));
#8877=CARTESIAN_POINT('Origin',(56.7000000000001,34.2,2.8));
#8878=CARTESIAN_POINT('',(56.7000000000001,33.2,-2.3));
#8879=CARTESIAN_POINT('',(56.7000000000001,33.2,2.8));
#8880=CARTESIAN_POINT('Origin',(56.7000000000001,34.2,-2.3));
#8881=CARTESIAN_POINT('Origin',(36.2,33.2,2.8));
#8882=CARTESIAN_POINT('',(37.7,33.2,-2.3));
#8883=CARTESIAN_POINT('',(37.7,33.2,2.8));
#8884=CARTESIAN_POINT('',(36.2,33.2,-2.3));
#8885=CARTESIAN_POINT('Origin',(36.7,33.2,2.8));
#8886=CARTESIAN_POINT('',(36.7,53.2,-2.3));
#8887=CARTESIAN_POINT('',(36.7,53.2,2.8));
#8888=CARTESIAN_POINT('',(36.7,34.2,-2.3));
#8889=CARTESIAN_POINT('',(36.7,33.2,-2.3));
#8890=CARTESIAN_POINT('',(36.7,34.2,2.8));
#8891=CARTESIAN_POINT('Origin',(26.7,46.7,2.));
#8892=CARTESIAN_POINT('',(27.7,46.7,-3.3));
#8893=CARTESIAN_POINT('',(27.7,46.7,2.));
#8894=CARTESIAN_POINT('Origin',(26.7,46.7,-3.3));
#8895=CARTESIAN_POINT('Origin',(27.7,39.7,2.));
#8896=CARTESIAN_POINT('',(27.7,40.7,-3.3));
#8897=CARTESIAN_POINT('',(27.7,40.7,2.));
#8898=CARTESIAN_POINT('',(27.7,39.7,-3.3));
#8899=CARTESIAN_POINT('Origin',(22.3632167442511,36.2001546806591,12.8000000000001));
#8900=CARTESIAN_POINT('',(32.7002167442511,36.2001546806592,-0.499999999999913));
#8901=CARTESIAN_POINT('',(32.7002167442511,36.2001546806592,12.8000000000001));
#8902=CARTESIAN_POINT('',(25.7002167442511,36.2001546806592,-0.499999999999914));
#8903=CARTESIAN_POINT('',(27.731608372126,36.2001546806592,-0.499999999999914));
#8904=CARTESIAN_POINT('',(25.7002167442511,36.2001546806591,12.8000000000001));
#8905=CARTESIAN_POINT('Origin',(69.2,60.,16.8));
#8906=CARTESIAN_POINT('',(68.1,60.,16.8));
#8907=CARTESIAN_POINT('Origin',(69.2,60.,16.8));
#8908=CARTESIAN_POINT('Origin',(0.,0.,16.8));
#8909=CARTESIAN_POINT('',(74.2,54.8765246170202,16.8));
#8910=CARTESIAN_POINT('',(72.2,54.8765246170202,16.8));
#8911=CARTESIAN_POINT('Origin',(73.2,54.8765246170202,16.8));
#8912=CARTESIAN_POINT('',(72.2,33.1234753829798,16.8));
#8913=CARTESIAN_POINT('',(72.2,4.,16.8));
#8914=CARTESIAN_POINT('',(74.2,33.1234753829798,16.8));
#8915=CARTESIAN_POINT('Origin',(73.2,33.1234753829798,16.8));
#8916=CARTESIAN_POINT('',(74.2,4.,16.8));
#8917=CARTESIAN_POINT('Origin',(0.,0.,16.8));
#8918=CARTESIAN_POINT('',(70.2,53.5,16.8));
#8919=CARTESIAN_POINT('',(68.2,53.5,16.8));
#8920=CARTESIAN_POINT('Origin',(69.2,53.5,16.8));
#8921=CARTESIAN_POINT('',(68.2,34.5,16.8));
#8922=CARTESIAN_POINT('',(68.2,4.,16.8));
#8923=CARTESIAN_POINT('',(70.2,34.5,16.8));
#8924=CARTESIAN_POINT('Origin',(69.2,34.5,16.8));
#8925=CARTESIAN_POINT('',(70.2,4.,16.8));
#8926=CARTESIAN_POINT('Origin',(0.,0.,16.8));
#8927=CARTESIAN_POINT('',(64.2,33.1234753829798,16.8));
#8928=CARTESIAN_POINT('',(66.2,33.1234753829798,16.8));
#8929=CARTESIAN_POINT('Origin',(65.2,33.1234753829798,16.8));
#8930=CARTESIAN_POINT('',(66.2,54.8765246170202,16.8));
#8931=CARTESIAN_POINT('',(66.2,4.,16.8));
#8932=CARTESIAN_POINT('',(64.2,54.8765246170202,16.8));
#8933=CARTESIAN_POINT('Origin',(65.2,54.8765246170202,16.8));
#8934=CARTESIAN_POINT('',(64.2,4.,16.8));
#8935=CARTESIAN_POINT('Origin',(69.2,28.,16.8));
#8936=CARTESIAN_POINT('',(68.1,28.,16.8));
#8937=CARTESIAN_POINT('Origin',(69.2,28.,16.8));
#8938=CARTESIAN_POINT('Origin',(37.2,28.,16.8));
#8939=CARTESIAN_POINT('',(36.1,28.,16.8));
#8940=CARTESIAN_POINT('Origin',(37.2,28.,16.8));
#8941=CARTESIAN_POINT('Origin',(0.,0.,16.8));
#8942=CARTESIAN_POINT('',(34.2,54.8765246170202,16.8));
#8943=CARTESIAN_POINT('',(32.2,54.8765246170202,16.8));
#8944=CARTESIAN_POINT('Origin',(33.2,54.8765246170202,16.8));
#8945=CARTESIAN_POINT('',(32.2,33.1234753829798,16.8));
#8946=CARTESIAN_POINT('',(32.2,4.,16.8));
#8947=CARTESIAN_POINT('',(34.2,33.1234753829798,16.8));
#8948=CARTESIAN_POINT('Origin',(33.2,33.1234753829798,16.8));
#8949=CARTESIAN_POINT('',(34.2,4.,16.8));
#8950=CARTESIAN_POINT('Origin',(0.,0.,16.8));
#8951=CARTESIAN_POINT('',(38.2,53.5,16.8));
#8952=CARTESIAN_POINT('',(36.2,53.5,16.8));
#8953=CARTESIAN_POINT('Origin',(37.2,53.5,16.8));
#8954=CARTESIAN_POINT('',(36.2,34.5,16.8));
#8955=CARTESIAN_POINT('',(36.2,4.,16.8));
#8956=CARTESIAN_POINT('',(38.2,34.5,16.8));
#8957=CARTESIAN_POINT('Origin',(37.2,34.5,16.8));
#8958=CARTESIAN_POINT('',(38.2,4.,16.8));
#8959=CARTESIAN_POINT('Origin',(0.,0.,16.8));
#8960=CARTESIAN_POINT('',(42.2,54.8765246170202,16.8));
#8961=CARTESIAN_POINT('',(40.2,54.8765246170202,16.8));
#8962=CARTESIAN_POINT('Origin',(41.2,54.8765246170202,16.8));
#8963=CARTESIAN_POINT('',(40.2,33.1234753829798,16.8));
#8964=CARTESIAN_POINT('',(40.2,4.,16.8));
#8965=CARTESIAN_POINT('',(42.2,33.1234753829798,16.8));
#8966=CARTESIAN_POINT('Origin',(41.2,33.1234753829798,16.8));
#8967=CARTESIAN_POINT('',(42.2,4.,16.8));
#8968=CARTESIAN_POINT('Origin',(37.2,60.,16.8));
#8969=CARTESIAN_POINT('',(36.1,60.,16.8));
#8970=CARTESIAN_POINT('Origin',(37.2,60.,16.8));
#8971=CARTESIAN_POINT('Origin',(74.7,39.,-3.5));
#8972=CARTESIAN_POINT('',(74.7,40.,-3.5));
#8973=CARTESIAN_POINT('',(74.7,47.4,-3.5));
#8974=CARTESIAN_POINT('',(74.7,39.,-3.5));
#8975=CARTESIAN_POINT('',(75.7,48.4,-3.5));
#8976=CARTESIAN_POINT('Origin',(75.7,47.4,-3.5));
#8977=CARTESIAN_POINT('',(83.1,48.4,-3.5));
#8978=CARTESIAN_POINT('',(74.7,48.4,-3.5));
#8979=CARTESIAN_POINT('',(84.1,47.4,-3.5));
#8980=CARTESIAN_POINT('Origin',(83.1,47.4,-3.5));
#8981=CARTESIAN_POINT('',(84.1,40.,-3.5));
#8982=CARTESIAN_POINT('',(84.1,39.,-3.5));
#8983=CARTESIAN_POINT('',(83.1,39.,-3.5));
#8984=CARTESIAN_POINT('Origin',(83.1,40.,-3.5));
#8985=CARTESIAN_POINT('',(75.7,39.,-3.5));
#8986=CARTESIAN_POINT('',(74.7,39.,-3.5));
#8987=CARTESIAN_POINT('Origin',(75.7,40.,-3.5));
#8988=CARTESIAN_POINT('Origin',(69.2,60.,28.8));
#8989=CARTESIAN_POINT('',(68.1,60.,23.8));
#8990=CARTESIAN_POINT('',(68.1,60.,28.8));
#8991=CARTESIAN_POINT('Origin',(69.2,60.,23.8));
#8992=CARTESIAN_POINT('Origin',(73.2,33.1234753829798,16.8));
#8993=CARTESIAN_POINT('',(72.2,33.1234753829798,23.8));
#8994=CARTESIAN_POINT('',(72.2,33.1234753829798,16.8));
#8995=CARTESIAN_POINT('',(74.2,33.1234753829798,23.8));
#8996=CARTESIAN_POINT('Origin',(73.2,33.1234753829798,23.8));
#8997=CARTESIAN_POINT('',(74.2,33.1234753829798,16.8));
#8998=CARTESIAN_POINT('Origin',(74.2,4.,16.8));
#8999=CARTESIAN_POINT('',(74.2,54.8765246170202,23.8));
#9000=CARTESIAN_POINT('',(74.2,54.8765246170202,16.8));
#9001=CARTESIAN_POINT('',(74.2,4.,23.8));
#9002=CARTESIAN_POINT('Origin',(73.2,54.8765246170202,16.8));
#9003=CARTESIAN_POINT('',(72.2,54.8765246170202,23.8));
#9004=CARTESIAN_POINT('Origin',(73.2,54.8765246170202,23.8));
#9005=CARTESIAN_POINT('',(72.2,54.8765246170202,16.8));
#9006=CARTESIAN_POINT('Origin',(72.2,4.,16.8));
#9007=CARTESIAN_POINT('',(72.2,4.,23.8));
#9008=CARTESIAN_POINT('Origin',(69.2,34.5,16.8));
#9009=CARTESIAN_POINT('',(68.2,34.5,23.8));
#9010=CARTESIAN_POINT('',(68.2,34.5,16.8));
#9011=CARTESIAN_POINT('',(70.2,34.5,23.8));
#9012=CARTESIAN_POINT('Origin',(69.2,34.5,23.8));
#9013=CARTESIAN_POINT('',(70.2,34.5,16.8));
#9014=CARTESIAN_POINT('Origin',(70.2,4.,16.8));
#9015=CARTESIAN_POINT('',(70.2,53.5,23.8));
#9016=CARTESIAN_POINT('',(70.2,53.5,16.8));
#9017=CARTESIAN_POINT('',(70.2,4.,23.8));
#9018=CARTESIAN_POINT('Origin',(69.2,53.5,16.8));
#9019=CARTESIAN_POINT('',(68.2,53.5,23.8));
#9020=CARTESIAN_POINT('Origin',(69.2,53.5,23.8));
#9021=CARTESIAN_POINT('',(68.2,53.5,16.8));
#9022=CARTESIAN_POINT('Origin',(68.2,4.,16.8));
#9023=CARTESIAN_POINT('',(68.2,4.,23.8));
#9024=CARTESIAN_POINT('Origin',(65.2,33.1234753829798,16.8));
#9025=CARTESIAN_POINT('',(64.2,33.1234753829798,23.8));
#9026=CARTESIAN_POINT('',(64.2,33.1234753829798,16.8));
#9027=CARTESIAN_POINT('',(66.2,33.1234753829798,23.8));
#9028=CARTESIAN_POINT('Origin',(65.2,33.1234753829798,23.8));
#9029=CARTESIAN_POINT('',(66.2,33.1234753829798,16.8));
#9030=CARTESIAN_POINT('Origin',(66.2,4.,16.8));
#9031=CARTESIAN_POINT('',(66.2,54.8765246170202,23.8));
#9032=CARTESIAN_POINT('',(66.2,4.,23.8));
#9033=CARTESIAN_POINT('',(66.2,54.8765246170202,16.8));
#9034=CARTESIAN_POINT('Origin',(65.2,54.8765246170202,16.8));
#9035=CARTESIAN_POINT('',(64.2,54.8765246170202,23.8));
#9036=CARTESIAN_POINT('Origin',(65.2,54.8765246170202,23.8));
#9037=CARTESIAN_POINT('',(64.2,54.8765246170202,16.8));
#9038=CARTESIAN_POINT('Origin',(64.2,4.,16.8));
#9039=CARTESIAN_POINT('',(64.2,4.,23.8));
#9040=CARTESIAN_POINT('Origin',(69.2,28.,28.8));
#9041=CARTESIAN_POINT('',(68.1,28.,23.8));
#9042=CARTESIAN_POINT('',(68.1,28.,28.8));
#9043=CARTESIAN_POINT('Origin',(69.2,28.,23.8));
#9044=CARTESIAN_POINT('Origin',(37.2,28.,28.8));
#9045=CARTESIAN_POINT('',(36.1,28.,23.8));
#9046=CARTESIAN_POINT('',(36.1,28.,28.8));
#9047=CARTESIAN_POINT('Origin',(37.2,28.,23.8));
#9048=CARTESIAN_POINT('Origin',(33.2,33.1234753829798,16.8));
#9049=CARTESIAN_POINT('',(32.2,33.1234753829798,23.8));
#9050=CARTESIAN_POINT('',(32.2,33.1234753829798,16.8));
#9051=CARTESIAN_POINT('',(34.2,33.1234753829798,23.8));
#9052=CARTESIAN_POINT('Origin',(33.2,33.1234753829798,23.8));
#9053=CARTESIAN_POINT('',(34.2,33.1234753829798,16.8));
#9054=CARTESIAN_POINT('Origin',(34.2,4.,16.8));
#9055=CARTESIAN_POINT('',(34.2,54.8765246170202,23.8));
#9056=CARTESIAN_POINT('',(34.2,54.8765246170202,16.8));
#9057=CARTESIAN_POINT('',(34.2,4.,23.8));
#9058=CARTESIAN_POINT('Origin',(33.2,54.8765246170202,16.8));
#9059=CARTESIAN_POINT('',(32.2,54.8765246170202,23.8));
#9060=CARTESIAN_POINT('Origin',(33.2,54.8765246170202,23.8));
#9061=CARTESIAN_POINT('',(32.2,54.8765246170202,16.8));
#9062=CARTESIAN_POINT('Origin',(32.2,4.,16.8));
#9063=CARTESIAN_POINT('',(32.2,4.,23.8));
#9064=CARTESIAN_POINT('Origin',(37.2,34.5,16.8));
#9065=CARTESIAN_POINT('',(36.2,34.5,23.8));
#9066=CARTESIAN_POINT('',(36.2,34.5,16.8));
#9067=CARTESIAN_POINT('',(38.2,34.5,23.8));
#9068=CARTESIAN_POINT('Origin',(37.2,34.5,23.8));
#9069=CARTESIAN_POINT('',(38.2,34.5,16.8));
#9070=CARTESIAN_POINT('Origin',(38.2,4.,16.8));
#9071=CARTESIAN_POINT('',(38.2,53.5,23.8));
#9072=CARTESIAN_POINT('',(38.2,53.5,16.8));
#9073=CARTESIAN_POINT('',(38.2,4.,23.8));
#9074=CARTESIAN_POINT('Origin',(37.2,53.5,16.8));
#9075=CARTESIAN_POINT('',(36.2,53.5,23.8));
#9076=CARTESIAN_POINT('Origin',(37.2,53.5,23.8));
#9077=CARTESIAN_POINT('',(36.2,53.5,16.8));
#9078=CARTESIAN_POINT('Origin',(36.2,4.,16.8));
#9079=CARTESIAN_POINT('',(36.2,4.,23.8));
#9080=CARTESIAN_POINT('Origin',(41.2,33.1234753829798,16.8));
#9081=CARTESIAN_POINT('',(40.2,33.1234753829798,23.8));
#9082=CARTESIAN_POINT('',(40.2,33.1234753829798,16.8));
#9083=CARTESIAN_POINT('',(42.2,33.1234753829798,23.8));
#9084=CARTESIAN_POINT('Origin',(41.2,33.1234753829798,23.8));
#9085=CARTESIAN_POINT('',(42.2,33.1234753829798,16.8));
#9086=CARTESIAN_POINT('Origin',(42.2,4.,16.8));
#9087=CARTESIAN_POINT('',(42.2,54.8765246170202,23.8));
#9088=CARTESIAN_POINT('',(42.2,54.8765246170202,16.8));
#9089=CARTESIAN_POINT('',(42.2,4.,23.8));
#9090=CARTESIAN_POINT('Origin',(41.2,54.8765246170202,16.8));
#9091=CARTESIAN_POINT('',(40.2,54.8765246170202,23.8));
#9092=CARTESIAN_POINT('Origin',(41.2,54.8765246170202,23.8));
#9093=CARTESIAN_POINT('',(40.2,54.8765246170202,16.8));
#9094=CARTESIAN_POINT('Origin',(40.2,4.,16.8));
#9095=CARTESIAN_POINT('',(40.2,4.,23.8));
#9096=CARTESIAN_POINT('Origin',(37.2,60.,28.8));
#9097=CARTESIAN_POINT('',(36.1,60.,23.8));
#9098=CARTESIAN_POINT('',(36.1,60.,28.8));
#9099=CARTESIAN_POINT('Origin',(37.2,60.,23.8));
#9100=CARTESIAN_POINT('Origin',(74.7,39.,3.2));
#9101=CARTESIAN_POINT('',(74.7,47.4,3.2));
#9102=CARTESIAN_POINT('',(74.7,40.,3.2));
#9103=CARTESIAN_POINT('Origin',(75.7,47.4,3.2));
#9104=CARTESIAN_POINT('',(75.7,48.4,3.2));
#9105=CARTESIAN_POINT('Origin',(74.7,48.4,3.2));
#9106=CARTESIAN_POINT('',(83.1,48.4,3.2));
#9107=CARTESIAN_POINT('Origin',(83.1,47.4,3.2));
#9108=CARTESIAN_POINT('',(84.1,47.4,3.2));
#9109=CARTESIAN_POINT('Origin',(84.1,39.,3.2));
#9110=CARTESIAN_POINT('',(84.1,40.,3.2));
#9111=CARTESIAN_POINT('Origin',(83.1,40.,3.2));
#9112=CARTESIAN_POINT('',(83.1,39.,3.2));
#9113=CARTESIAN_POINT('Origin',(74.7,39.,3.2));
#9114=CARTESIAN_POINT('',(75.7,39.,3.2));
#9115=CARTESIAN_POINT('Origin',(75.7,40.,3.2));
#9116=CARTESIAN_POINT('Origin',(62.2,4.,23.8));
#9117=CARTESIAN_POINT('',(64.2,65.1234753829798,23.8));
#9118=CARTESIAN_POINT('',(64.2,84.,23.8));
#9119=CARTESIAN_POINT('',(64.2,4.,23.8));
#9120=CARTESIAN_POINT('',(62.2,84.,23.8));
#9121=CARTESIAN_POINT('',(62.2,84.,23.8));
#9122=CARTESIAN_POINT('',(62.2,4.,23.8));
#9123=CARTESIAN_POINT('',(62.2,4.,23.8));
#9124=CARTESIAN_POINT('',(64.2,4.,23.8));
#9125=CARTESIAN_POINT('',(62.2,4.,23.8));
#9126=CARTESIAN_POINT('',(64.2,22.8765246170202,23.8));
#9127=CARTESIAN_POINT('',(64.2,4.,23.8));
#9128=CARTESIAN_POINT('',(66.2,22.8765246170202,23.8));
#9129=CARTESIAN_POINT('Origin',(65.2,22.8765246170202,23.8));
#9130=CARTESIAN_POINT('',(66.2,4.,23.8));
#9131=CARTESIAN_POINT('',(66.2,4.,23.8));
#9132=CARTESIAN_POINT('',(68.2,4.,23.8));
#9133=CARTESIAN_POINT('',(64.2,4.,23.8));
#9134=CARTESIAN_POINT('',(68.2,21.5,23.8));
#9135=CARTESIAN_POINT('',(68.2,4.,23.8));
#9136=CARTESIAN_POINT('',(70.2,21.5,23.8));
#9137=CARTESIAN_POINT('Origin',(69.2,21.5,23.8));
#9138=CARTESIAN_POINT('',(70.2,4.,23.8));
#9139=CARTESIAN_POINT('',(70.2,4.,23.8));
#9140=CARTESIAN_POINT('',(72.2,4.,23.8));
#9141=CARTESIAN_POINT('',(66.2,4.,23.8));
#9142=CARTESIAN_POINT('',(72.2,22.8765246170202,23.8));
#9143=CARTESIAN_POINT('',(72.2,4.,23.8));
#9144=CARTESIAN_POINT('',(74.2,22.8765246170202,23.8));
#9145=CARTESIAN_POINT('Origin',(73.2,22.8765246170202,23.8));
#9146=CARTESIAN_POINT('',(74.2,4.,23.8));
#9147=CARTESIAN_POINT('',(74.2,4.,23.8));
#9148=CARTESIAN_POINT('',(76.2,4.,23.8));
#9149=CARTESIAN_POINT('',(68.2,4.,23.8));
#9150=CARTESIAN_POINT('',(76.2,84.,23.8));
#9151=CARTESIAN_POINT('',(76.2,4.,23.8));
#9152=CARTESIAN_POINT('',(74.2,84.,23.8));
#9153=CARTESIAN_POINT('',(68.2,84.,23.8));
#9154=CARTESIAN_POINT('',(74.2,65.1234753829798,23.8));
#9155=CARTESIAN_POINT('',(74.2,4.,23.8));
#9156=CARTESIAN_POINT('',(72.2,65.1234753829798,23.8));
#9157=CARTESIAN_POINT('Origin',(73.2,65.1234753829798,23.8));
#9158=CARTESIAN_POINT('',(72.2,84.,23.8));
#9159=CARTESIAN_POINT('',(72.2,4.,23.8));
#9160=CARTESIAN_POINT('',(70.2,84.,23.8));
#9161=CARTESIAN_POINT('',(66.2,84.,23.8));
#9162=CARTESIAN_POINT('',(70.2,66.5,23.8));
#9163=CARTESIAN_POINT('',(70.2,4.,23.8));
#9164=CARTESIAN_POINT('',(68.2,66.5,23.8));
#9165=CARTESIAN_POINT('Origin',(69.2,66.5,23.8));
#9166=CARTESIAN_POINT('',(68.2,84.,23.8));
#9167=CARTESIAN_POINT('',(68.2,4.,23.8));
#9168=CARTESIAN_POINT('',(66.2,84.,23.8));
#9169=CARTESIAN_POINT('',(64.2,84.,23.8));
#9170=CARTESIAN_POINT('',(66.2,65.1234753829798,23.8));
#9171=CARTESIAN_POINT('',(66.2,4.,23.8));
#9172=CARTESIAN_POINT('Origin',(65.2,65.1234753829798,23.8));
#9173=CARTESIAN_POINT('Origin',(98.2,4.,23.8));
#9174=CARTESIAN_POINT('',(100.2,6.13247516529062,23.8));
#9175=CARTESIAN_POINT('',(99.75,5.,23.8));
#9176=CARTESIAN_POINT('Origin',(101.4,5.,23.8));
#9177=CARTESIAN_POINT('',(100.2,81.8675248347094,23.8));
#9178=CARTESIAN_POINT('',(100.2,4.,23.8));
#9179=CARTESIAN_POINT('',(99.75,83.,23.8));
#9180=CARTESIAN_POINT('Origin',(101.4,83.,23.8));
#9181=CARTESIAN_POINT('',(100.087559525159,84.,23.8));
#9182=CARTESIAN_POINT('Origin',(101.4,83.,23.8));
#9183=CARTESIAN_POINT('',(98.2,84.,23.8));
#9184=CARTESIAN_POINT('',(98.2,84.,23.8));
#9185=CARTESIAN_POINT('',(98.2,4.,23.8));
#9186=CARTESIAN_POINT('',(98.2,4.,23.8));
#9187=CARTESIAN_POINT('',(100.087559525159,4.,23.8));
#9188=CARTESIAN_POINT('',(98.2,4.,23.8));
#9189=CARTESIAN_POINT('Origin',(101.4,5.,23.8));
#9190=CARTESIAN_POINT('Origin',(94.2,4.,23.8));
#9191=CARTESIAN_POINT('',(94.2,4.,23.8));
#9192=CARTESIAN_POINT('',(94.2,84.,23.8));
#9193=CARTESIAN_POINT('',(94.2,4.,23.8));
#9194=CARTESIAN_POINT('',(96.2,4.,23.8));
#9195=CARTESIAN_POINT('',(94.2,4.,23.8));
#9196=CARTESIAN_POINT('',(96.2,84.,23.8));
#9197=CARTESIAN_POINT('',(96.2,4.,23.8));
#9198=CARTESIAN_POINT('',(94.2,84.,23.8));
#9199=CARTESIAN_POINT('Origin',(90.2,4.,23.8));
#9200=CARTESIAN_POINT('',(90.2,4.,23.8));
#9201=CARTESIAN_POINT('',(90.2,84.,23.8));
#9202=CARTESIAN_POINT('',(90.2,4.,23.8));
#9203=CARTESIAN_POINT('',(92.2,4.,23.8));
#9204=CARTESIAN_POINT('',(90.2,4.,23.8));
#9205=CARTESIAN_POINT('',(92.2,84.,23.8));
#9206=CARTESIAN_POINT('',(92.2,4.,23.8));
#9207=CARTESIAN_POINT('',(90.2,84.,23.8));
#9208=CARTESIAN_POINT('Origin',(86.2,4.,23.8));
#9209=CARTESIAN_POINT('',(86.2,4.,23.8));
#9210=CARTESIAN_POINT('',(86.2,84.,23.8));
#9211=CARTESIAN_POINT('',(86.2,4.,23.8));
#9212=CARTESIAN_POINT('',(88.2,4.,23.8));
#9213=CARTESIAN_POINT('',(86.2,4.,23.8));
#9214=CARTESIAN_POINT('',(88.2,84.,23.8));
#9215=CARTESIAN_POINT('',(88.2,4.,23.8));
#9216=CARTESIAN_POINT('',(86.2,84.,23.8));
#9217=CARTESIAN_POINT('Origin',(82.2,4.,23.8));
#9218=CARTESIAN_POINT('',(82.2,4.,23.8));
#9219=CARTESIAN_POINT('',(82.2,84.,23.8));
#9220=CARTESIAN_POINT('',(82.2,4.,23.8));
#9221=CARTESIAN_POINT('',(84.2,4.,23.8));
#9222=CARTESIAN_POINT('',(82.2,4.,23.8));
#9223=CARTESIAN_POINT('',(84.2,84.,23.8));
#9224=CARTESIAN_POINT('',(84.2,4.,23.8));
#9225=CARTESIAN_POINT('',(82.2,84.,23.8));
#9226=CARTESIAN_POINT('Origin',(78.2,4.,23.8));
#9227=CARTESIAN_POINT('',(78.2,4.,23.8));
#9228=CARTESIAN_POINT('',(78.2,84.,23.8));
#9229=CARTESIAN_POINT('',(78.2,4.,23.8));
#9230=CARTESIAN_POINT('',(80.2,4.,23.8));
#9231=CARTESIAN_POINT('',(78.2,4.,23.8));
#9232=CARTESIAN_POINT('',(80.2,84.,23.8));
#9233=CARTESIAN_POINT('',(80.2,4.,23.8));
#9234=CARTESIAN_POINT('',(78.2,84.,23.8));
#9235=CARTESIAN_POINT('Origin',(58.2,4.,23.8));
#9236=CARTESIAN_POINT('',(58.2,4.,23.8));
#9237=CARTESIAN_POINT('',(58.2,84.,23.8));
#9238=CARTESIAN_POINT('',(58.2,4.,23.8));
#9239=CARTESIAN_POINT('',(60.2,4.,23.8));
#9240=CARTESIAN_POINT('',(58.2,4.,23.8));
#9241=CARTESIAN_POINT('',(60.2,84.,23.8));
#9242=CARTESIAN_POINT('',(60.2,4.,23.8));
#9243=CARTESIAN_POINT('',(58.2,84.,23.8));
#9244=CARTESIAN_POINT('Origin',(46.2,4.,23.8));
#9245=CARTESIAN_POINT('',(46.2,4.,23.8));
#9246=CARTESIAN_POINT('',(46.2,84.,23.8));
#9247=CARTESIAN_POINT('',(46.2,4.,23.8));
#9248=CARTESIAN_POINT('',(48.2,4.,23.8));
#9249=CARTESIAN_POINT('',(46.2,4.,23.8));
#9250=CARTESIAN_POINT('',(48.2,84.,23.8));
#9251=CARTESIAN_POINT('',(48.2,4.,23.8));
#9252=CARTESIAN_POINT('',(46.2,84.,23.8));
#9253=CARTESIAN_POINT('Origin',(26.2,4.,23.8));
#9254=CARTESIAN_POINT('',(26.2,4.,23.8));
#9255=CARTESIAN_POINT('',(26.2,84.,23.8));
#9256=CARTESIAN_POINT('',(26.2,4.,23.8));
#9257=CARTESIAN_POINT('',(28.2,4.,23.8));
#9258=CARTESIAN_POINT('',(26.2,4.,23.8));
#9259=CARTESIAN_POINT('',(28.2,84.,23.8));
#9260=CARTESIAN_POINT('',(28.2,4.,23.8));
#9261=CARTESIAN_POINT('',(26.2,84.,23.8));
#9262=CARTESIAN_POINT('Origin',(22.2,4.,23.8));
#9263=CARTESIAN_POINT('',(22.2,4.,23.8));
#9264=CARTESIAN_POINT('',(22.2,84.,23.8));
#9265=CARTESIAN_POINT('',(22.2,4.,23.8));
#9266=CARTESIAN_POINT('',(24.2,4.,23.8));
#9267=CARTESIAN_POINT('',(22.2,4.,23.8));
#9268=CARTESIAN_POINT('',(24.2,84.,23.8));
#9269=CARTESIAN_POINT('',(24.2,4.,23.8));
#9270=CARTESIAN_POINT('',(22.2,84.,23.8));
#9271=CARTESIAN_POINT('Origin',(18.2,4.,23.8));
#9272=CARTESIAN_POINT('',(18.2,4.,23.8));
#9273=CARTESIAN_POINT('',(18.2,84.,23.8));
#9274=CARTESIAN_POINT('',(18.2,4.,23.8));
#9275=CARTESIAN_POINT('',(20.2,4.,23.8));
#9276=CARTESIAN_POINT('',(18.2,4.,23.8));
#9277=CARTESIAN_POINT('',(20.2,84.,23.8));
#9278=CARTESIAN_POINT('',(20.2,4.,23.8));
#9279=CARTESIAN_POINT('',(18.2,84.,23.8));
#9280=CARTESIAN_POINT('Origin',(14.2,4.,23.8));
#9281=CARTESIAN_POINT('',(14.2,4.,23.8));
#9282=CARTESIAN_POINT('',(14.2,84.,23.8));
#9283=CARTESIAN_POINT('',(14.2,4.,23.8));
#9284=CARTESIAN_POINT('',(16.2,4.,23.8));
#9285=CARTESIAN_POINT('',(14.2,4.,23.8));
#9286=CARTESIAN_POINT('',(16.2,84.,23.8));
#9287=CARTESIAN_POINT('',(16.2,4.,23.8));
#9288=CARTESIAN_POINT('',(14.2,84.,23.8));
#9289=CARTESIAN_POINT('Origin',(10.2,4.,23.8));
#9290=CARTESIAN_POINT('',(10.2,4.,23.8));
#9291=CARTESIAN_POINT('',(10.2,84.,23.8));
#9292=CARTESIAN_POINT('',(10.2,4.,23.8));
#9293=CARTESIAN_POINT('',(12.2,4.,23.8));
#9294=CARTESIAN_POINT('',(10.2,4.,23.8));
#9295=CARTESIAN_POINT('',(12.2,84.,23.8));
#9296=CARTESIAN_POINT('',(12.2,4.,23.8));
#9297=CARTESIAN_POINT('',(10.2,84.,23.8));
#9298=CARTESIAN_POINT('Origin',(30.2,4.,23.8));
#9299=CARTESIAN_POINT('',(34.2,4.,23.8));
#9300=CARTESIAN_POINT('',(34.2,22.8765246170202,23.8));
#9301=CARTESIAN_POINT('',(34.2,4.,23.8));
#9302=CARTESIAN_POINT('',(36.2,4.,23.8));
#9303=CARTESIAN_POINT('',(32.2,4.,23.8));
#9304=CARTESIAN_POINT('',(36.2,21.5,23.8));
#9305=CARTESIAN_POINT('',(36.2,4.,23.8));
#9306=CARTESIAN_POINT('',(38.2,21.5,23.8));
#9307=CARTESIAN_POINT('Origin',(37.2,21.5,23.8));
#9308=CARTESIAN_POINT('',(38.2,4.,23.8));
#9309=CARTESIAN_POINT('',(38.2,4.,23.8));
#9310=CARTESIAN_POINT('',(40.2,4.,23.8));
#9311=CARTESIAN_POINT('',(34.2,4.,23.8));
#9312=CARTESIAN_POINT('',(40.2,22.8765246170202,23.8));
#9313=CARTESIAN_POINT('',(40.2,4.,23.8));
#9314=CARTESIAN_POINT('',(42.2,22.8765246170202,23.8));
#9315=CARTESIAN_POINT('Origin',(41.2,22.8765246170202,23.8));
#9316=CARTESIAN_POINT('',(42.2,4.,23.8));
#9317=CARTESIAN_POINT('',(42.2,4.,23.8));
#9318=CARTESIAN_POINT('',(44.2,4.,23.8));
#9319=CARTESIAN_POINT('',(36.2,4.,23.8));
#9320=CARTESIAN_POINT('',(44.2,84.,23.8));
#9321=CARTESIAN_POINT('',(44.2,4.,23.8));
#9322=CARTESIAN_POINT('',(42.2,84.,23.8));
#9323=CARTESIAN_POINT('',(36.2,84.,23.8));
#9324=CARTESIAN_POINT('',(42.2,65.1234753829798,23.8));
#9325=CARTESIAN_POINT('',(42.2,4.,23.8));
#9326=CARTESIAN_POINT('',(40.2,65.1234753829798,23.8));
#9327=CARTESIAN_POINT('Origin',(41.2,65.1234753829798,23.8));
#9328=CARTESIAN_POINT('',(40.2,84.,23.8));
#9329=CARTESIAN_POINT('',(40.2,4.,23.8));
#9330=CARTESIAN_POINT('',(38.2,84.,23.8));
#9331=CARTESIAN_POINT('',(34.2,84.,23.8));
#9332=CARTESIAN_POINT('',(38.2,66.5,23.8));
#9333=CARTESIAN_POINT('',(38.2,4.,23.8));
#9334=CARTESIAN_POINT('',(36.2,66.5,23.8));
#9335=CARTESIAN_POINT('Origin',(37.2,66.5,23.8));
#9336=CARTESIAN_POINT('',(36.2,84.,23.8));
#9337=CARTESIAN_POINT('',(36.2,4.,23.8));
#9338=CARTESIAN_POINT('',(34.2,84.,23.8));
#9339=CARTESIAN_POINT('',(32.2,84.,23.8));
#9340=CARTESIAN_POINT('',(34.2,65.1234753829798,23.8));
#9341=CARTESIAN_POINT('',(34.2,4.,23.8));
#9342=CARTESIAN_POINT('',(32.2,65.1234753829798,23.8));
#9343=CARTESIAN_POINT('Origin',(33.2,65.1234753829798,23.8));
#9344=CARTESIAN_POINT('',(32.2,84.,23.8));
#9345=CARTESIAN_POINT('',(32.2,4.,23.8));
#9346=CARTESIAN_POINT('',(30.2,84.,23.8));
#9347=CARTESIAN_POINT('',(30.2,84.,23.8));
#9348=CARTESIAN_POINT('',(30.2,4.,23.8));
#9349=CARTESIAN_POINT('',(30.2,4.,23.8));
#9350=CARTESIAN_POINT('',(32.2,4.,23.8));
#9351=CARTESIAN_POINT('',(30.2,4.,23.8));
#9352=CARTESIAN_POINT('',(32.2,22.8765246170202,23.8));
#9353=CARTESIAN_POINT('',(32.2,4.,23.8));
#9354=CARTESIAN_POINT('Origin',(33.2,22.8765246170202,23.8));
#9355=CARTESIAN_POINT('Origin',(106.4,16.,8.2));
#9356=CARTESIAN_POINT('',(116.4,12.825,8.2));
#9357=CARTESIAN_POINT('',(106.4,12.825,8.2));
#9358=CARTESIAN_POINT('Origin',(116.4,16.,8.2));
#9359=CARTESIAN_POINT('Origin',(106.4,32.,8.2));
#9360=CARTESIAN_POINT('',(116.4,28.825,8.2));
#9361=CARTESIAN_POINT('',(106.4,28.825,8.2));
#9362=CARTESIAN_POINT('Origin',(116.4,32.,8.2));
#9363=CARTESIAN_POINT('Origin',(106.4,9.00000000000002,1.));
#9364=CARTESIAN_POINT('',(116.4,5.82500000000002,1.));
#9365=CARTESIAN_POINT('',(106.4,5.82500000000002,1.));
#9366=CARTESIAN_POINT('Origin',(116.4,9.00000000000002,1.));
#9367=CARTESIAN_POINT('Origin',(106.4,24.,1.));
#9368=CARTESIAN_POINT('',(116.4,20.825,1.));
#9369=CARTESIAN_POINT('',(106.4,20.825,1.));
#9370=CARTESIAN_POINT('Origin',(116.4,24.,1.));
#9371=CARTESIAN_POINT('Origin',(106.4,40.,1.));
#9372=CARTESIAN_POINT('',(116.4,36.825,1.));
#9373=CARTESIAN_POINT('',(106.4,36.825,1.));
#9374=CARTESIAN_POINT('Origin',(116.4,40.,1.));
#9375=CARTESIAN_POINT('Origin',(106.4,48.,8.2));
#9376=CARTESIAN_POINT('',(116.4,44.825,8.2));
#9377=CARTESIAN_POINT('',(106.4,44.825,8.2));
#9378=CARTESIAN_POINT('Origin',(116.4,48.,8.2));
#9379=CARTESIAN_POINT('Origin',(106.4,64.,8.2));
#9380=CARTESIAN_POINT('',(116.4,60.825,8.2));
#9381=CARTESIAN_POINT('',(106.4,60.825,8.2));
#9382=CARTESIAN_POINT('Origin',(116.4,64.,8.2));
#9383=CARTESIAN_POINT('Origin',(106.4,79.,8.2));
#9384=CARTESIAN_POINT('',(116.4,75.825,8.2));
#9385=CARTESIAN_POINT('',(106.4,75.825,8.2));
#9386=CARTESIAN_POINT('Origin',(116.4,79.,8.2));
#9387=CARTESIAN_POINT('Origin',(106.4,56.,1.));
#9388=CARTESIAN_POINT('',(116.4,52.825,1.));
#9389=CARTESIAN_POINT('',(106.4,52.825,1.));
#9390=CARTESIAN_POINT('Origin',(116.4,56.,1.));
#9391=CARTESIAN_POINT('Origin',(106.4,72.,1.));
#9392=CARTESIAN_POINT('',(116.4,68.825,1.));
#9393=CARTESIAN_POINT('',(106.4,68.825,1.));
#9394=CARTESIAN_POINT('Origin',(116.4,72.,1.));
#9395=CARTESIAN_POINT('Origin',(33.1000000000009,44.0000000000013,-0.599999999999912));
#9396=CARTESIAN_POINT('',(43.7589253613258,29.2001237808659,-0.599999999999912));
#9397=CARTESIAN_POINT('',(42.7589253613258,30.2001237808659,-0.599999999999912));
#9398=CARTESIAN_POINT('Origin',(42.7589253613258,29.2001237808659,-0.599999999999914));
#9399=CARTESIAN_POINT('',(43.7589253613258,24.2001237808659,-0.599999999999913));
#9400=CARTESIAN_POINT('',(43.7589253613258,37.9230618904336,-0.599999999999911));
#9401=CARTESIAN_POINT('',(42.7589253613258,23.2001237808659,-0.599999999999914));
#9402=CARTESIAN_POINT('Origin',(42.7589253613258,24.2001237808659,-0.599999999999914));
#9403=CARTESIAN_POINT('',(37.7589253613258,23.2001237808659,-0.599999999999914));
#9404=CARTESIAN_POINT('',(42.2794626806634,23.2001237808659,-0.599999999999914));
#9405=CARTESIAN_POINT('',(36.7589253613258,24.2001237808659,-0.599999999999915));
#9406=CARTESIAN_POINT('Origin',(37.7589253613258,24.2001237808659,-0.599999999999914));
#9407=CARTESIAN_POINT('',(36.7589253613258,29.2001237808659,-0.599999999999914));
#9408=CARTESIAN_POINT('',(36.7589253613258,34.4230618904336,-0.599999999999913));
#9409=CARTESIAN_POINT('',(37.7589253613258,30.2001237808659,-0.599999999999913));
#9410=CARTESIAN_POINT('Origin',(37.7589253613258,29.2001237808659,-0.599999999999914));
#9411=CARTESIAN_POINT('',(38.7794626806634,30.2001237808659,-0.599999999999913));
#9412=CARTESIAN_POINT('Origin',(66.2,4.,16.8));
#9413=CARTESIAN_POINT('',(68.2,4.,16.8));
#9414=CARTESIAN_POINT('',(66.2,4.,16.8));
#9415=CARTESIAN_POINT('Origin',(68.2,4.,16.8));
#9416=CARTESIAN_POINT('',(68.2,21.5,16.8));
#9417=CARTESIAN_POINT('Origin',(69.2,21.5,16.8));
#9418=CARTESIAN_POINT('',(70.2,21.5,16.8));
#9419=CARTESIAN_POINT('Origin',(70.2,4.,16.8));
#9420=CARTESIAN_POINT('',(70.2,4.,16.8));
#9421=CARTESIAN_POINT('Origin',(70.2,4.,16.8));
#9422=CARTESIAN_POINT('',(72.2,4.,16.8));
#9423=CARTESIAN_POINT('Origin',(72.2,4.,16.8));
#9424=CARTESIAN_POINT('',(72.2,22.8765246170202,16.8));
#9425=CARTESIAN_POINT('Origin',(73.2,22.8765246170202,16.8));
#9426=CARTESIAN_POINT('',(74.2,22.8765246170202,16.8));
#9427=CARTESIAN_POINT('Origin',(74.2,4.,16.8));
#9428=CARTESIAN_POINT('',(74.2,4.,16.8));
#9429=CARTESIAN_POINT('Origin',(74.2,4.,16.8));
#9430=CARTESIAN_POINT('',(76.2,4.,16.8));
#9431=CARTESIAN_POINT('Origin',(76.2,4.,16.8));
#9432=CARTESIAN_POINT('',(76.2,84.,16.8));
#9433=CARTESIAN_POINT('Origin',(74.2,84.,16.8));
#9434=CARTESIAN_POINT('',(74.2,84.,16.8));
#9435=CARTESIAN_POINT('Origin',(74.2,4.,16.8));
#9436=CARTESIAN_POINT('',(74.2,65.1234753829798,16.8));
#9437=CARTESIAN_POINT('Origin',(73.2,65.1234753829798,16.8));
#9438=CARTESIAN_POINT('',(72.2,65.1234753829798,16.8));
#9439=CARTESIAN_POINT('Origin',(72.2,4.,16.8));
#9440=CARTESIAN_POINT('',(72.2,84.,16.8));
#9441=CARTESIAN_POINT('Origin',(70.2,84.,16.8));
#9442=CARTESIAN_POINT('',(70.2,84.,16.8));
#9443=CARTESIAN_POINT('Origin',(70.2,4.,16.8));
#9444=CARTESIAN_POINT('',(70.2,66.5,16.8));
#9445=CARTESIAN_POINT('Origin',(69.2,66.5,16.8));
#9446=CARTESIAN_POINT('',(68.2,66.5,16.8));
#9447=CARTESIAN_POINT('Origin',(68.2,4.,16.8));
#9448=CARTESIAN_POINT('',(68.2,84.,16.8));
#9449=CARTESIAN_POINT('Origin',(66.2,84.,16.8));
#9450=CARTESIAN_POINT('',(66.2,84.,16.8));
#9451=CARTESIAN_POINT('Origin',(66.2,4.,16.8));
#9452=CARTESIAN_POINT('',(66.2,65.1234753829798,16.8));
#9453=CARTESIAN_POINT('Origin',(65.2,65.1234753829798,16.8));
#9454=CARTESIAN_POINT('',(64.2,65.1234753829798,16.8));
#9455=CARTESIAN_POINT('Origin',(64.2,4.,16.8));
#9456=CARTESIAN_POINT('',(64.2,84.,16.8));
#9457=CARTESIAN_POINT('Origin',(62.2,84.,16.8));
#9458=CARTESIAN_POINT('',(62.2,84.,16.8));
#9459=CARTESIAN_POINT('Origin',(62.2,4.,16.8));
#9460=CARTESIAN_POINT('',(62.2,4.,16.8));
#9461=CARTESIAN_POINT('Origin',(62.2,4.,16.8));
#9462=CARTESIAN_POINT('',(64.2,4.,16.8));
#9463=CARTESIAN_POINT('Origin',(64.2,4.,16.8));
#9464=CARTESIAN_POINT('',(64.2,22.8765246170202,16.8));
#9465=CARTESIAN_POINT('Origin',(65.2,22.8765246170202,16.8));
#9466=CARTESIAN_POINT('',(66.2,22.8765246170202,16.8));
#9467=CARTESIAN_POINT('Origin',(66.2,4.,16.8));
#9468=CARTESIAN_POINT('Origin',(100.2,4.,16.8));
#9469=CARTESIAN_POINT('',(100.2,6.13247516529062,0.));
#9470=CARTESIAN_POINT('',(100.2,81.8675248347094,0.));
#9471=CARTESIAN_POINT('Origin',(101.4,83.,0.));
#9472=CARTESIAN_POINT('',(99.75,83.,0.));
#9473=CARTESIAN_POINT('',(100.087559525159,84.,0.));
#9474=CARTESIAN_POINT('Origin',(98.2,84.,16.8));
#9475=CARTESIAN_POINT('',(98.2,84.,16.8));
#9476=CARTESIAN_POINT('Origin',(98.2,4.,16.8));
#9477=CARTESIAN_POINT('',(98.2,4.,16.8));
#9478=CARTESIAN_POINT('Origin',(98.2,4.,16.8));
#9479=CARTESIAN_POINT('',(100.087559525159,4.,0.));
#9480=CARTESIAN_POINT('Origin',(101.4,5.,0.));
#9481=CARTESIAN_POINT('',(99.75,5.,0.));
#9482=CARTESIAN_POINT('Origin',(96.2,4.,16.8));
#9483=CARTESIAN_POINT('',(96.2,4.,16.8));
#9484=CARTESIAN_POINT('',(96.2,84.,16.8));
#9485=CARTESIAN_POINT('Origin',(94.2,84.,16.8));
#9486=CARTESIAN_POINT('',(94.2,84.,16.8));
#9487=CARTESIAN_POINT('Origin',(94.2,4.,16.8));
#9488=CARTESIAN_POINT('',(94.2,4.,16.8));
#9489=CARTESIAN_POINT('Origin',(94.2,4.,16.8));
#9490=CARTESIAN_POINT('Origin',(92.2,4.,16.8));
#9491=CARTESIAN_POINT('',(92.2,4.,16.8));
#9492=CARTESIAN_POINT('',(92.2,84.,16.8));
#9493=CARTESIAN_POINT('Origin',(90.2,84.,16.8));
#9494=CARTESIAN_POINT('',(90.2,84.,16.8));
#9495=CARTESIAN_POINT('Origin',(90.2,4.,16.8));
#9496=CARTESIAN_POINT('',(90.2,4.,16.8));
#9497=CARTESIAN_POINT('Origin',(90.2,4.,16.8));
#9498=CARTESIAN_POINT('Origin',(88.2,4.,16.8));
#9499=CARTESIAN_POINT('',(88.2,4.,16.8));
#9500=CARTESIAN_POINT('',(88.2,84.,16.8));
#9501=CARTESIAN_POINT('Origin',(86.2,84.,16.8));
#9502=CARTESIAN_POINT('',(86.2,84.,16.8));
#9503=CARTESIAN_POINT('Origin',(86.2,4.,16.8));
#9504=CARTESIAN_POINT('',(86.2,4.,16.8));
#9505=CARTESIAN_POINT('Origin',(86.2,4.,16.8));
#9506=CARTESIAN_POINT('Origin',(84.2,4.,16.8));
#9507=CARTESIAN_POINT('',(84.2,4.,16.8));
#9508=CARTESIAN_POINT('',(84.2,84.,16.8));
#9509=CARTESIAN_POINT('Origin',(82.2,84.,16.8));
#9510=CARTESIAN_POINT('',(82.2,84.,16.8));
#9511=CARTESIAN_POINT('Origin',(82.2,4.,16.8));
#9512=CARTESIAN_POINT('',(82.2,4.,16.8));
#9513=CARTESIAN_POINT('Origin',(82.2,4.,16.8));
#9514=CARTESIAN_POINT('Origin',(80.2,4.,16.8));
#9515=CARTESIAN_POINT('',(80.2,4.,16.8));
#9516=CARTESIAN_POINT('',(80.2,84.,16.8));
#9517=CARTESIAN_POINT('Origin',(78.2,84.,16.8));
#9518=CARTESIAN_POINT('',(78.2,84.,16.8));
#9519=CARTESIAN_POINT('Origin',(78.2,4.,16.8));
#9520=CARTESIAN_POINT('',(78.2,4.,16.8));
#9521=CARTESIAN_POINT('Origin',(78.2,4.,16.8));
#9522=CARTESIAN_POINT('Origin',(60.2,4.,16.8));
#9523=CARTESIAN_POINT('',(60.2,4.,16.8));
#9524=CARTESIAN_POINT('',(60.2,84.,16.8));
#9525=CARTESIAN_POINT('Origin',(58.2,84.,16.8));
#9526=CARTESIAN_POINT('',(58.2,84.,16.8));
#9527=CARTESIAN_POINT('Origin',(58.2,4.,16.8));
#9528=CARTESIAN_POINT('',(58.2,4.,16.8));
#9529=CARTESIAN_POINT('Origin',(58.2,4.,16.8));
#9530=CARTESIAN_POINT('Origin',(50.2,4.,16.8));
#9531=CARTESIAN_POINT('',(50.2,4.,23.8));
#9532=CARTESIAN_POINT('',(50.2,4.,16.8));
#9533=CARTESIAN_POINT('',(50.2,84.,23.8));
#9534=CARTESIAN_POINT('',(50.2,4.,23.8));
#9535=CARTESIAN_POINT('',(50.2,84.,16.8));
#9536=CARTESIAN_POINT('Origin',(48.2,4.,16.8));
#9537=CARTESIAN_POINT('',(48.2,4.,16.8));
#9538=CARTESIAN_POINT('',(48.2,84.,16.8));
#9539=CARTESIAN_POINT('Origin',(46.2,84.,16.8));
#9540=CARTESIAN_POINT('',(46.2,84.,16.8));
#9541=CARTESIAN_POINT('Origin',(46.2,4.,16.8));
#9542=CARTESIAN_POINT('',(46.2,4.,16.8));
#9543=CARTESIAN_POINT('Origin',(46.2,4.,16.8));
#9544=CARTESIAN_POINT('Origin',(28.2,4.,16.8));
#9545=CARTESIAN_POINT('',(28.2,4.,16.8));
#9546=CARTESIAN_POINT('',(28.2,84.,16.8));
#9547=CARTESIAN_POINT('Origin',(26.2,84.,16.8));
#9548=CARTESIAN_POINT('',(26.2,84.,16.8));
#9549=CARTESIAN_POINT('Origin',(26.2,4.,16.8));
#9550=CARTESIAN_POINT('',(26.2,4.,16.8));
#9551=CARTESIAN_POINT('Origin',(26.2,4.,16.8));
#9552=CARTESIAN_POINT('Origin',(24.2,4.,16.8));
#9553=CARTESIAN_POINT('',(24.2,4.,16.8));
#9554=CARTESIAN_POINT('',(24.2,84.,16.8));
#9555=CARTESIAN_POINT('Origin',(22.2,84.,16.8));
#9556=CARTESIAN_POINT('',(22.2,84.,16.8));
#9557=CARTESIAN_POINT('Origin',(22.2,4.,16.8));
#9558=CARTESIAN_POINT('',(22.2,4.,16.8));
#9559=CARTESIAN_POINT('Origin',(22.2,4.,16.8));
#9560=CARTESIAN_POINT('Origin',(20.2,4.,16.8));
#9561=CARTESIAN_POINT('',(20.2,4.,16.8));
#9562=CARTESIAN_POINT('',(20.2,84.,16.8));
#9563=CARTESIAN_POINT('Origin',(18.2,84.,16.8));
#9564=CARTESIAN_POINT('',(18.2,84.,16.8));
#9565=CARTESIAN_POINT('Origin',(18.2,4.,16.8));
#9566=CARTESIAN_POINT('',(18.2,4.,16.8));
#9567=CARTESIAN_POINT('Origin',(18.2,4.,16.8));
#9568=CARTESIAN_POINT('Origin',(16.2,4.,16.8));
#9569=CARTESIAN_POINT('',(16.2,4.,16.8));
#9570=CARTESIAN_POINT('',(16.2,84.,16.8));
#9571=CARTESIAN_POINT('Origin',(14.2,84.,16.8));
#9572=CARTESIAN_POINT('',(14.2,84.,16.8));
#9573=CARTESIAN_POINT('Origin',(14.2,4.,16.8));
#9574=CARTESIAN_POINT('',(14.2,4.,16.8));
#9575=CARTESIAN_POINT('Origin',(14.2,4.,16.8));
#9576=CARTESIAN_POINT('Origin',(12.2,4.,16.8));
#9577=CARTESIAN_POINT('',(12.2,4.,16.8));
#9578=CARTESIAN_POINT('',(12.2,84.,16.8));
#9579=CARTESIAN_POINT('Origin',(10.2,84.,16.8));
#9580=CARTESIAN_POINT('',(10.2,84.,16.8));
#9581=CARTESIAN_POINT('Origin',(10.2,4.,16.8));
#9582=CARTESIAN_POINT('',(10.2,4.,16.8));
#9583=CARTESIAN_POINT('Origin',(10.2,4.,16.8));
#9584=CARTESIAN_POINT('Origin',(8.2,4.,16.8));
#9585=CARTESIAN_POINT('',(8.2,4.,23.8));
#9586=CARTESIAN_POINT('',(8.2,4.,16.8));
#9587=CARTESIAN_POINT('',(8.2,84.,23.8));
#9588=CARTESIAN_POINT('',(8.2,84.,16.8));
#9589=CARTESIAN_POINT('',(8.2,4.,23.8));
#9590=CARTESIAN_POINT('Origin',(34.2,4.,16.8));
#9591=CARTESIAN_POINT('',(34.2,22.8765246170202,16.8));
#9592=CARTESIAN_POINT('',(34.2,4.,16.8));
#9593=CARTESIAN_POINT('Origin',(34.2,4.,16.8));
#9594=CARTESIAN_POINT('',(36.2,4.,16.8));
#9595=CARTESIAN_POINT('Origin',(36.2,4.,16.8));
#9596=CARTESIAN_POINT('',(36.2,21.5,16.8));
#9597=CARTESIAN_POINT('Origin',(37.2,21.5,16.8));
#9598=CARTESIAN_POINT('',(38.2,21.5,16.8));
#9599=CARTESIAN_POINT('Origin',(38.2,4.,16.8));
#9600=CARTESIAN_POINT('',(38.2,4.,16.8));
#9601=CARTESIAN_POINT('Origin',(38.2,4.,16.8));
#9602=CARTESIAN_POINT('',(40.2,4.,16.8));
#9603=CARTESIAN_POINT('Origin',(40.2,4.,16.8));
#9604=CARTESIAN_POINT('',(40.2,22.8765246170202,16.8));
#9605=CARTESIAN_POINT('Origin',(41.2,22.8765246170202,16.8));
#9606=CARTESIAN_POINT('',(42.2,22.8765246170202,16.8));
#9607=CARTESIAN_POINT('Origin',(42.2,4.,16.8));
#9608=CARTESIAN_POINT('',(42.2,4.,16.8));
#9609=CARTESIAN_POINT('Origin',(42.2,4.,16.8));
#9610=CARTESIAN_POINT('',(44.2,4.,16.8));
#9611=CARTESIAN_POINT('Origin',(44.2,4.,16.8));
#9612=CARTESIAN_POINT('',(44.2,84.,16.8));
#9613=CARTESIAN_POINT('Origin',(42.2,84.,16.8));
#9614=CARTESIAN_POINT('',(42.2,84.,16.8));
#9615=CARTESIAN_POINT('Origin',(42.2,4.,16.8));
#9616=CARTESIAN_POINT('',(42.2,65.1234753829798,16.8));
#9617=CARTESIAN_POINT('Origin',(41.2,65.1234753829798,16.8));
#9618=CARTESIAN_POINT('',(40.2,65.1234753829798,16.8));
#9619=CARTESIAN_POINT('Origin',(40.2,4.,16.8));
#9620=CARTESIAN_POINT('',(40.2,84.,16.8));
#9621=CARTESIAN_POINT('Origin',(38.2,84.,16.8));
#9622=CARTESIAN_POINT('',(38.2,84.,16.8));
#9623=CARTESIAN_POINT('Origin',(38.2,4.,16.8));
#9624=CARTESIAN_POINT('',(38.2,66.5,16.8));
#9625=CARTESIAN_POINT('Origin',(37.2,66.5,16.8));
#9626=CARTESIAN_POINT('',(36.2,66.5,16.8));
#9627=CARTESIAN_POINT('Origin',(36.2,4.,16.8));
#9628=CARTESIAN_POINT('',(36.2,84.,16.8));
#9629=CARTESIAN_POINT('Origin',(34.2,84.,16.8));
#9630=CARTESIAN_POINT('',(34.2,84.,16.8));
#9631=CARTESIAN_POINT('Origin',(34.2,4.,16.8));
#9632=CARTESIAN_POINT('',(34.2,65.1234753829798,16.8));
#9633=CARTESIAN_POINT('Origin',(33.2,65.1234753829798,16.8));
#9634=CARTESIAN_POINT('',(32.2,65.1234753829798,16.8));
#9635=CARTESIAN_POINT('Origin',(32.2,4.,16.8));
#9636=CARTESIAN_POINT('',(32.2,84.,16.8));
#9637=CARTESIAN_POINT('Origin',(30.2,84.,16.8));
#9638=CARTESIAN_POINT('',(30.2,84.,16.8));
#9639=CARTESIAN_POINT('Origin',(30.2,4.,16.8));
#9640=CARTESIAN_POINT('',(30.2,4.,16.8));
#9641=CARTESIAN_POINT('Origin',(30.2,4.,16.8));
#9642=CARTESIAN_POINT('',(32.2,4.,16.8));
#9643=CARTESIAN_POINT('Origin',(32.2,4.,16.8));
#9644=CARTESIAN_POINT('',(32.2,22.8765246170202,16.8));
#9645=CARTESIAN_POINT('Origin',(33.2,22.8765246170202,16.8));
#9646=CARTESIAN_POINT('Origin',(0.,0.,0.));
#9647=CARTESIAN_POINT('',(0.,0.,-5.));
#9648=CARTESIAN_POINT('',(116.4,0.,-5.));
#9649=CARTESIAN_POINT('',(0.,0.,-5.));
#9650=CARTESIAN_POINT('',(116.4,0.,-2.));
#9651=CARTESIAN_POINT('',(0.,0.,0.));
#9652=CARTESIAN_POINT('Origin',(116.4,0.,-4.));
#9653=CARTESIAN_POINT('',(116.4,88.,-5.));
#9654=CARTESIAN_POINT('',(116.4,0.,-5.));
#9655=CARTESIAN_POINT('',(116.4,88.,-2.));
#9656=CARTESIAN_POINT('Origin',(0.,88.,0.));
#9657=CARTESIAN_POINT('',(0.,88.,-5.));
#9658=CARTESIAN_POINT('',(0.,88.,-5.));
#9659=CARTESIAN_POINT('',(0.,88.,0.));
#9660=CARTESIAN_POINT('Origin',(0.,0.,0.));
#9661=CARTESIAN_POINT('',(0.,60.4839745962156,-5.));
#9662=CARTESIAN_POINT('',(0.,62.2160254037845,-5.));
#9663=CARTESIAN_POINT('Origin',(0.,61.35,-4.5));
#9664=CARTESIAN_POINT('',(0.,57.6410254037845,-5.));
#9665=CARTESIAN_POINT('',(0.,0.,-5.));
#9666=CARTESIAN_POINT('',(0.,55.9089745962156,-5.));
#9667=CARTESIAN_POINT('Origin',(0.,56.775,-4.5));
#9668=CARTESIAN_POINT('',(0.,50.05,-5.));
#9669=CARTESIAN_POINT('',(0.,0.,-5.));
#9670=CARTESIAN_POINT('',(0.,50.05,-2.9));
#9671=CARTESIAN_POINT('',(0.,50.05,0.));
#9672=CARTESIAN_POINT('',(0.,37.95,-2.9));
#9673=CARTESIAN_POINT('',(0.,18.5,-2.9));
#9674=CARTESIAN_POINT('',(0.,37.95,-5.));
#9675=CARTESIAN_POINT('',(0.,37.95,0.));
#9676=CARTESIAN_POINT('',(0.,27.85,-5.));
#9677=CARTESIAN_POINT('',(0.,0.,-5.));
#9678=CARTESIAN_POINT('',(0.,27.85,2.5));
#9679=CARTESIAN_POINT('',(0.,27.85,0.));
#9680=CARTESIAN_POINT('',(0.,22.55,2.5));
#9681=CARTESIAN_POINT('',(0.,10.75,2.5));
#9682=CARTESIAN_POINT('',(0.,22.55,-5.));
#9683=CARTESIAN_POINT('',(0.,22.55,0.));
#9684=CARTESIAN_POINT('',(0.,0.,-5.));
#9685=CARTESIAN_POINT('',(0.,0.,-5.));
#9686=CARTESIAN_POINT('',(-4.4314000822157E-31,8.825,1.97399999999998));
#9687=CARTESIAN_POINT('Origin',(-6.0256998285086E-31,12.,1.97399999999998));
#9688=CARTESIAN_POINT('',(-2.5919924418569E-30,68.825,1.97449999999998));
#9689=CARTESIAN_POINT('Origin',(-2.71156492282887E-30,72.,1.97449999999998));
#9690=CARTESIAN_POINT('Origin',(44.4589253613258,30.2001237808659,12.8000000000001));
#9691=CARTESIAN_POINT('',(42.7589253613258,30.2001237808659,12.8000000000001));
#9692=CARTESIAN_POINT('',(37.7589253613258,30.2001237808659,12.8000000000001));
#9693=CARTESIAN_POINT('Origin',(42.7589253613258,29.2001237808659,12.8000000000001));
#9694=CARTESIAN_POINT('',(43.7589253613258,29.2001237808659,12.8000000000001));
#9695=CARTESIAN_POINT('Origin',(43.7589253613258,31.8461237808659,12.8000000000001));
#9696=CARTESIAN_POINT('',(43.7589253613258,24.2001237808659,12.8000000000001));
#9697=CARTESIAN_POINT('Origin',(42.7589253613258,24.2001237808659,12.8000000000001));
#9698=CARTESIAN_POINT('',(42.7589253613258,23.2001237808659,12.8000000000001));
#9699=CARTESIAN_POINT('Origin',(51.4589253613257,23.2001237808659,12.8000000000001));
#9700=CARTESIAN_POINT('',(37.7589253613258,23.2001237808659,12.8000000000001));
#9701=CARTESIAN_POINT('Origin',(37.7589253613258,24.2001237808659,12.8000000000001));
#9702=CARTESIAN_POINT('',(36.7589253613258,24.2001237808659,12.8000000000001));
#9703=CARTESIAN_POINT('Origin',(36.7589253613258,24.8461237808659,12.8000000000001));
#9704=CARTESIAN_POINT('',(36.7589253613258,29.2001237808659,12.8000000000001));
#9705=CARTESIAN_POINT('Origin',(37.7589253613258,29.2001237808659,12.8000000000001));
#9706=CARTESIAN_POINT('Origin',(33.7002167442511,37.2571546806591,12.8000000000001));
#9707=CARTESIAN_POINT('',(33.7002167442511,35.2001546806592,-0.499999999999914));
#9708=CARTESIAN_POINT('',(33.7002167442511,35.2001546806592,12.8000000000001));
#9709=CARTESIAN_POINT('',(33.7002167442511,28.2001546806591,-0.499999999999915));
#9710=CARTESIAN_POINT('',(33.7002167442511,28.2001546806591,12.8000000000001));
#9711=CARTESIAN_POINT('',(33.7002167442511,40.6285773403302,-0.499999999999913));
#9712=CARTESIAN_POINT('Origin',(32.7002167442511,28.2001546806591,12.8000000000001));
#9713=CARTESIAN_POINT('',(32.7002167442511,27.2001546806591,-0.499999999999915));
#9714=CARTESIAN_POINT('Origin',(32.7002167442511,28.2001546806591,-0.499999999999914));
#9715=CARTESIAN_POINT('',(32.7002167442511,27.2001546806591,12.8000000000001));
#9716=CARTESIAN_POINT('Origin',(31.3632167442511,27.2001546806591,12.8000000000001));
#9717=CARTESIAN_POINT('',(25.7002167442511,27.2001546806591,-0.499999999999917));
#9718=CARTESIAN_POINT('',(25.7002167442511,27.2001546806591,12.8000000000001));
#9719=CARTESIAN_POINT('',(32.231608372126,27.2001546806591,-0.499999999999916));
#9720=CARTESIAN_POINT('Origin',(6.2,4.,16.8));
#9721=CARTESIAN_POINT('',(6.31244047484067,4.,23.8));
#9722=CARTESIAN_POINT('',(6.31244047484067,4.,0.));
#9723=CARTESIAN_POINT('',(6.2,4.,23.8));
#9724=CARTESIAN_POINT('Origin',(50.2,4.,16.8));
#9725=CARTESIAN_POINT('',(51.8875595251593,4.,23.8));
#9726=CARTESIAN_POINT('',(51.8875595251593,4.,0.));
#9727=CARTESIAN_POINT('',(50.2,4.,23.8));
#9728=CARTESIAN_POINT('Origin',(54.2,4.,16.8));
#9729=CARTESIAN_POINT('',(54.5124404748407,4.,0.));
#9730=CARTESIAN_POINT('Origin',(6.2,4.,16.8));
#9731=CARTESIAN_POINT('',(6.2,6.13247516529061,23.8));
#9732=CARTESIAN_POINT('',(6.2,6.13247516529061,0.));
#9733=CARTESIAN_POINT('',(6.2,81.8675248347094,23.8));
#9734=CARTESIAN_POINT('',(6.2,4.,23.8));
#9735=CARTESIAN_POINT('',(6.2,81.8675248347094,0.));
#9736=CARTESIAN_POINT('Origin',(6.2,84.,16.8));
#9737=CARTESIAN_POINT('',(6.31244047484067,84.,23.8));
#9738=CARTESIAN_POINT('',(6.31244047484067,84.,0.));
#9739=CARTESIAN_POINT('',(6.2,84.,23.8));
#9740=CARTESIAN_POINT('Origin',(6.2,4.,23.8));
#9741=CARTESIAN_POINT('Origin',(5.,5.,23.8));
#9742=CARTESIAN_POINT('Origin',(5.,83.,23.8));
#9743=CARTESIAN_POINT('Origin',(52.2,4.,16.8));
#9744=CARTESIAN_POINT('',(52.2,6.31244047484067,23.8));
#9745=CARTESIAN_POINT('',(52.2,81.6875595251594,23.8));
#9746=CARTESIAN_POINT('',(52.2,4.,23.8));
#9747=CARTESIAN_POINT('',(52.2,6.31244047484067,0.));
#9748=CARTESIAN_POINT('',(52.2,81.6875595251594,0.));
#9749=CARTESIAN_POINT('Origin',(50.2,4.,23.8));
#9750=CARTESIAN_POINT('',(51.55,5.,23.8));
#9751=CARTESIAN_POINT('Origin',(53.2,5.,23.8));
#9752=CARTESIAN_POINT('Origin',(53.2,5.,23.8));
#9753=CARTESIAN_POINT('',(51.55,83.,23.8));
#9754=CARTESIAN_POINT('Origin',(53.2,83.,23.8));
#9755=CARTESIAN_POINT('',(51.8875595251593,84.,23.8));
#9756=CARTESIAN_POINT('Origin',(53.2,83.,23.8));
#9757=CARTESIAN_POINT('',(50.2,84.,23.8));
#9758=CARTESIAN_POINT('Origin',(50.2,84.,16.8));
#9759=CARTESIAN_POINT('',(51.8875595251593,84.,0.));
#9760=CARTESIAN_POINT('Origin',(-6.0256998285086E-31,12.,1.97399999999998));
#9761=CARTESIAN_POINT('',(-4.4314000822157E-31,8.825,1.97399999999998));
#9762=CARTESIAN_POINT('Origin',(-2.71156492282887E-30,72.,1.97449999999998));
#9763=CARTESIAN_POINT('',(-2.5919924418569E-30,68.825,1.97449999999998));
#9764=CARTESIAN_POINT('Origin',(-0.1,56.775,-4.5));
#9765=CARTESIAN_POINT('',(-0.1,55.9089745962156,-5.));
#9766=CARTESIAN_POINT('',(-0.1,57.6410254037845,-5.));
#9767=CARTESIAN_POINT('Origin',(0.,0.,-5.));
#9768=CARTESIAN_POINT('',(-0.05,50.05,-5.));
#9769=CARTESIAN_POINT('Origin',(-0.1,50.05,0.));
#9770=CARTESIAN_POINT('',(-0.1,50.05,-2.9));
#9771=CARTESIAN_POINT('Origin',(-0.1,37.,-2.9));
#9772=CARTESIAN_POINT('',(-0.1,37.95,-2.9));
#9773=CARTESIAN_POINT('Origin',(-0.1,37.95,0.));
#9774=CARTESIAN_POINT('',(-0.05,37.95,-5.));
#9775=CARTESIAN_POINT('Origin',(0.,0.,-5.));
#9776=CARTESIAN_POINT('',(-0.05,27.85,-5.));
#9777=CARTESIAN_POINT('Origin',(-0.1,27.85,0.));
#9778=CARTESIAN_POINT('',(-0.1,27.85,2.5));
#9779=CARTESIAN_POINT('Origin',(-0.1,21.5,2.5));
#9780=CARTESIAN_POINT('',(-0.1,22.55,2.5));
#9781=CARTESIAN_POINT('Origin',(-0.1,22.55,0.));
#9782=CARTESIAN_POINT('',(-0.05,22.55,-5.));
#9783=CARTESIAN_POINT('Origin',(-0.1,61.35,-4.5));
#9784=CARTESIAN_POINT('',(-0.1,60.4839745962156,-5.));
#9785=CARTESIAN_POINT('',(-0.1,62.2160254037845,-5.));
#9786=CARTESIAN_POINT('Origin',(0.,0.,-5.));
#9787=CARTESIAN_POINT('Origin',(0.,0.,-5.));
#9788=CARTESIAN_POINT('Origin',(25.7002167442511,28.2001546806591,12.8000000000001));
#9789=CARTESIAN_POINT('Origin',(25.7002167442511,28.2001546806591,-0.499999999999916));
#9790=CARTESIAN_POINT('Origin',(19.7,39.7,-3.3));
#9791=CARTESIAN_POINT('',(19.7,40.7,-3.3));
#9792=CARTESIAN_POINT('',(19.7,46.7,-3.3));
#9793=CARTESIAN_POINT('',(19.7,39.7,-3.3));
#9794=CARTESIAN_POINT('Origin',(20.7,46.7,-3.3));
#9795=CARTESIAN_POINT('Origin',(26.7,40.7,-3.3));
#9796=CARTESIAN_POINT('Origin',(20.7,40.7,-3.3));
#9797=CARTESIAN_POINT('Origin',(26.7,40.7,2.));
#9798=CARTESIAN_POINT('Origin',(33.1000000000009,44.0000000000013,-0.499999999999912));
#9799=CARTESIAN_POINT('Origin',(25.7002167442511,35.2001546806592,-0.499999999999914));
#9800=CARTESIAN_POINT('Origin',(32.7002167442511,35.2001546806592,-0.499999999999914));
#9801=CARTESIAN_POINT('Origin',(32.7002167442511,35.2001546806592,12.8000000000001));
#9802=CARTESIAN_POINT('Origin',(25.7002167442511,35.2001546806591,12.8000000000001));
#9803=CARTESIAN_POINT('Origin',(37.7,34.2,2.8));
#9804=CARTESIAN_POINT('Origin',(37.7,34.2,-2.3));
#9805=CARTESIAN_POINT('Origin',(5.,5.,0.));
#9806=CARTESIAN_POINT('',(3.35,5.,0.));
#9807=CARTESIAN_POINT('Origin',(53.2,5.,0.));
#9808=CARTESIAN_POINT('',(51.55,5.,0.));
#9809=CARTESIAN_POINT('Origin',(5.,83.,0.));
#9810=CARTESIAN_POINT('',(3.35,83.,0.));
#9811=CARTESIAN_POINT('Origin',(53.2,83.,0.));
#9812=CARTESIAN_POINT('',(51.55,83.,0.));
#9813=CARTESIAN_POINT('Origin',(25.7002167442511,22.7001237063601,12.8000000000001));
#9814=CARTESIAN_POINT('Origin',(20.7,40.7,2.));
#9815=CARTESIAN_POINT('',(19.7,40.7,2.));
#9816=CARTESIAN_POINT('Origin',(19.7,39.7,2.));
#9817=CARTESIAN_POINT('',(19.7,46.7,2.));
#9818=CARTESIAN_POINT('Origin',(20.7,46.7,2.));
#9819=CARTESIAN_POINT('Origin',(37.7,53.2,2.8));
#9820=CARTESIAN_POINT('Origin',(37.7,53.2,-2.3));
#9821=CARTESIAN_POINT('Origin',(36.2,33.2,-2.3));
#9822=CARTESIAN_POINT('',(207.541078393768,71.1538776496464,2.11362346101632));
#9823=UNCERTAINTY_MEASURE_WITH_UNIT(LENGTH_MEASURE(0.01),#9829,
'DISTANCE_ACCURACY_VALUE',
'Maximum model space distance between geometric entities at asserted c
onnectivities');
#9824=UNCERTAINTY_MEASURE_WITH_UNIT(LENGTH_MEASURE(0.01),#9829,
'DISTANCE_ACCURACY_VALUE',
'Maximum model space distance between geometric entities at asserted c
onnectivities');
#9825=UNCERTAINTY_MEASURE_WITH_UNIT(LENGTH_MEASURE(0.01),#9829,
'DISTANCE_ACCURACY_VALUE',
'Maximum model space distance between geometric entities at asserted c
onnectivities');
#9826=(
GEOMETRIC_REPRESENTATION_CONTEXT(3)
GLOBAL_UNCERTAINTY_ASSIGNED_CONTEXT((#9823))
GLOBAL_UNIT_ASSIGNED_CONTEXT((#9829,#9831,#9832))
REPRESENTATION_CONTEXT('','3D')
);
#9827=(
GEOMETRIC_REPRESENTATION_CONTEXT(3)
GLOBAL_UNCERTAINTY_ASSIGNED_CONTEXT((#9824))
GLOBAL_UNIT_ASSIGNED_CONTEXT((#9829,#9831,#9832))
REPRESENTATION_CONTEXT('','3D')
);
#9828=(
GEOMETRIC_REPRESENTATION_CONTEXT(3)
GLOBAL_UNCERTAINTY_ASSIGNED_CONTEXT((#9825))
GLOBAL_UNIT_ASSIGNED_CONTEXT((#9829,#9831,#9832))
REPRESENTATION_CONTEXT('','3D')
);
#9829=(
LENGTH_UNIT()
NAMED_UNIT(*)
SI_UNIT(.MILLI.,.METRE.)
);
#9830=(
LENGTH_UNIT()
NAMED_UNIT(*)
SI_UNIT($,.METRE.)
);
#9831=(
NAMED_UNIT(*)
PLANE_ANGLE_UNIT()
SI_UNIT($,.RADIAN.)
);
#9832=(
NAMED_UNIT(*)
SI_UNIT($,.STERADIAN.)
SOLID_ANGLE_UNIT()
);
#9833=SHAPE_DEFINITION_REPRESENTATION(#9835,#9838);
#9834=SHAPE_DEFINITION_REPRESENTATION(#9836,#9839);
#9835=PRODUCT_DEFINITION_SHAPE('',$,#9841);
#9836=PRODUCT_DEFINITION_SHAPE('',$,#9842);
#9837=PRODUCT_DEFINITION_SHAPE($,$,#14);
#9838=SHAPE_REPRESENTATION('',(#5941,#6451),#9826);
#9839=SHAPE_REPRESENTATION('',(#5942),#9827);
#9840=PRODUCT_DEFINITION_CONTEXT('part definition',#9848,'design');
#9841=PRODUCT_DEFINITION('top','top',#9843,#9840);
#9842=PRODUCT_DEFINITION('Open CASCADE STEP translator 7.8 2',
'Open CASCADE STEP translator 7.8 2',#9844,#9840);
#9843=PRODUCT_DEFINITION_FORMATION('',$,#9850);
#9844=PRODUCT_DEFINITION_FORMATION('',$,#9851);
#9845=PRODUCT_RELATED_PRODUCT_CATEGORY('top','top',(#9850));
#9846=PRODUCT_RELATED_PRODUCT_CATEGORY(
'Open CASCADE STEP translator 7.8 2',
'Open CASCADE STEP translator 7.8 2',(#9851));
#9847=APPLICATION_PROTOCOL_DEFINITION('international standard',
'automotive_design',2009,#9848);
#9848=APPLICATION_CONTEXT(
'Core Data for Automotive Mechanical Design Process');
#9849=PRODUCT_CONTEXT('part definition',#9848,'mechanical');
#9850=PRODUCT('top','top',$,(#9849));
#9851=PRODUCT('Open CASCADE STEP translator 7.8 2',
'Open CASCADE STEP translator 7.8 2',$,(#9849));
#9852=PRESENTATION_STYLE_ASSIGNMENT((#9854));
#9853=PRESENTATION_STYLE_ASSIGNMENT((#9855));
#9854=SURFACE_STYLE_USAGE(.BOTH.,#9856);
#9855=SURFACE_STYLE_USAGE(.BOTH.,#9857);
#9856=SURFACE_SIDE_STYLE('',(#9858));
#9857=SURFACE_SIDE_STYLE('',(#9859));
#9858=SURFACE_STYLE_FILL_AREA(#9860);
#9859=SURFACE_STYLE_FILL_AREA(#9861);
#9860=FILL_AREA_STYLE('Steel - Satin',(#9862));
#9861=FILL_AREA_STYLE('Generic',(#9863));
#9862=FILL_AREA_STYLE_COLOUR('Steel - Satin',#9864);
#9863=FILL_AREA_STYLE_COLOUR('Generic',#9865);
#9864=COLOUR_RGB('Steel - Satin',0.627450980392157,0.627450980392157,0.627450980392157);
#9865=COLOUR_RGB('Generic',0.,0.,0.);
ENDSEC;
END-ISO-10303-21;
